Workbook

Sheet Финал
A2: Результаты Турнира "5 Элемент", 2 раунд. Финал (12-13.10.2024)
A4: Место | B4: Игровой ник | C4: Сумма баллов | D4: Количество побед | E4: Баллы за победу | F4: Доп. Баллы (с ЛХ и Ci) | G4: Игра 1 | M4: Игра 2 | S4: Игра 3 | Y4: Игра 4 | AE4: Игра 5 | AK4: Игра 6 | AQ4: Игра 7 | AW4: Игра 8 | BC4: Игра 9 | BI4: Игра 10 | BO4: Игра 11 | BU4: Игра 12 | CA4: Игра 13 | CG4: Игра 14 | CM4: Дисциплинарный штраф
G5: Роль | H5: Баллы за победу | I5: Баллы от ведущих | J5: Инфо | K5: ЛХ | L5: Ci | M5: Роль | N5: Баллы за победу | O5: Баллы от ведущих | P5: Инфо | Q5: ЛХ | R5: Ci | S5: Роль | T5: Баллы за победу | U5: Баллы от ведущих | V5: Инфо | W5: ЛХ | X5: Ci | Y5: Роль | Z5: Баллы за победу | AA5: Баллы от ведущих | AB5: Инфо | AC5: ЛХ | AD5: Ci | AE5: Роль | AF5: Баллы за победу | AG5: Баллы от ведущих | AH5: Инфо | AI5: ЛХ | AJ5: Ci | AK5: Роль | AL5: Баллы за победу | AM5: Баллы от ведущих | AN5: Инфо | AO5: ЛХ | AP5: Ci | AQ5: Роль | AR5: Баллы за победу | AS5: Баллы от ведущих | AT5: Инфо | AU5: ЛХ | AV5: Ci | AW5: Роль | AX5: Баллы за победу | AY5: Баллы от ведущих | AZ5: Инфо | BA5: ЛХ | BB5: Ci | BC5: Роль | BD5: Баллы за победу | BE5: Баллы от ведущих | BF5: Инфо | BG5: ЛХ | BH5: Ci | BI5: Роль | BJ5: Баллы за победу | BK5: Баллы от ведущих | BL5: Инфо | BM5: ЛХ | BN5: Ci | BO5: Роль | BP5: Баллы за победу | BQ5: Баллы от ведущих | BR5: Инфо | BS5: ЛХ | BT5: Ci | BU5: Роль | BV5: Баллы за победу | BW5: Баллы от ведущих | BX5: Инфо | BY5: ЛХ | BZ5: Ci | CA5: Роль | CB5: Баллы за победу | CC5: Баллы от ведущих | CD5: Инфо | CE5: ЛХ | CF5: Ci | CG5: Роль | CH5: Баллы за победу | CI5: Баллы от ведущих | CJ5: Инфо | CK5: ЛХ | CL5: Ci
A6: 1 | B6: Тихий Закат | C6: =SUM(H6:CM6) -> 54 | D6: =E6/2.5 -> 5 | E6: =SUM(H6+N6+T6+Z6+AF6+AL6+AR6+AX6+BD6+BJ6+BP6+BV6+CB6+CH6) -> 12.5 | F6: =C6-E6 -> 41.5 | G6: Мирный | H6: 2.5 | I6: 3 | J6: ПУ | M6: Мирный | O6: 3.25 | S6: Шериф | U6: 1.5 | Y6: Мирный | AA6: 4 | AE6: Мирный | AG6: 3.5 | AK6: Шериф | AM6: 2.75 | AN6: ПУ | AP6: 0.5 | AQ6: Мирный | AR6: 2.5 | AS6: 4.75 | AW6: Мирный | AY6: 1.75 | BC6: Мирный | BE6: 1.25 | BI6: Мирный | BK6: 1.5 | BO6: Мирный | BP6: 2.5 | BQ6: 2.25 | BR6: ПУ | BT6: 1 | BU6: Мафия | BV6: 2.5 | BW6: 3.25 | CA6: Мирный | CC6: 3 | CG6: Шериф | CH6: 2.5 | CI6: 4.25
A7: 2 | B7: Чешир | C7: =SUM(H7:CM7) -> 48.5 | D7: =E7/2.5 -> 5 | E7: =SUM(H7+N7+T7+Z7+AF7+AL7+AR7+AX7+BD7+BJ7+BP7+BV7+CB7+CH7) -> 12.5 | F7: =C7-E7 -> 36 | G7: Шериф | H7: 2.5 | I7: 3.5 | M7: Шериф | O7: 1.75 | S7: Мафия | T7: 2.5 | U7: 3.75 | Y7: Мирный | AA7: 3 | AE7: Мирный | AG7: 2.75 | AK7: Мирный | AM7: 3.75 | AN7: У/Проигрыш | AQ7: Мафия | AS7: 0 | AW7: Мирный | AY7: 1.75 | BC7: Мирный | BE7: 1.5 | BI7: Мафия | BJ7: 2.5 | BK7: 3.5 | BO7: Дон | BQ7: 2.25 | BU7: Дон | BV7: 2.5 | BW7: 3.25 | CA7: Дон | CB7: 2.5 | CC7: 3.25 | CG7: Мафия | CI7: 2
A8: 3 | B8: Зверюга | C8: =SUM(H8:CM8) -> 55 | D8: =E8/2.5 -> 6 | E8: =SUM(H8+N8+T8+Z8+AF8+AL8+AR8+AX8+BD8+BJ8+BP8+BV8+CB8+CH8) -> 15 | F8: =C8-E8 -> 40 | G8: Мафия | I8: 2.25 | M8: Дон | N8: 2.5 | O8: 3.25 | S8: Мирный | U8: 3.25 | V8: ПУ | W8: 0.5 | Y8: Мафия | Z8: 2.5 | AA8: 3.5 | AE8: Шериф | AG8: 3.25 | AH8: ПУ | AI8: 0.5 | AJ8: 0.5 | AK8: Мафия | AL8: 2.5 | AM8: 3.25 | AQ8: Дон | AS8: 2 | AW8: Мирный | AY8: 1.75 | BC8: Мирный | BE8: 2 | BI8: Мирный | BK8: 1.75 | BO8: Мирный | BP8: 2.5 | BQ8: 3 | BR8: У/Победа | BU8: Мафия | BV8: 2.5 | BW8: 3.75 | CA8: Мирный | CC8: 2 | CD8: У/Проигрыш | CG8: Мирный | CH8: 2.5 | CI8: 3.5
A9: 4 | B9: Махинатор | C9: =SUM(H9:CM9) -> 51.5 | D9: =E9/2.5 -> 6 | E9: =SUM(H9+N9+T9+Z9+AF9+AL9+AR9+AX9+BD9+BJ9+BP9+BV9+CB9+CH9) -> 15 | F9: =C9-E9 -> 36.5 | G9: Мирный | H9: 2.5 | I9: 4 | M9: Мафия | N9: 2.5 | O9: 2.5 | S9: Мирный | U9: 2.25 | Y9: Мирный | AA9: 2.25 | AB9: ПУ | AC9: 0.5 | AE9: Мафия | AF9: 2.5 | AG9: 2.5 | AK9: Мафия | AL9: 2.5 | AM9: 3 | AQ9: Мафия | AS9: 2.5 | AW9: Мирный | AY9: 1.75 | BC9: Мафия | BD9: 2.5 | BE9: 3.5 | BI9: Мирный | BK9: 2 | BO9: Мафия | BQ9: 2.75 | BR9: У/Проигрыш | BU9: Мирный | BW9: 1 | CA9: Мирный | CC9: 2 | CG9: Мирный | CH9: 2.5 | CI9: 4
A10: 5 | B10: NME | C10: =SUM(H10:CM10) -> 49.75 | D10: =E10/2.5 -> 5 | E10: =SUM(H10+N10+T10+Z10+AF10+AL10+AR10+AX10+BD10+BJ10+BP10+BV10+CB10+CH10) -> 12.5 | F10: =C10-E10 -> 37.25 | G10: Мафия | I10: 2 | J10: У/Проигрыш | M10: Мафия | N10: 2.5 | O10: 4 | P10: У/Победа | S10: Дон | T10: 2.5 | U10: 2 | V10: У/Победа | Y10: Мирный | AA10: 2.75 | AE10: Мирный | AG10: 3 | AH10: У/Проигрыш | AK10: Дон | AL10: 2.5 | AM10: 3.75 | AN10: У/Победа | AQ10: Мирный | AR10: 2.5 | AS10: 2.5 | AW10: Дон | AX10: 2.5 | AY10: 3.75 | BC10: Мирный | BE10: 2.25 | BF10: ПУ | BI10: Шериф | BK10: 1.75 | BL10: ПУ | BN10: 0.5 | BO10: Мафия | BQ10: 2 | BU10: Мирный | BW10: 3.5 | CA10: Мирный | CC10: 1.5 | CG10: Мафия | CI10: 2
A11: 6 | B11: Curly | C11: =SUM(H11:CM11) -> 50.25 | D11: =E11/2.5 -> 5 | E11: =SUM(H11+N11+T11+Z11+AF11+AL11+AR11+AX11+BD11+BJ11+BP11+BV11+CB11+CH11) -> 12.5 | F11: =C11-E11 -> 37.75 | G11: Мирный | H11: 2.5 | I11: 3.25 | M11: Мирный | O11: 2.25 | S11: Мирный | U11: 2 | V11: У/Проигрыш | Y11: Мирный | AA11: 1.5 | AE11: Мирный | AG11: 2.5 | AK11: Мирный | AM11: 3.25 | AQ11: Мирный | AR11: 2.5 | AS11: 3 | AW11: Шериф | AY11: 2.25 | AZ11: ПУ | BC11: Мирный | BE11: 2 | BI11: Мафия | BJ11: 2.5 | BK11: 3 | BO11: Мирный | BP11: 2.5 | BQ11: 3.75 | BU11: Мирный | BW11: 2.5 | CA11: Шериф | CC11: 3.25 | CG11: Мирный | CH11: 2.5 | CI11: 3.25
A12: 7 | B12: Дракарис | C12: =SUM(H12:CM12) -> 55 | D12: =E12/2.5 -> 6 | E12: =SUM(H12+N12+T12+Z12+AF12+AL12+AR12+AX12+BD12+BJ12+BP12+BV12+CB12+CH12) -> 15 | F12: =C12-E12 -> 40 | G12: Мирный | H12: 2.5 | I12: 2.5 | M12: Мирный | O12: 2.25 | S12: Мирный | U12: 2 | Y12: Дон | Z12: 2.5 | AA12: 3.5 | AE12: Мирный | AG12: 3.25 | AK12: Мирный | AM12: 2.25 | AQ12: Шериф | AR12: 2.5 | AS12: 3.25 | AW12: Мирный | AY12: 1.75 | BC12: Дон | BD12: 2.5 | BE12: 4 | BI12: Мирный | BK12: 3.75 | BO12: Шериф | BP12: 2.5 | BQ12: 3.5 | BR12: У/Победа | BU12: Шериф | BW12: 2 | CA12: Мирный | CC12: 2.5 | CD12: ПУ | CG12: Мирный | CH12: 2.5 | CI12: 3.5
A13: 8 | B13: Никнейм | C13: =SUM(H13:CM13) -> 51 | D13: =E13/2.5 -> 5 | E13: =SUM(H13+N13+T13+Z13+AF13+AL13+AR13+AX13+BD13+BJ13+BP13+BV13+CB13+CH13) -> 12.5 | F13: =C13-E13 -> 38.5 | G13: Мирный | H13: 2.5 | I13: 4.25 | J13: У/Победа | M13: Мирный | O13: 1.5 | P13: У/Проигрыш | S13: Мирный | U13: 2.75 | Y13: Шериф | AA13: 3 | AE13: Мирный | AG13: 1.5 | AH13: У/Проигрыш | AK13: Мирный | AM13: 3.5 | AQ13: Мирный | AR13: 2.5 | AS13: 2.75 | AW13: Мирный | AY13: 1.75 | BC13: Мафия | BD13: 2.5 | BE13: 3.75 | BI13: Мирный | BK13: 1.75 | BO13: Мирный | BP13: 2.5 | BQ13: 1.75 | BU13: Мирный | BW13: 2.5 | CA13: Мирный | CC13: 3.25 | CD13: У/Проигрыш | CG13: Мирный | CH13: 2.5 | CI13: 4.5
A14: 9 | B14: UFO | C14: =SUM(H14:CM14) -> 52.25 | D14: =E14/2.5 -> 6 | E14: =SUM(H14+N14+T14+Z14+AF14+AL14+AR14+AX14+BD14+BJ14+BP14+BV14+CB14+CH14) -> 15 | F14: =C14-E14 -> 37.25 | G14: Мирный | H14: 2.5 | I14: 3.25 | J14: У/Победа | M14: Мирный | O14: 1.25 | P14: У/Проигрыш | S14: Мирный | U14: 2 | V14: У/Проигрыш | Y14: Мирный | AA14: 2 | AE14: Мафия | AF14: 2.5 | AG14: 3.5 | AH14: У/Победа | AK14: Мирный | AM14: 1.75 | AN14: У/Проигрыш | AQ14: Мирный | AR14: 2.5 | AS14: 3 | AW14: Мафия | AX14: 2.5 | AY14: 3.75 | BC14: Мирный | BE14: 2 | BI14: Мирный | BK14: 3 | BO14: Мирный | BP14: 2.5 | BQ14: 3.25 | BU14: Мирный | BW14: 3.25 | CA14: Мафия | CB14: 2.5 | CC14: 3.75 | CD14: У/Победа | CG14: Дон | CI14: 1.5
A15: 10 | B15: Наполеон | C15: =SUM(H15:CM15) -> 69.5 | D15: =E15/2.5 -> 9 | E15: =SUM(H15+N15+T15+Z15+AF15+AL15+AR15+AX15+BD15+BJ15+BP15+BV15+CB15+CH15) -> 22.5 | F15: =C15-E15 -> 47 | G15: Дон | I15: 2.5 | M15: Мирный | O15: 2.75 | P15: ПУ | Q15: 0.5 | S15: Мафия | T15: 2.5 | U15: 3.75 | Y15: Мафия | Z15: 2.5 | AA15: 3.75 | AE15: Дон | AF15: 2.5 | AG15: 3.25 | AK15: Мирный | AM15: 4 | AQ15: Мирный | AR15: 2.5 | AS15: 2.5 | AT15: ПУ | AV15: 0.5 | AW15: Мафия | AX15: 2.5 | AY15: 3.75 | BC15: Шериф | BE15: 1.5 | BI15: Дон | BJ15: 2.5 | BK15: 3 | BO15: Мирный | BP15: 2.5 | BQ15: 4 | BU15: Мирный | BW15: 2.75 | BX15: ПУ | BZ15: 1 | CA15: Мафия | CB15: 2.5 | CC15: 2.5 | CG15: Мирный | CH15: 2.5 | CI15: 3 | CJ15: ПУ | CK15: 0.5 | CL15: 1.5
A16: Штраф | M16: 56 мин | S16: 60 мин | Y16: 48 мин | AE16: 55 мин | AK16: 47 мин | AQ16: 48 мин
A17: Мафия
A18: Шериф | G18: Победа города в угадайке | M18: Победа мафии 1в1 | S18: Победа мафии 1в1 | Y18: Победа мафии 2в2 | AE18: Победа мафии 1в1 | AK18: Победа мафии 1в1 | AQ18: Победа города на круг при пятерых | AW18: Победа мафии 2в2 | BC18: Победа мафии 2в2 | BI18: Победа мафии 2в2 | BO18: Победа города в угадайке | BU18: Победа мафии 3в3 | CA18: Победа мафии 1в1 | CG18: Сухая победа города
A19: Дон
A20: ПУ
A21: Судья | B21: Yesterday
A22: Линейный | B22: BonAqua
A24: Игра | B24: Игровой Ник | C24: Вид штрафа | D24: Штрафной балл
A26: 2 | B26: Махинатор | C26: Удаление | D26: 1 | E26: {=sort(B6:C15,2,FALSE())} -> #NAME? | F26: #NAME?
A27: 7 | B27: Чешир | C27: Удаление | D27: 2.5 | E27: #NAME? | F27: #NAME?
A28: 10 | B28: Зверюга | C28: Желтая карточка | D28: 0 | E28: #NAME? | F28: #NAME?
A29: 13 | B29: Curly | C29: Желтая карточка | D29: 0 | E29: #NAME? | F29: #NAME?
E30: #NAME? | F30: #NAME?
E31: #NAME? | F31: #NAME?
E32: #NAME? | F32: #NAME?
E33: #NAME? | F33: #NAME?
E34: #NAME? | F34: #NAME?
E35: #NAME? | F35: #NAME?

Sheet 2 Полуфинал
A2: Результаты Турнира "5 Элемент", 1 раунд. Второй Полуфинал (06.10.2024)
A4: Место | B4: Игровой ник | C4: Сумма баллов | D4: Количество побед | E4: Баллы за победу | F4: Доп. Баллы (с ЛХ и Ci) | G4: Игра 1 | M4: Игра 2 | S4: Игра 3 | Y4: Игра 4 | AE4: Игра 5 | AK4: Игра 6 | AQ4: Игра 7 | AW4: Игра 8 | BC4: Дисциплинарный штраф
G5: Роль | H5: Баллы за победу | I5: Баллы от ведущих | J5: Инфо | K5: ЛХ | L5: Ci | M5: Роль | N5: Баллы за победу | O5: Баллы от ведущих | P5: Инфо | Q5: ЛХ | R5: Ci | S5: Роль | T5: Баллы за победу | U5: Баллы от ведущих | V5: Инфо | W5: ЛХ | X5: Ci | Y5: Роль | Z5: Баллы за победу | AA5: Баллы от ведущих | AB5: Инфо | AC5: ЛХ | AD5: Ci | AE5: Роль | AF5: Баллы за победу | AG5: Баллы от ведущих | AH5: Инфо | AI5: ЛХ | AJ5: Ci | AK5: Роль | AL5: Баллы за победу | AM5: Баллы от ведущих | AN5: Инфо | AO5: ЛХ | AP5: Ci | AQ5: Роль | AR5: Баллы за победу | AS5: Баллы от ведущих | AT5: Инфо | AU5: ЛХ | AV5: Ci | AW5: Роль | AX5: Баллы за победу | AY5: Баллы от ведущих | AZ5: Инфо | BA5: ЛХ | BB5: Ci
A6: 1 | B6: Армен 24 | C6: =SUM(H6:BC6) -> 32 | D6: =E6/2.5 -> 4 | E6: =SUM(H6+N6+T6+Z6+AF6+AL6+AR6+AX6) -> 10 | F6: =C6-E6-BC6 -> 22 | G6: Дон | I6: 2.75 | M6: Мирный | N6: 2.5 | O6: 2 | P6: ПУ | R6: 0.5 | S6: Мирный | U6: 1.75 | Y6: Мирный | AA6: 2 | AE6: Мирный | AF6: 2.5 | AG6: 4 | AK6: Мирный | AL6: 2.5 | AM6: 3.75 | AQ6: Дон | AR6: 2.5 | AS6: 3.25 | AW6: Мирный | AY6: 2
A7: 2 | B7: Наполеон | C7: =SUM(H7:BC7) -> 34.5 | D7: =E7/2.5 -> 4 | E7: =SUM(H7+N7+T7+Z7+AF7+AL7+AR7+AX7) -> 10 | F7: =C7-E7-BC7 -> 24.5 | G7: Мафия | I7: 2.25 | M7: Мирный | N7: 2.5 | O7: 3 | S7: Шериф | U7: 2 | Y7: Мирный | AA7: 3 | AE7: Мирный | AF7: 2.5 | AG7: 4.5 | AK7: Мафия | AM7: 2.75 | AN7: У/Проигрыш | AQ7: Мафия | AR7: 2.5 | AS7: 3 | AW7: Мафия | AX7: 2.5 | AY7: 4 | AZ7: У/Победа
A8: 3 | B8: Мона | C8: =SUM(H8:BC8) -> 27.25 | D8: =E8/2.5 -> 3 | E8: =SUM(H8+N8+T8+Z8+AF8+AL8+AR8+AX8) -> 7.5 | F8: =C8-E8-BC8 -> 19.75 | G8: Мирный | H8: 2.5 | I8: 3 | J8: У/Победа | M8: Дон | O8: 2 | S8: Мирный | U8: 2 | Y8: Мирный | AA8: 2.25 | AE8: Мирный | AF8: 2.5 | AG8: 2.5 | AK8: Мирный | AL8: 2.5 | AM8: 2.5 | AN8: ПУ | AO8: 0.5 | AP8: 0.5 | AQ8: Мирный | AS8: 2 | AT8: У/Проигрыш | AW8: Шериф | AY8: 2.5
A9: 4 | B9: UFO | C9: =SUM(H9:BC9) -> 34.75 | D9: =E9/2.5 -> 5 | E9: =SUM(H9+N9+T9+Z9+AF9+AL9+AR9+AX9) -> 12.5 | F9: =C9-E9-BC9 -> 22.25 | G9: Шериф | H9: 2.5 | I9: 2.5 | M9: Мирный | N9: 2.5 | O9: 3 | S9: Мафия | T9: 2.5 | U9: 3.75 | Y9: Мафия | Z9: 2.5 | AA9: 3.25 | AE9: Мафия | AG9: 2.5 | AK9: Шериф | AL9: 2.5 | AM9: 3.25 | AQ9: Шериф | AS9: 2.5 | AW9: Мирный | AY9: 1.5 | AZ9: У/Проигрыш
A10: 5 | B10: Админ | C10: =SUM(H10:BC10) -> 32.25 | D10: =E10/2.5 -> 4 | E10: =SUM(H10+N10+T10+Z10+AF10+AL10+AR10+AX10) -> 10 | F10: =C10-E10-BC10 -> 22.25 | G10: Мафия | I10: 2.5 | J10: У/Проигрыш | M10: Мирный | N10: 2.5 | O10: 3.25 | S10: Мирный | U10: 2.25 | V10: ПУ | X10: 0.5 | Y10: Мафия | Z10: 2.5 | AA10: 3.25 | AE10: Мафия | AG10: 2 | AK10: Мирный | AL10: 2.5 | AM10: 3.75 | AN10: У/Победа | AQ10: Мирный | AS10: 1.75 | AW10: Мафия | AX10: 2.5 | AY10: 3
A11: 6 | B11: Curly | C11: =SUM(H11:BC11) -> 37 | D11: =E11/2.5 -> 5 | E11: =SUM(H11+N11+T11+Z11+AF11+AL11+AR11+AX11) -> 12.5 | F11: =C11-E11-BC11 -> 24.5 | G11: Мирный | H11: 2.5 | I11: 3 | J11: У/Победа | M11: Мирный | N11: 2.5 | O11: 3.25 | S11: Дон | T11: 2.5 | U11: 4 | Y11: Мирный | AA11: 2.5 | AB11: ПУ | AC11: 0.5 | AD11: 0.5 | AE11: Мирный | AF11: 2.5 | AG11: 2.5 | AK11: Мафия | AM11: 2.25 | AQ11: Мафия | AR11: 2.5 | AS11: 4 | AT11: У/Победа | AW11: Мирный | AY11: 2
A12: 7 | B12: Дракарис | C12: =SUM(H12:BC12) -> 36.5 | D12: =E12/2.5 -> 5 | E12: =SUM(H12+N12+T12+Z12+AF12+AL12+AR12+AX12) -> 12.5 | F12: =C12-E12-BC12 -> 24 | G12: Мирный | H12: 2.5 | I12: 2.75 | M12: Шериф | N12: 2.5 | O12: 3.75 | S12: Мафия | T12: 2.5 | U12: 2.5 | Y12: Шериф | AA12: 2.5 | AE12: Мирный | AF12: 2.5 | AG12: 2.75 | AH12: ПУ | AI12: 0.5 | AJ12: 0.5 | AK12: Мирный | AL12: 2.5 | AM12: 3.25 | AQ12: Мирный | AS12: 3 | AW12: Мирный | AY12: 2.5
A13: 8 | B13: Луна | C13: =SUM(H13:BC13) -> 26.25 | D13: =E13/2.5 -> 2 | E13: =SUM(H13+N13+T13+Z13+AF13+AL13+AR13+AX13) -> 5 | F13: =C13-E13-BC13 -> 21.25 | G13: Мирный | H13: 2.5 | I13: 4.25 | M13: Мафия | O13: 2.25 | S13: Мирный | U13: 1.75 | Y13: Мирный | AA13: 3 | AE13: Шериф | AF13: 2.5 | AG13: 2.5 | AK13: Дон | AM13: 2.75 | AQ13: Мирный | AS13: 2.5 | AW13: Мирный | AY13: 1.75 | AZ13: ПУ | BB13: 0.5
A14: 9 | B14: Бастурма | C14: =SUM(H14:BC14) -> 27.75 | D14: =E14/2.5 -> 3 | E14: =SUM(H14+N14+T14+Z14+AF14+AL14+AR14+AX14) -> 7.5 | F14: =C14-E14-BC14 -> 20.25 | G14: Мирный | H14: 2.5 | I14: 3.5 | M14: Мирный | N14: 2.5 | O14: 3 | S14: Мирный | U14: 3.25 | Y14: Мирный | AA14: 2 | AE14: Дон | AG14: 1.5 | AK14: Мирный | AL14: 2.5 | AM14: 3 | AQ14: Мирный | AS14: 2 | AT14: ПУ | AV14: 0.5 | AW14: Мирный | AY14: 1.5 | AZ14: У/Проигрыш
A15: 10 | B15: Никнейм | C15: =SUM(H15:BC15) -> 35 | D15: =E15/2.5 -> 5 | E15: =SUM(H15+N15+T15+Z15+AF15+AL15+AR15+AX15) -> 12.5 | F15: =C15-E15-BC15 -> 22.5 | G15: Мирный | H15: 2.5 | I15: 2 | J15: ПУ | L15: 0.5 | M15: Мафия | O15: 1.75 | S15: Мирный | U15: 2.5 | Y15: Дон | Z15: 2.5 | AA15: 4 | AE15: Мирный | AF15: 2.5 | AG15: 3.75 | AK15: Мирный | AL15: 2.5 | AM15: 2.75 | AN15: У/Победа | AQ15: Мирный | AS15: 2.25 | AT15: У/Проигрыш | AW15: Дон | AX15: 2.5 | AY15: 3
A16: Штраф
A17: Мафия
A18: Шериф | G18: Победа города в угадайке | M18: Сухая победа города | S18: Победа мафии 2в2 | Y18: Победа мафии 2в2 | AE18: Сухая победа города | AK18: Победа города в угадайке | AQ18: Победа мафии 1в1 | AW18: Победа мафии 1в1
A19: Дон
A20: ПУ
A21: Судья | B21: Yesterday
A22: Линейный | B22: -
A24: Игра | B24: Игровой Ник | C24: Вид штрафа | D24: Штрафной балл
E26: {=sort(B6:C15,2,FALSE())} -> #NAME? | F26: #NAME?
E27: #NAME? | F27: #NAME?
E28: #NAME? | F28: #NAME?
E29: #NAME? | F29: #NAME?
E30: #NAME? | F30: #NAME?
E31: #NAME? | F31: #NAME?
E32: #NAME? | F32: #NAME?
E33: #NAME? | F33: #NAME?
E34: #NAME? | F34: #NAME?
E35: #NAME? | F35: #NAME?

Sheet 1 Полуфинал
A2: Результаты Турнира "5 Элемент", 2 раунд. Первый Полуфинал (05.10.2024)
A4: Место | B4: Игровой ник | C4: Сумма баллов | D4: Количество побед | E4: Баллы за победу | F4: Доп. Баллы (с ЛХ и Ci) | G4: Игра 1 | M4: Игра 2 | S4: Игра 3 | Y4: Игра 4 | AE4: Игра 5 | AK4: Игра 6 | AQ4: Игра 7 | AW4: Игра 8 | BC4: Дисциплинарный штраф
G5: Роль | H5: Баллы за победу | I5: Баллы от ведущих | J5: Инфо | K5: ЛХ | L5: Ci | M5: Роль | N5: Баллы за победу | O5: Баллы от ведущих | Q5: ЛХ | R5: Ci | S5: Роль | T5: Баллы за победу | U5: Баллы от ведущих | V5: Инфо | W5: ЛХ | X5: Ci | Y5: Роль | Z5: Баллы за победу | AA5: Баллы от ведущих | AB5: Инфо | AC5: ЛХ | AD5: Ci | AE5: Роль | AF5: Баллы за победу | AG5: Баллы от ведущих | AH5: Инфо | AI5: ЛХ | AJ5: Ci | AK5: Роль | AL5: Баллы за победу | AM5: Баллы от ведущих | AN5: Инфо | AO5: ЛХ | AP5: Ci | AQ5: Роль | AR5: Баллы за победу | AS5: Баллы от ведущих | AT5: Инфо | AU5: ЛХ | AV5: Ci | AW5: Роль | AX5: Баллы за победу | AY5: Баллы от ведущих | AZ5: Инфо | BA5: ЛХ | BB5: Ci
A6: 1 | B6: Coach | C6: =SUM(H6:BC6) -> 30.5 | D6: =E6/2.5 -> 3 | E6: =SUM(H6+N6+T6+Z6+AF6+AL6+AR6+AX6) -> 7.5 | F6: =C6-E6-BC6 -> 23 | G6: Мирный | I6: 2.75 | M6: Шериф | O6: 1.75 | S6: Мафия | U6: 3.25 | Y6: Мафия | AA6: 2.25 | AE6: Мирный | AF6: 2.5 | AG6: 4.25 | AK6: Мирный | AL6: 2.5 | AM6: 2.5 | AQ6: Мирный | AS6: 4 | AW6: Шериф | AX6: 2.5 | AY6: 1.75 | AZ6: ПУ | BB6: 0.5
A7: 2 | B7: Зверюга | C7: =SUM(H7:BC7) -> 35.5 | D7: =E7/2.5 -> 5 | E7: =SUM(H7+N7+T7+Z7+AF7+AL7+AR7+AX7) -> 12.5 | F7: =C7-E7-BC7 -> 23 | G7: Мирный | I7: 1.25 | M7: Мирный | O7: 2.25 | S7: Мафия | U7: 2.75 | Y7: Шериф | Z7: 2.5 | AA7: 4 | AE7: Мирный | AF7: 2.5 | AG7: 4.5 | AH7: У/Победа | AK7: Мирный | AL7: 2.5 | AM7: 3 | AN7: ПУ | AP7: 0.5 | AQ7: Мафия | AR7: 2.5 | AS7: 3.25 | AW7: Мирный | AX7: 2.5 | AY7: 1.5
A8: 3 | B8: Чешир | C8: =SUM(H8:BC8) -> 39 | D8: =E8/2.5 -> 6 | E8: =SUM(H8+N8+T8+Z8+AF8+AL8+AR8+AX8) -> 15 | F8: =C8-E8-BC8 -> 24 | G8: Мирный | I8: 2 | M8: Дон | N8: 2.5 | O8: 3 | S8: Мирный | T8: 2.5 | U8: 3.5 | V8: У/Победа | Y8: Мирный | Z8: 2.5 | AA8: 3.25 | AE8: Мирный | AF8: 2.5 | AG8: 3.25 | AK8: Мирный | AL8: 2.5 | AM8: 2.5 | AQ8: Шериф | AS8: 2.75 | AW8: Мирный | AX8: 2.5 | AY8: 3.75
A9: 4 | B9: NME | C9: =SUM(H9:BC9) -> 33.5 | D9: =E9/2.5 -> 4 | E9: =SUM(H9+N9+T9+Z9+AF9+AL9+AR9+AX9) -> 10 | F9: =C9-E9-BC9 -> 23.5 | G9: Дон | H9: 2.5 | I9: 3.75 | M9: Мирный | O9: 2.5 | R9: 0.5 | S9: Шериф | T9: 2.5 | U9: 2.75 | Y9: Мирный | Z9: 2.5 | AA9: 3.25 | AE9: Мафия | AG9: 3.5 | AH9: У/Проигрыш | AK9: Мафия | AM9: 2.5 | AQ9: Мирный | AS9: 1.25 | AW9: Мирный | AX9: 2.5 | AY9: 3.5
A10: 5 | B10: Still Rise | C10: =SUM(H10:BC10) -> 29.75 | D10: =E10/2.5 -> 4 | E10: =SUM(H10+N10+T10+Z10+AF10+AL10+AR10+AX10) -> 10 | F10: =C10-E10-BC10 -> 19.75 | G10: Мафия | H10: 2.5 | I10: 3 | M10: Мирный | O10: 2.5 | S10: Мирный | T10: 2.5 | U10: 2.5 | V10: У/Победа | Y10: Мирный | Z10: 2.5 | AA10: 3.75 | AE10: Дон | AG10: 1.5 | AK10: Дон | AM10: 1.5 | AQ10: Мафия | AR10: 2.5 | AS10: 3.25 | AW10: Дон | AY10: 1.75
A11: 6 | B11: Махинатор | C11: =SUM(H11:BC11) -> 35 | D11: =E11/2.5 -> 5 | E11: =SUM(H11+N11+T11+Z11+AF11+AL11+AR11+AX11) -> 12.5 | F11: =C11-E11-BC11 -> 22.5 | G11: Мирный | I11: 3.25 | M11: Мирный | O11: 2 | S11: Мирный | T11: 2.5 | U11: 3.25 | V11: У/Победа | Y11: Мирный | Z11: 2.5 | AA11: 4.5 | AE11: Шериф | AF11: 2.5 | AG11: 2 | AK11: Мирный | AL11: 2.5 | AM11: 2.25 | AQ11: Мирный | AS11: 1.5 | AW11: Мирный | AX11: 2.5 | AY11: 3.75
A12: 7 | B12: Cristo | C12: =SUM(H12:BC12) -> 29.75 | D12: =E12/2.5 -> 3 | E12: =SUM(H12+N12+T12+Z12+AF12+AL12+AR12+AX12) -> 7.5 | F12: =C12-E12-BC12 -> 22.25 | G12: Мирный | I12: 3 | J12: ПУ | L12: 0.5 | M12: Мирный | O12: 2.5 | S12: Мирный | T12: 2.5 | U12: 3 | V12: ПУ | W12: 0.5 | X12: 1 | Y12: Дон | AA12: 1 | AE12: Мирный | AF12: 2.5 | AG12: 3 | AK12: Мирный | AL12: 2.5 | AM12: 2 | AQ12: Мирный | AS12: 3.25 | AW12: Мафия | AY12: 2.5
A13: 8 | B13: Арс | C13: =SUM(H13:BC13) -> 30.25 | D13: =E13/2.5 -> 4 | E13: =SUM(H13+N13+T13+Z13+AF13+AL13+AR13+AX13) -> 10 | F13: =C13-E13-BC13 -> 20.25 | G13: Мафия | H13: 2.5 | I13: 3.5 | M13: Мирный | O13: 2.5 | S13: Дон | U13: 1.25 | V13: У/Проигрыш | Y13: Мафия | AA13: 2 | AE13: Мирный | AF13: 2.5 | AG13: 2.25 | AH13: У/Победа | AK13: Мирный | AL13: 2.5 | AM13: 3 | AQ13: Дон | AR13: 2.5 | AS13: 4 | AW13: Мафия | AY13: 1.75
A14: 9 | B14: Тихий Закат | C14: =SUM(H14:BC14) -> 41.5 | D14: =E14/2.5 -> 6 | E14: =SUM(H14+N14+T14+Z14+AF14+AL14+AR14+AX14) -> 15 | F14: =C14-E14-BC14 -> 26.5 | G14: Шериф | I14: 1.75 | M14: Мафия | N14: 2.5 | O14: 3.5 | S14: Мирный | T14: 2.5 | U14: 2.75 | Y14: Мирный | Z14: 2.5 | AA14: 2.5 | AB14: ПУ | AD14: 0.5 | AE14: Мирный | AF14: 2.5 | AG14: 2.5 | AH14: ПУ | AJ14: 1 | AK14: Шериф | AL14: 2.5 | AM14: 5 | AQ14: Мирный | AS14: 1.5 | AT14: ПУ | AV14: 1.5 | AW14: Мирный | AX14: 2.5 | AY14: 4
A15: 10 | B15: Cherry Pick | C15: =SUM(H15:BC15) -> 32 | D15: =E15/2.5 -> 4 | E15: =SUM(H15+N15+T15+Z15+AF15+AL15+AR15+AX15) -> 10 | F15: =C15-E15-BC15 -> 22 | G15: Мирный | I15: 1.75 | M15: Мафия | N15: 2.5 | O15: 3.75 | S15: Мирный | T15: 2.5 | U15: 3.25 | Y15: Мирный | Z15: 2.5 | AA15: 3.25 | AE15: Мафия | AG15: 1.75 | AK15: Мафия | AM15: 2.5 | AQ15: Мирный | AS15: 2 | AW15: Мирный | AX15: 2.5 | AY15: 3.75
A16: Штраф | G16: продолжительность 39 мин | M16: 52 мин | S16: 57 мин | Y16: 38 мин | AE16: 54 мин | AK16: 44 мин | AQ16: 45 мин | AW16: 43 мин
A17: Мафия
A18: Шериф | G18: Победа мафии 3в3 | M18: Победа мафии 1в1 | S18: Победа города в угадайке при четверых | Y18: Сухая победа города | AE18: Победа города в угадайке | AK18: Победа города на круг при шестерых | AQ18: Победа мафии 2в2 | AW18: Победа города на круг при пятерых
A19: Дон
A20: ПУ
A21: Судья | B21: Yesterday
A22: Линейный | B22: -
A24: Игра | B24: Игровой Ник | C24: Вид штрафа | D24: Штрафной балл
A26: 3 | B26: Зверюга | C26: Желтая карточка | D26: 0
A27: 3 | B27: Cherry Pick | C27: Желтая карточка | D27: 0 | E27: {=sort(B6:C15,2,FALSE())} -> #NAME? | F27: #NAME?
A28: 6 | B28: Still Rise | C28: Желтая карточка | D28: 0 | E28: #NAME? | F28: #NAME?
E29: #NAME? | F29: #NAME?
E30: #NAME? | F30: #NAME?
E31: #NAME? | F31: #NAME?
E32: #NAME? | F32: #NAME?
E33: #NAME? | F33: #NAME?
E34: #NAME? | F34: #NAME?
E35: #NAME? | F35: #NAME?
E36: #NAME? | F36: #NAME?

Sheet Статистика Полуфиналы Финал
I1: Количество игр | S1: WINRATE ( % побед) | Z1: Допы (без Ci и ЛХ) | AE1: Средний доп (без Ci и ЛХ)
A3: 1 ПОЛУФИНАЛ
A4: Игрок | B4: Кол-во игр | C4: ЛХ полный | D4: ЛХ двойка | E4: ПУ | F4: Killrate | G4: Победил в угадайке | H4: Проиграл в угадайке | I4: Все красные (М+Ш) игр | J4: Все черные (Д+М) игр | K4: Мафия Побед | L4: Мафия Проигрышей | M4: Шериф Побед | N4: Шериф Проигрышей | O4: Дон Побед | P4: Дон Проигрышей | Q4: Мирный Побед | R4: Мирный Проигрышей | S4: WINRATE общий | T4: Все красные (М+Ш) % побед | U4: Все черные (Д+М) % побед | V4: Мафия: % Побед | W4: Шериф: % Побед | X4: Дон: % Побед | Y4: Мирный: % Побед | Z4: Всего: допы | AA4: Мафия: допы | AB4: Шериф: допы | AC4: Дон: допы | AD4: Мирный: допы | AE4: Общий: ср.доп | AF4: Мафия: ср. доп | AG4: Шериф: ср.доп | AH4: Дон: ср.доп | AI4: Мирный: ср.доп
A5: {='1 Полуфинал'!B6:B15} -> Coach | B5: =SUM(I5:J5) -> 5 | C5: =IF(COUNTIFS('Все игры'!AN$3:AN892,A5,'Все игры'!AS$3:AS892,"=1")=0, "", COUNTIFS('Все игры'!AN$3:AN892,A5,'Все игры'!AS$3:AS892,"=1")) | D5: =IF(COUNTIFS('Все игры'!AN$3:AN892,A5,'Все игры'!AS$3:AS892,"=0,50")=0, "", COUNTIFS('Все игры'!AN$3:AN892,A5,'Все игры'!AS$3:AS892,"=0,50")) | E5: =IF(COUNTIFS('Все игры'!AN$3:AN892,A5,'Все игры'!AR$3:AR892,"ПУ")=0, "", COUNTIFS('Все игры'!AN$3:AN892,A5,'Все игры'!AR$3:AR892,"ПУ")) | F5: =IFERROR(E5/I5,0) -> 0 | G5: =IF(COUNTIFS('Все игры'!AN$3:AN892,A5,'Все игры'!AR$3:AR892,"У/Победа")=0, "",COUNTIFS('Все игры'!AN$3:AN892,A5,'Все игры'!AR$3:AR892,"У/Победа") ) | H5: =IF(COUNTIFS('Все игры'!AN$3:AN892,A5,'Все игры'!AR$3:AR892,"У/Проигрыш")=0, "",COUNTIFS('Все игры'!AN$3:AN892,A5,'Все игры'!AR$3:AR892,"У/Проигрыш") ) | I5: =M5+N5+Q5+R5 -> 3 | J5: =K5+L5+O5+P5 -> 2 | K5: =COUNTIFS('Все игры'!AN$3:AN892,A5,'Все игры'!AP$3:AP892,">0",'Все игры'!AO$3:AO892,"Мафия") -> 0 | L5: =IFERROR(__xludf.dummyfunction("COUNTBLANK(FILTER('Все игры'!AN$3:AP892,'Все игры'!AN$3:AN892=A5,'Все игры'!AP$3:AP892 < 1,'Все игры'!AO$3:AO892=""Мафия""))"),2) -> 2 | M5: =COUNTIFS('Все игры'!AN$3:AN892,A5,'Все игры'!AP$3:AP892,">0",'Все игры'!AO$3:AO892,"Шериф") -> 0 | N5: =IFERROR(__xludf.dummyfunction("COUNTBLANK(FILTER('Все игры'!AN$3:AP892,'Все игры'!AN$3:AN892=A5,'Все игры'!AP$3:AP892 < 1,'Все игры'!AO$3:AO892=""Шериф""))"),1) -> 1 | O5: =COUNTIFS('Все игры'!AN$3:AN892,A5,'Все игры'!AP$3:AP892,">0",'Все игры'!AO$3:AO892,"Дон") -> 0 | P5: =IFERROR(__xludf.dummyfunction("COUNTBLANK(FILTER('Все игры'!AN$3:AP892,'Все игры'!AN$3:AN892=A5,'Все игры'!AP$3:AP892 < 1,'Все игры'!AO$3:AO892=""Дон""))"),0) -> 0 | Q5: =COUNTIFS('Все игры'!AN$3:AN892,A5,'Все игры'!AP$3:AP892,">0",'Все игры'!AO$3:AO892,"Мирный") -> 0 | R5: =IFERROR(__xludf.dummyfunction("COUNTBLANK(FILTER('Все игры'!AN$3:AP892,'Все игры'!AN$3:AN892=A5,'Все игры'!AP$3:AP892 < 1,'Все игры'!AO$3:AO892=""Мирный""))"),2) -> 2 | S5: =IFERROR((K5+M5+O5+Q5)/(I5+J5), ) -> 0 | T5: =IFERROR((M5+Q5)/I5, ) -> 0 | U5: =IFERROR((K5+O5)/J5, ) -> 0 | V5: =IFERROR(K5/(K5+L5), ) -> 0 | W5: =IFERROR(M5/(M5+N5), ) -> 0 | X5: =IFERROR(O5/(O5+P5), ) -> 0 | Y5: =IFERROR(Q5/(Q5+R5), ) -> 0 | Z5: =SUMIFS('Все игры'!AQ$3:AQ892,'Все игры'!AN$3:AN892,A5) -> 0 | AA5: =SUMIFS('Все игры'!AQ$3:AQ892,'Все игры'!AN$3:AN892,A5,'Все игры'!AO$3:AO892,"Мафия") -> 0 | AB5: =SUMIFS('Все игры'!AQ$3:AQ892,'Все игры'!AN$3:AN892,A5,'Все игры'!AO$3:AO892,"Шериф") -> 0 | AC5: =SUMIFS('Все игры'!AQ$3:AQ892,'Все игры'!AN$3:AN892,A5,'Все игры'!AO$3:AO892,"Дон") -> 0 | AD5: =SUMIFS('Все игры'!AQ$3:AQ892,'Все игры'!AN$3:AN892,A5,'Все игры'!AO$3:AO892,"Мирный") -> 0 | AE5: =IFERROR(Z5/B5,0) -> 0 | AF5: =IFERROR(AA5/(K5+L5),0) -> 0 | AG5: =IFERROR(AB5/(M5+N5),0) -> 0 | AH5: =IFERROR(AC5/(O5+P5),0) -> 0 | AI5: =IFERROR(AD5/(Q5+R5),0) -> 0
A6: Зверюга | B6: =SUM(I6:J6) -> 3 | C6: =IF(COUNTIFS('Все игры'!AN$3:AN892,A6,'Все игры'!AS$3:AS892,"=1")=0, "", COUNTIFS('Все игры'!AN$3:AN892,A6,'Все игры'!AS$3:AS892,"=1")) | D6: =IF(COUNTIFS('Все игры'!AN$3:AN892,A6,'Все игры'!AS$3:AS892,"=0,50")=0, "", COUNTIFS('Все игры'!AN$3:AN892,A6,'Все игры'!AS$3:AS892,"=0,50")) | E6: =IF(COUNTIFS('Все игры'!AN$3:AN892,A6,'Все игры'!AR$3:AR892,"ПУ")=0, "", COUNTIFS('Все игры'!AN$3:AN892,A6,'Все игры'!AR$3:AR892,"ПУ")) | F6: =IFERROR(E6/I6,0) -> 0 | G6: =IF(COUNTIFS('Все игры'!AN$3:AN892,A6,'Все игры'!AR$3:AR892,"У/Победа")=0, "",COUNTIFS('Все игры'!AN$3:AN892,A6,'Все игры'!AR$3:AR892,"У/Победа") ) | H6: =IF(COUNTIFS('Все игры'!AN$3:AN892,A6,'Все игры'!AR$3:AR892,"У/Проигрыш")=0, "",COUNTIFS('Все игры'!AN$3:AN892,A6,'Все игры'!AR$3:AR892,"У/Проигрыш") ) | I6: =M6+N6+Q6+R6 -> 2 | J6: =K6+L6+O6+P6 -> 1 | K6: =COUNTIFS('Все игры'!AN$3:AN892,A6,'Все игры'!AP$3:AP892,">0",'Все игры'!AO$3:AO892,"Мафия") -> 0 | L6: =IFERROR(__xludf.dummyfunction("COUNTBLANK(FILTER('Все игры'!AN$3:AP892,'Все игры'!AN$3:AN892=A6,'Все игры'!AP$3:AP892 < 1,'Все игры'!AO$3:AO892=""Мафия""))"),1) -> 1 | M6: =COUNTIFS('Все игры'!AN$3:AN892,A6,'Все игры'!AP$3:AP892,">0",'Все игры'!AO$3:AO892,"Шериф") -> 0 | N6: =IFERROR(__xludf.dummyfunction("COUNTBLANK(FILTER('Все игры'!AN$3:AP892,'Все игры'!AN$3:AN892=A6,'Все игры'!AP$3:AP892 < 1,'Все игры'!AO$3:AO892=""Шериф""))"),0) -> 0 | O6: =COUNTIFS('Все игры'!AN$3:AN892,A6,'Все игры'!AP$3:AP892,">0",'Все игры'!AO$3:AO892,"Дон") -> 0 | P6: =IFERROR(__xludf.dummyfunction("COUNTBLANK(FILTER('Все игры'!AN$3:AP892,'Все игры'!AN$3:AN892=A6,'Все игры'!AP$3:AP892 < 1,'Все игры'!AO$3:AO892=""Дон""))"),0) -> 0 | Q6: =COUNTIFS('Все игры'!AN$3:AN892,A6,'Все игры'!AP$3:AP892,">0",'Все игры'!AO$3:AO892,"Мирный") -> 0 | R6: =IFERROR(__xludf.dummyfunction("COUNTBLANK(FILTER('Все игры'!AN$3:AP892,'Все игры'!AN$3:AN892=A6,'Все игры'!AP$3:AP892 < 1,'Все игры'!AO$3:AO892=""Мирный""))"),2) -> 2 | S6: =IFERROR((K6+M6+O6+Q6)/(I6+J6), ) -> 0 | T6: =IFERROR((M6+Q6)/I6, ) -> 0 | U6: =IFERROR((K6+O6)/J6, ) -> 0 | V6: =IFERROR(K6/(K6+L6), ) -> 0 | W6: =IFERROR(M6/(M6+N6), ) -> 0 | X6: =IFERROR(O6/(O6+P6), ) -> 0 | Y6: =IFERROR(Q6/(Q6+R6), ) -> 0 | Z6: =SUMIFS('Все игры'!AQ$3:AQ892,'Все игры'!AN$3:AN892,A6) -> 0 | AA6: =SUMIFS('Все игры'!AQ$3:AQ892,'Все игры'!AN$3:AN892,A6,'Все игры'!AO$3:AO892,"Мафия") -> 0 | AB6: =SUMIFS('Все игры'!AQ$3:AQ892,'Все игры'!AN$3:AN892,A6,'Все игры'!AO$3:AO892,"Шериф") -> 0 | AC6: =SUMIFS('Все игры'!AQ$3:AQ892,'Все игры'!AN$3:AN892,A6,'Все игры'!AO$3:AO892,"Дон") -> 0 | AD6: =SUMIFS('Все игры'!AQ$3:AQ892,'Все игры'!AN$3:AN892,A6,'Все игры'!AO$3:AO892,"Мирный") -> 0 | AE6: =IFERROR(Z6/B6,0) -> 0 | AF6: =IFERROR(AA6/(K6+L6),0) -> 0 | AG6: =IFERROR(AB6/(M6+N6),0) -> 0 | AH6: =IFERROR(AC6/(O6+P6),0) -> 0 | AI6: =IFERROR(AD6/(Q6+R6),0) -> 0
A7: Чешир | B7: =SUM(I7:J7) -> 2 | C7: =IF(COUNTIFS('Все игры'!AN$3:AN892,A7,'Все игры'!AS$3:AS892,"=1")=0, "", COUNTIFS('Все игры'!AN$3:AN892,A7,'Все игры'!AS$3:AS892,"=1")) | D7: =IF(COUNTIFS('Все игры'!AN$3:AN892,A7,'Все игры'!AS$3:AS892,"=0,50")=0, "", COUNTIFS('Все игры'!AN$3:AN892,A7,'Все игры'!AS$3:AS892,"=0,50")) | E7: =IF(COUNTIFS('Все игры'!AN$3:AN892,A7,'Все игры'!AR$3:AR892,"ПУ")=0, "", COUNTIFS('Все игры'!AN$3:AN892,A7,'Все игры'!AR$3:AR892,"ПУ")) | F7: =IFERROR(E7/I7,0) -> 0 | G7: =IF(COUNTIFS('Все игры'!AN$3:AN892,A7,'Все игры'!AR$3:AR892,"У/Победа")=0, "",COUNTIFS('Все игры'!AN$3:AN892,A7,'Все игры'!AR$3:AR892,"У/Победа") ) | H7: =IF(COUNTIFS('Все игры'!AN$3:AN892,A7,'Все игры'!AR$3:AR892,"У/Проигрыш")=0, "",COUNTIFS('Все игры'!AN$3:AN892,A7,'Все игры'!AR$3:AR892,"У/Проигрыш") ) | I7: =M7+N7+Q7+R7 -> 2 | J7: =K7+L7+O7+P7 -> 0 | K7: =COUNTIFS('Все игры'!AN$3:AN892,A7,'Все игры'!AP$3:AP892,">0",'Все игры'!AO$3:AO892,"Мафия") -> 0 | L7: =IFERROR(__xludf.dummyfunction("COUNTBLANK(FILTER('Все игры'!AN$3:AP892,'Все игры'!AN$3:AN892=A7,'Все игры'!AP$3:AP892 < 1,'Все игры'!AO$3:AO892=""Мафия""))"),0) -> 0 | M7: =COUNTIFS('Все игры'!AN$3:AN892,A7,'Все игры'!AP$3:AP892,">0",'Все игры'!AO$3:AO892,"Шериф") -> 0 | N7: =IFERROR(__xludf.dummyfunction("COUNTBLANK(FILTER('Все игры'!AN$3:AP892,'Все игры'!AN$3:AN892=A7,'Все игры'!AP$3:AP892 < 1,'Все игры'!AO$3:AO892=""Шериф""))"),1) -> 1 | O7: =COUNTIFS('Все игры'!AN$3:AN892,A7,'Все игры'!AP$3:AP892,">0",'Все игры'!AO$3:AO892,"Дон") -> 0 | P7: =IFERROR(__xludf.dummyfunction("COUNTBLANK(FILTER('Все игры'!AN$3:AP892,'Все игры'!AN$3:AN892=A7,'Все игры'!AP$3:AP892 < 1,'Все игры'!AO$3:AO892=""Дон""))"),0) -> 0 | Q7: =COUNTIFS('Все игры'!AN$3:AN892,A7,'Все игры'!AP$3:AP892,">0",'Все игры'!AO$3:AO892,"Мирный") -> 0 | R7: =IFERROR(__xludf.dummyfunction("COUNTBLANK(FILTER('Все игры'!AN$3:AP892,'Все игры'!AN$3:AN892=A7,'Все игры'!AP$3:AP892 < 1,'Все игры'!AO$3:AO892=""Мирный""))"),1) -> 1 | S7: =IFERROR((K7+M7+O7+Q7)/(I7+J7), ) -> 0 | T7: =IFERROR((M7+Q7)/I7, ) -> 0 | U7: =IFERROR((K7+O7)/J7, ) -> 0 | V7: =IFERROR(K7/(K7+L7), ) -> 0 | W7: =IFERROR(M7/(M7+N7), ) -> 0 | X7: =IFERROR(O7/(O7+P7), ) -> 0 | Y7: =IFERROR(Q7/(Q7+R7), ) -> 0 | Z7: =SUMIFS('Все игры'!AQ$3:AQ892,'Все игры'!AN$3:AN892,A7) -> 0 | AA7: =SUMIFS('Все игры'!AQ$3:AQ892,'Все игры'!AN$3:AN892,A7,'Все игры'!AO$3:AO892,"Мафия") -> 0 | AB7: =SUMIFS('Все игры'!AQ$3:AQ892,'Все игры'!AN$3:AN892,A7,'Все игры'!AO$3:AO892,"Шериф") -> 0 | AC7: =SUMIFS('Все игры'!AQ$3:AQ892,'Все игры'!AN$3:AN892,A7,'Все игры'!AO$3:AO892,"Дон") -> 0 | AD7: =SUMIFS('Все игры'!AQ$3:AQ892,'Все игры'!AN$3:AN892,A7,'Все игры'!AO$3:AO892,"Мирный") -> 0 | AE7: =IFERROR(Z7/B7,0) -> 0 | AF7: =IFERROR(AA7/(K7+L7),0) -> 0 | AG7: =IFERROR(AB7/(M7+N7),0) -> 0 | AH7: =IFERROR(AC7/(O7+P7),0) -> 0 | AI7: =IFERROR(AD7/(Q7+R7),0) -> 0
A8: NME | B8: =SUM(I8:J8) -> 4 | C8: =IF(COUNTIFS('Все игры'!AN$3:AN892,A8,'Все игры'!AS$3:AS892,"=1")=0, "", COUNTIFS('Все игры'!AN$3:AN892,A8,'Все игры'!AS$3:AS892,"=1")) | D8: =IF(COUNTIFS('Все игры'!AN$3:AN892,A8,'Все игры'!AS$3:AS892,"=0,50")=0, "", COUNTIFS('Все игры'!AN$3:AN892,A8,'Все игры'!AS$3:AS892,"=0,50")) | E8: =IF(COUNTIFS('Все игры'!AN$3:AN892,A8,'Все игры'!AR$3:AR892,"ПУ")=0, "", COUNTIFS('Все игры'!AN$3:AN892,A8,'Все игры'!AR$3:AR892,"ПУ")) | F8: =IFERROR(E8/I8,0) -> 0 | G8: =IF(COUNTIFS('Все игры'!AN$3:AN892,A8,'Все игры'!AR$3:AR892,"У/Победа")=0, "",COUNTIFS('Все игры'!AN$3:AN892,A8,'Все игры'!AR$3:AR892,"У/Победа") ) | H8: =IF(COUNTIFS('Все игры'!AN$3:AN892,A8,'Все игры'!AR$3:AR892,"У/Проигрыш")=0, "",COUNTIFS('Все игры'!AN$3:AN892,A8,'Все игры'!AR$3:AR892,"У/Проигрыш") ) | I8: =M8+N8+Q8+R8 -> 2 | J8: =K8+L8+O8+P8 -> 2 | K8: =COUNTIFS('Все игры'!AN$3:AN892,A8,'Все игры'!AP$3:AP892,">0",'Все игры'!AO$3:AO892,"Мафия") -> 0 | L8: =IFERROR(__xludf.dummyfunction("COUNTBLANK(FILTER('Все игры'!AN$3:AP892,'Все игры'!AN$3:AN892=A8,'Все игры'!AP$3:AP892 < 1,'Все игры'!AO$3:AO892=""Мафия""))"),2) -> 2 | M8: =COUNTIFS('Все игры'!AN$3:AN892,A8,'Все игры'!AP$3:AP892,">0",'Все игры'!AO$3:AO892,"Шериф") -> 0 | N8: =IFERROR(__xludf.dummyfunction("COUNTBLANK(FILTER('Все игры'!AN$3:AP892,'Все игры'!AN$3:AN892=A8,'Все игры'!AP$3:AP892 < 1,'Все игры'!AO$3:AO892=""Шериф""))"),0) -> 0 | O8: =COUNTIFS('Все игры'!AN$3:AN892,A8,'Все игры'!AP$3:AP892,">0",'Все игры'!AO$3:AO892,"Дон") -> 0 | P8: =IFERROR(__xludf.dummyfunction("COUNTBLANK(FILTER('Все игры'!AN$3:AP892,'Все игры'!AN$3:AN892=A8,'Все игры'!AP$3:AP892 < 1,'Все игры'!AO$3:AO892=""Дон""))"),0) -> 0 | Q8: =COUNTIFS('Все игры'!AN$3:AN892,A8,'Все игры'!AP$3:AP892,">0",'Все игры'!AO$3:AO892,"Мирный") -> 0 | R8: =IFERROR(__xludf.dummyfunction("COUNTBLANK(FILTER('Все игры'!AN$3:AP892,'Все игры'!AN$3:AN892=A8,'Все игры'!AP$3:AP892 < 1,'Все игры'!AO$3:AO892=""Мирный""))"),2) -> 2 | S8: =IFERROR((K8+M8+O8+Q8)/(I8+J8), ) -> 0 | T8: =IFERROR((M8+Q8)/I8, ) -> 0 | U8: =IFERROR((K8+O8)/J8, ) -> 0 | V8: =IFERROR(K8/(K8+L8), ) -> 0 | W8: =IFERROR(M8/(M8+N8), ) -> 0 | X8: =IFERROR(O8/(O8+P8), ) -> 0 | Y8: =IFERROR(Q8/(Q8+R8), ) -> 0 | Z8: =SUMIFS('Все игры'!AQ$3:AQ892,'Все игры'!AN$3:AN892,A8) -> 0 | AA8: =SUMIFS('Все игры'!AQ$3:AQ892,'Все игры'!AN$3:AN892,A8,'Все игры'!AO$3:AO892,"Мафия") -> 0 | AB8: =SUMIFS('Все игры'!AQ$3:AQ892,'Все игры'!AN$3:AN892,A8,'Все игры'!AO$3:AO892,"Шериф") -> 0 | AC8: =SUMIFS('Все игры'!AQ$3:AQ892,'Все игры'!AN$3:AN892,A8,'Все игры'!AO$3:AO892,"Дон") -> 0 | AD8: =SUMIFS('Все игры'!AQ$3:AQ892,'Все игры'!AN$3:AN892,A8,'Все игры'!AO$3:AO892,"Мирный") -> 0 | AE8: =IFERROR(Z8/B8,0) -> 0 | AF8: =IFERROR(AA8/(K8+L8),0) -> 0 | AG8: =IFERROR(AB8/(M8+N8),0) -> 0 | AH8: =IFERROR(AC8/(O8+P8),0) -> 0 | AI8: =IFERROR(AD8/(Q8+R8),0) -> 0
A9: Still Rise | B9: =SUM(I9:J9) -> 4 | C9: =IF(COUNTIFS('Все игры'!AN$3:AN892,A9,'Все игры'!AS$3:AS892,"=1")=0, "", COUNTIFS('Все игры'!AN$3:AN892,A9,'Все игры'!AS$3:AS892,"=1")) | D9: =IF(COUNTIFS('Все игры'!AN$3:AN892,A9,'Все игры'!AS$3:AS892,"=0,50")=0, "", COUNTIFS('Все игры'!AN$3:AN892,A9,'Все игры'!AS$3:AS892,"=0,50")) | E9: =IF(COUNTIFS('Все игры'!AN$3:AN892,A9,'Все игры'!AR$3:AR892,"ПУ")=0, "", COUNTIFS('Все игры'!AN$3:AN892,A9,'Все игры'!AR$3:AR892,"ПУ")) | F9: =IFERROR(E9/I9,0) -> 0 | G9: =IF(COUNTIFS('Все игры'!AN$3:AN892,A9,'Все игры'!AR$3:AR892,"У/Победа")=0, "",COUNTIFS('Все игры'!AN$3:AN892,A9,'Все игры'!AR$3:AR892,"У/Победа") ) | H9: =IF(COUNTIFS('Все игры'!AN$3:AN892,A9,'Все игры'!AR$3:AR892,"У/Проигрыш")=0, "",COUNTIFS('Все игры'!AN$3:AN892,A9,'Все игры'!AR$3:AR892,"У/Проигрыш") ) | I9: =M9+N9+Q9+R9 -> 1 | J9: =K9+L9+O9+P9 -> 3 | K9: =COUNTIFS('Все игры'!AN$3:AN892,A9,'Все игры'!AP$3:AP892,">0",'Все игры'!AO$3:AO892,"Мафия") -> 0 | L9: =IFERROR(__xludf.dummyfunction("COUNTBLANK(FILTER('Все игры'!AN$3:AP892,'Все игры'!AN$3:AN892=A9,'Все игры'!AP$3:AP892 < 1,'Все игры'!AO$3:AO892=""Мафия""))"),0) -> 0 | M9: =COUNTIFS('Все игры'!AN$3:AN892,A9,'Все игры'!AP$3:AP892,">0",'Все игры'!AO$3:AO892,"Шериф") -> 0 | N9: =IFERROR(__xludf.dummyfunction("COUNTBLANK(FILTER('Все игры'!AN$3:AP892,'Все игры'!AN$3:AN892=A9,'Все игры'!AP$3:AP892 < 1,'Все игры'!AO$3:AO892=""Шериф""))"),0) -> 0 | O9: =COUNTIFS('Все игры'!AN$3:AN892,A9,'Все игры'!AP$3:AP892,">0",'Все игры'!AO$3:AO892,"Дон") -> 0 | P9: =IFERROR(__xludf.dummyfunction("COUNTBLANK(FILTER('Все игры'!AN$3:AP892,'Все игры'!AN$3:AN892=A9,'Все игры'!AP$3:AP892 < 1,'Все игры'!AO$3:AO892=""Дон""))"),3) -> 3 | Q9: =COUNTIFS('Все игры'!AN$3:AN892,A9,'Все игры'!AP$3:AP892,">0",'Все игры'!AO$3:AO892,"Мирный") -> 0 | R9: =IFERROR(__xludf.dummyfunction("COUNTBLANK(FILTER('Все игры'!AN$3:AP892,'Все игры'!AN$3:AN892=A9,'Все игры'!AP$3:AP892 < 1,'Все игры'!AO$3:AO892=""Мирный""))"),1) -> 1 | S9: =IFERROR((K9+M9+O9+Q9)/(I9+J9), ) -> 0 | T9: =IFERROR((M9+Q9)/I9, ) -> 0 | U9: =IFERROR((K9+O9)/J9, ) -> 0 | V9: =IFERROR(K9/(K9+L9), ) -> 0 | W9: =IFERROR(M9/(M9+N9), ) -> 0 | X9: =IFERROR(O9/(O9+P9), ) -> 0 | Y9: =IFERROR(Q9/(Q9+R9), ) -> 0 | Z9: =SUMIFS('Все игры'!AQ$3:AQ892,'Все игры'!AN$3:AN892,A9) -> 0 | AA9: =SUMIFS('Все игры'!AQ$3:AQ892,'Все игры'!AN$3:AN892,A9,'Все игры'!AO$3:AO892,"Мафия") -> 0 | AB9: =SUMIFS('Все игры'!AQ$3:AQ892,'Все игры'!AN$3:AN892,A9,'Все игры'!AO$3:AO892,"Шериф") -> 0 | AC9: =SUMIFS('Все игры'!AQ$3:AQ892,'Все игры'!AN$3:AN892,A9,'Все игры'!AO$3:AO892,"Дон") -> 0 | AD9: =SUMIFS('Все игры'!AQ$3:AQ892,'Все игры'!AN$3:AN892,A9,'Все игры'!AO$3:AO892,"Мирный") -> 0 | AE9: =IFERROR(Z9/B9,0) -> 0 | AF9: =IFERROR(AA9/(K9+L9),0) -> 0 | AG9: =IFERROR(AB9/(M9+N9),0) -> 0 | AH9: =IFERROR(AC9/(O9+P9),0) -> 0 | AI9: =IFERROR(AD9/(Q9+R9),0) -> 0
A10: Махинатор | B10: =SUM(I10:J10) -> 3 | C10: =IF(COUNTIFS('Все игры'!AN$3:AN892,A10,'Все игры'!AS$3:AS892,"=1")=0, "", COUNTIFS('Все игры'!AN$3:AN892,A10,'Все игры'!AS$3:AS892,"=1")) | D10: =IF(COUNTIFS('Все игры'!AN$3:AN892,A10,'Все игры'!AS$3:AS892,"=0,50")=0, "", COUNTIFS('Все игры'!AN$3:AN892,A10,'Все игры'!AS$3:AS892,"=0,50")) | E10: =IF(COUNTIFS('Все игры'!AN$3:AN892,A10,'Все игры'!AR$3:AR892,"ПУ")=0, "", COUNTIFS('Все игры'!AN$3:AN892,A10,'Все игры'!AR$3:AR892,"ПУ")) | F10: =IFERROR(E10/I10,0) -> 0 | G10: =IF(COUNTIFS('Все игры'!AN$3:AN892,A10,'Все игры'!AR$3:AR892,"У/Победа")=0, "",COUNTIFS('Все игры'!AN$3:AN892,A10,'Все игры'!AR$3:AR892,"У/Победа") ) | H10: =IF(COUNTIFS('Все игры'!AN$3:AN892,A10,'Все игры'!AR$3:AR892,"У/Проигрыш")=0, "",COUNTIFS('Все игры'!AN$3:AN892,A10,'Все игры'!AR$3:AR892,"У/Проигрыш") ) | I10: =M10+N10+Q10+R10 -> 3 | J10: =K10+L10+O10+P10 -> 0 | K10: =COUNTIFS('Все игры'!AN$3:AN892,A10,'Все игры'!AP$3:AP892,">0",'Все игры'!AO$3:AO892,"Мафия") -> 0 | L10: =IFERROR(__xludf.dummyfunction("COUNTBLANK(FILTER('Все игры'!AN$3:AP892,'Все игры'!AN$3:AN892=A10,'Все игры'!AP$3:AP892 < 1,'Все игры'!AO$3:AO892=""Мафия""))"),0) -> 0 | M10: =COUNTIFS('Все игры'!AN$3:AN892,A10,'Все игры'!AP$3:AP892,">0",'Все игры'!AO$3:AO892,"Шериф") -> 0 | N10: =IFERROR(__xludf.dummyfunction("COUNTBLANK(FILTER('Все игры'!AN$3:AP892,'Все игры'!AN$3:AN892=A10,'Все игры'!AP$3:AP892 < 1,'Все игры'!AO$3:AO892=""Шериф""))"),0) -> 0 | O10: =COUNTIFS('Все игры'!AN$3:AN892,A10,'Все игры'!AP$3:AP892,">0",'Все игры'!AO$3:AO892,"Дон") -> 0 | P10: =IFERROR(__xludf.dummyfunction("COUNTBLANK(FILTER('Все игры'!AN$3:AP892,'Все игры'!AN$3:AN892=A10,'Все игры'!AP$3:AP892 < 1,'Все игры'!AO$3:AO892=""Дон""))"),0) -> 0 | Q10: =COUNTIFS('Все игры'!AN$3:AN892,A10,'Все игры'!AP$3:AP892,">0",'Все игры'!AO$3:AO892,"Мирный") -> 0 | R10: =IFERROR(__xludf.dummyfunction("COUNTBLANK(FILTER('Все игры'!AN$3:AP892,'Все игры'!AN$3:AN892=A10,'Все игры'!AP$3:AP892 < 1,'Все игры'!AO$3:AO892=""Мирный""))"),3) -> 3 | S10: =IFERROR((K10+M10+O10+Q10)/(I10+J10), ) -> 0 | T10: =IFERROR((M10+Q10)/I10, ) -> 0 | U10: =IFERROR((K10+O10)/J10, ) -> 0 | V10: =IFERROR(K10/(K10+L10), ) -> 0 | W10: =IFERROR(M10/(M10+N10), ) -> 0 | X10: =IFERROR(O10/(O10+P10), ) -> 0 | Y10: =IFERROR(Q10/(Q10+R10), ) -> 0 | Z10: =SUMIFS('Все игры'!AQ$3:AQ892,'Все игры'!AN$3:AN892,A10) -> 0 | AA10: =SUMIFS('Все игры'!AQ$3:AQ892,'Все игры'!AN$3:AN892,A10,'Все игры'!AO$3:AO892,"Мафия") -> 0 | AB10: =SUMIFS('Все игры'!AQ$3:AQ892,'Все игры'!AN$3:AN892,A10,'Все игры'!AO$3:AO892,"Шериф") -> 0 | AC10: =SUMIFS('Все игры'!AQ$3:AQ892,'Все игры'!AN$3:AN892,A10,'Все игры'!AO$3:AO892,"Дон") -> 0 | AD10: =SUMIFS('Все игры'!AQ$3:AQ892,'Все игры'!AN$3:AN892,A10,'Все игры'!AO$3:AO892,"Мирный") -> 0 | AE10: =IFERROR(Z10/B10,0) -> 0 | AF10: =IFERROR(AA10/(K10+L10),0) -> 0 | AG10: =IFERROR(AB10/(M10+N10),0) -> 0 | AH10: =IFERROR(AC10/(O10+P10),0) -> 0 | AI10: =IFERROR(AD10/(Q10+R10),0) -> 0
A11: Cristo | B11: =SUM(I11:J11) -> 5 | C11: =IF(COUNTIFS('Все игры'!AN$3:AN892,A11,'Все игры'!AS$3:AS892,"=1")=0, "", COUNTIFS('Все игры'!AN$3:AN892,A11,'Все игры'!AS$3:AS892,"=1")) | D11: =IF(COUNTIFS('Все игры'!AN$3:AN892,A11,'Все игры'!AS$3:AS892,"=0,50")=0, "", COUNTIFS('Все игры'!AN$3:AN892,A11,'Все игры'!AS$3:AS892,"=0,50")) | E11: =IF(COUNTIFS('Все игры'!AN$3:AN892,A11,'Все игры'!AR$3:AR892,"ПУ")=0, "", COUNTIFS('Все игры'!AN$3:AN892,A11,'Все игры'!AR$3:AR892,"ПУ")) | F11: =IFERROR(E11/I11,0) -> 0 | G11: =IF(COUNTIFS('Все игры'!AN$3:AN892,A11,'Все игры'!AR$3:AR892,"У/Победа")=0, "",COUNTIFS('Все игры'!AN$3:AN892,A11,'Все игры'!AR$3:AR892,"У/Победа") ) | H11: =IF(COUNTIFS('Все игры'!AN$3:AN892,A11,'Все игры'!AR$3:AR892,"У/Проигрыш")=0, "",COUNTIFS('Все игры'!AN$3:AN892,A11,'Все игры'!AR$3:AR892,"У/Проигрыш") ) | I11: =M11+N11+Q11+R11 -> 3 | J11: =K11+L11+O11+P11 -> 2 | K11: =COUNTIFS('Все игры'!AN$3:AN892,A11,'Все игры'!AP$3:AP892,">0",'Все игры'!AO$3:AO892,"Мафия") -> 0 | L11: =IFERROR(__xludf.dummyfunction("COUNTBLANK(FILTER('Все игры'!AN$3:AP892,'Все игры'!AN$3:AN892=A11,'Все игры'!AP$3:AP892 < 1,'Все игры'!AO$3:AO892=""Мафия""))"),1) -> 1 | M11: =COUNTIFS('Все игры'!AN$3:AN892,A11,'Все игры'!AP$3:AP892,">0",'Все игры'!AO$3:AO892,"Шериф") -> 0 | N11: =IFERROR(__xludf.dummyfunction("COUNTBLANK(FILTER('Все игры'!AN$3:AP892,'Все игры'!AN$3:AN892=A11,'Все игры'!AP$3:AP892 < 1,'Все игры'!AO$3:AO892=""Шериф""))"),0) -> 0 | O11: =COUNTIFS('Все игры'!AN$3:AN892,A11,'Все игры'!AP$3:AP892,">0",'Все игры'!AO$3:AO892,"Дон") -> 0 | P11: =IFERROR(__xludf.dummyfunction("COUNTBLANK(FILTER('Все игры'!AN$3:AP892,'Все игры'!AN$3:AN892=A11,'Все игры'!AP$3:AP892 < 1,'Все игры'!AO$3:AO892=""Дон""))"),1) -> 1 | Q11: =COUNTIFS('Все игры'!AN$3:AN892,A11,'Все игры'!AP$3:AP892,">0",'Все игры'!AO$3:AO892,"Мирный") -> 0 | R11: =IFERROR(__xludf.dummyfunction("COUNTBLANK(FILTER('Все игры'!AN$3:AP892,'Все игры'!AN$3:AN892=A11,'Все игры'!AP$3:AP892 < 1,'Все игры'!AO$3:AO892=""Мирный""))"),3) -> 3 | S11: =IFERROR((K11+M11+O11+Q11)/(I11+J11), ) -> 0 | T11: =IFERROR((M11+Q11)/I11, ) -> 0 | U11: =IFERROR((K11+O11)/J11, ) -> 0 | V11: =IFERROR(K11/(K11+L11), ) -> 0 | W11: =IFERROR(M11/(M11+N11), ) -> 0 | X11: =IFERROR(O11/(O11+P11), ) -> 0 | Y11: =IFERROR(Q11/(Q11+R11), ) -> 0 | Z11: =SUMIFS('Все игры'!AQ$3:AQ892,'Все игры'!AN$3:AN892,A11) -> 0 | AA11: =SUMIFS('Все игры'!AQ$3:AQ892,'Все игры'!AN$3:AN892,A11,'Все игры'!AO$3:AO892,"Мафия") -> 0 | AB11: =SUMIFS('Все игры'!AQ$3:AQ892,'Все игры'!AN$3:AN892,A11,'Все игры'!AO$3:AO892,"Шериф") -> 0 | AC11: =SUMIFS('Все игры'!AQ$3:AQ892,'Все игры'!AN$3:AN892,A11,'Все игры'!AO$3:AO892,"Дон") -> 0 | AD11: =SUMIFS('Все игры'!AQ$3:AQ892,'Все игры'!AN$3:AN892,A11,'Все игры'!AO$3:AO892,"Мирный") -> 0 | AE11: =IFERROR(Z11/B11,0) -> 0 | AF11: =IFERROR(AA11/(K11+L11),0) -> 0 | AG11: =IFERROR(AB11/(M11+N11),0) -> 0 | AH11: =IFERROR(AC11/(O11+P11),0) -> 0 | AI11: =IFERROR(AD11/(Q11+R11),0) -> 0
A12: Арс | B12: =SUM(I12:J12) -> 4 | C12: =IF(COUNTIFS('Все игры'!AN$3:AN892,A12,'Все игры'!AS$3:AS892,"=1")=0, "", COUNTIFS('Все игры'!AN$3:AN892,A12,'Все игры'!AS$3:AS892,"=1")) | D12: =IF(COUNTIFS('Все игры'!AN$3:AN892,A12,'Все игры'!AS$3:AS892,"=0,50")=0, "", COUNTIFS('Все игры'!AN$3:AN892,A12,'Все игры'!AS$3:AS892,"=0,50")) | E12: =IF(COUNTIFS('Все игры'!AN$3:AN892,A12,'Все игры'!AR$3:AR892,"ПУ")=0, "", COUNTIFS('Все игры'!AN$3:AN892,A12,'Все игры'!AR$3:AR892,"ПУ")) | F12: =IFERROR(E12/I12,0) -> 0 | G12: =IF(COUNTIFS('Все игры'!AN$3:AN892,A12,'Все игры'!AR$3:AR892,"У/Победа")=0, "",COUNTIFS('Все игры'!AN$3:AN892,A12,'Все игры'!AR$3:AR892,"У/Победа") ) | H12: =IF(COUNTIFS('Все игры'!AN$3:AN892,A12,'Все игры'!AR$3:AR892,"У/Проигрыш")=0, "",COUNTIFS('Все игры'!AN$3:AN892,A12,'Все игры'!AR$3:AR892,"У/Проигрыш") ) | I12: =M12+N12+Q12+R12 -> 1 | J12: =K12+L12+O12+P12 -> 3 | K12: =COUNTIFS('Все игры'!AN$3:AN892,A12,'Все игры'!AP$3:AP892,">0",'Все игры'!AO$3:AO892,"Мафия") -> 0 | L12: =IFERROR(__xludf.dummyfunction("COUNTBLANK(FILTER('Все игры'!AN$3:AP892,'Все игры'!AN$3:AN892=A12,'Все игры'!AP$3:AP892 < 1,'Все игры'!AO$3:AO892=""Мафия""))"),2) -> 2 | M12: =COUNTIFS('Все игры'!AN$3:AN892,A12,'Все игры'!AP$3:AP892,">0",'Все игры'!AO$3:AO892,"Шериф") -> 0 | N12: =IFERROR(__xludf.dummyfunction("COUNTBLANK(FILTER('Все игры'!AN$3:AP892,'Все игры'!AN$3:AN892=A12,'Все игры'!AP$3:AP892 < 1,'Все игры'!AO$3:AO892=""Шериф""))"),0) -> 0 | O12: =COUNTIFS('Все игры'!AN$3:AN892,A12,'Все игры'!AP$3:AP892,">0",'Все игры'!AO$3:AO892,"Дон") -> 0 | P12: =IFERROR(__xludf.dummyfunction("COUNTBLANK(FILTER('Все игры'!AN$3:AP892,'Все игры'!AN$3:AN892=A12,'Все игры'!AP$3:AP892 < 1,'Все игры'!AO$3:AO892=""Дон""))"),1) -> 1 | Q12: =COUNTIFS('Все игры'!AN$3:AN892,A12,'Все игры'!AP$3:AP892,">0",'Все игры'!AO$3:AO892,"Мирный") -> 0 | R12: =IFERROR(__xludf.dummyfunction("COUNTBLANK(FILTER('Все игры'!AN$3:AP892,'Все игры'!AN$3:AN892=A12,'Все игры'!AP$3:AP892 < 1,'Все игры'!AO$3:AO892=""Мирный""))"),1) -> 1 | S12: =IFERROR((K12+M12+O12+Q12)/(I12+J12), ) -> 0 | T12: =IFERROR((M12+Q12)/I12, ) -> 0 | U12: =IFERROR((K12+O12)/J12, ) -> 0 | V12: =IFERROR(K12/(K12+L12), ) -> 0 | W12: =IFERROR(M12/(M12+N12), ) -> 0 | X12: =IFERROR(O12/(O12+P12), ) -> 0 | Y12: =IFERROR(Q12/(Q12+R12), ) -> 0 | Z12: =SUMIFS('Все игры'!AQ$3:AQ892,'Все игры'!AN$3:AN892,A12) -> 0 | AA12: =SUMIFS('Все игры'!AQ$3:AQ892,'Все игры'!AN$3:AN892,A12,'Все игры'!AO$3:AO892,"Мафия") -> 0 | AB12: =SUMIFS('Все игры'!AQ$3:AQ892,'Все игры'!AN$3:AN892,A12,'Все игры'!AO$3:AO892,"Шериф") -> 0 | AC12: =SUMIFS('Все игры'!AQ$3:AQ892,'Все игры'!AN$3:AN892,A12,'Все игры'!AO$3:AO892,"Дон") -> 0 | AD12: =SUMIFS('Все игры'!AQ$3:AQ892,'Все игры'!AN$3:AN892,A12,'Все игры'!AO$3:AO892,"Мирный") -> 0 | AE12: =IFERROR(Z12/B12,0) -> 0 | AF12: =IFERROR(AA12/(K12+L12),0) -> 0 | AG12: =IFERROR(AB12/(M12+N12),0) -> 0 | AH12: =IFERROR(AC12/(O12+P12),0) -> 0 | AI12: =IFERROR(AD12/(Q12+R12),0) -> 0
A13: Тихий Закат | B13: =SUM(I13:J13) -> 2 | C13: =IF(COUNTIFS('Все игры'!AN$3:AN892,A13,'Все игры'!AS$3:AS892,"=1")=0, "", COUNTIFS('Все игры'!AN$3:AN892,A13,'Все игры'!AS$3:AS892,"=1")) | D13: =IF(COUNTIFS('Все игры'!AN$3:AN892,A13,'Все игры'!AS$3:AS892,"=0,50")=0, "", COUNTIFS('Все игры'!AN$3:AN892,A13,'Все игры'!AS$3:AS892,"=0,50")) | E13: =IF(COUNTIFS('Все игры'!AN$3:AN892,A13,'Все игры'!AR$3:AR892,"ПУ")=0, "", COUNTIFS('Все игры'!AN$3:AN892,A13,'Все игры'!AR$3:AR892,"ПУ")) | F13: =IFERROR(E13/I13,0) -> 0 | G13: =IF(COUNTIFS('Все игры'!AN$3:AN892,A13,'Все игры'!AR$3:AR892,"У/Победа")=0, "",COUNTIFS('Все игры'!AN$3:AN892,A13,'Все игры'!AR$3:AR892,"У/Победа") ) | H13: =IF(COUNTIFS('Все игры'!AN$3:AN892,A13,'Все игры'!AR$3:AR892,"У/Проигрыш")=0, "",COUNTIFS('Все игры'!AN$3:AN892,A13,'Все игры'!AR$3:AR892,"У/Проигрыш") ) | I13: =M13+N13+Q13+R13 -> 2 | J13: =K13+L13+O13+P13 -> 0 | K13: =COUNTIFS('Все игры'!AN$3:AN892,A13,'Все игры'!AP$3:AP892,">0",'Все игры'!AO$3:AO892,"Мафия") -> 0 | L13: =IFERROR(__xludf.dummyfunction("COUNTBLANK(FILTER('Все игры'!AN$3:AP892,'Все игры'!AN$3:AN892=A13,'Все игры'!AP$3:AP892 < 1,'Все игры'!AO$3:AO892=""Мафия""))"),0) -> 0 | M13: =COUNTIFS('Все игры'!AN$3:AN892,A13,'Все игры'!AP$3:AP892,">0",'Все игры'!AO$3:AO892,"Шериф") -> 0 | N13: =IFERROR(__xludf.dummyfunction("COUNTBLANK(FILTER('Все игры'!AN$3:AP892,'Все игры'!AN$3:AN892=A13,'Все игры'!AP$3:AP892 < 1,'Все игры'!AO$3:AO892=""Шериф""))"),1) -> 1 | O13: =COUNTIFS('Все игры'!AN$3:AN892,A13,'Все игры'!AP$3:AP892,">0",'Все игры'!AO$3:AO892,"Дон") -> 0 | P13: =IFERROR(__xludf.dummyfunction("COUNTBLANK(FILTER('Все игры'!AN$3:AP892,'Все игры'!AN$3:AN892=A13,'Все игры'!AP$3:AP892 < 1,'Все игры'!AO$3:AO892=""Дон""))"),0) -> 0 | Q13: =COUNTIFS('Все игры'!AN$3:AN892,A13,'Все игры'!AP$3:AP892,">0",'Все игры'!AO$3:AO892,"Мирный") -> 0 | R13: =IFERROR(__xludf.dummyfunction("COUNTBLANK(FILTER('Все игры'!AN$3:AP892,'Все игры'!AN$3:AN892=A13,'Все игры'!AP$3:AP892 < 1,'Все игры'!AO$3:AO892=""Мирный""))"),1) -> 1 | S13: =IFERROR((K13+M13+O13+Q13)/(I13+J13), ) -> 0 | T13: =IFERROR((M13+Q13)/I13, ) -> 0 | U13: =IFERROR((K13+O13)/J13, ) -> 0 | V13: =IFERROR(K13/(K13+L13), ) -> 0 | W13: =IFERROR(M13/(M13+N13), ) -> 0 | X13: =IFERROR(O13/(O13+P13), ) -> 0 | Y13: =IFERROR(Q13/(Q13+R13), ) -> 0 | Z13: =SUMIFS('Все игры'!AQ$3:AQ892,'Все игры'!AN$3:AN892,A13) -> 0 | AA13: =SUMIFS('Все игры'!AQ$3:AQ892,'Все игры'!AN$3:AN892,A13,'Все игры'!AO$3:AO892,"Мафия") -> 0 | AB13: =SUMIFS('Все игры'!AQ$3:AQ892,'Все игры'!AN$3:AN892,A13,'Все игры'!AO$3:AO892,"Шериф") -> 0 | AC13: =SUMIFS('Все игры'!AQ$3:AQ892,'Все игры'!AN$3:AN892,A13,'Все игры'!AO$3:AO892,"Дон") -> 0 | AD13: =SUMIFS('Все игры'!AQ$3:AQ892,'Все игры'!AN$3:AN892,A13,'Все игры'!AO$3:AO892,"Мирный") -> 0 | AE13: =IFERROR(Z13/B13,0) -> 0 | AF13: =IFERROR(AA13/(K13+L13),0) -> 0 | AG13: =IFERROR(AB13/(M13+N13),0) -> 0 | AH13: =IFERROR(AC13/(O13+P13),0) -> 0 | AI13: =IFERROR(AD13/(Q13+R13),0) -> 0
A14: Cherry Pick | B14: =SUM(I14:J14) -> 4 | C14: =IF(COUNTIFS('Все игры'!AN$3:AN892,A14,'Все игры'!AS$3:AS892,"=1")=0, "", COUNTIFS('Все игры'!AN$3:AN892,A14,'Все игры'!AS$3:AS892,"=1")) | D14: =IF(COUNTIFS('Все игры'!AN$3:AN892,A14,'Все игры'!AS$3:AS892,"=0,50")=0, "", COUNTIFS('Все игры'!AN$3:AN892,A14,'Все игры'!AS$3:AS892,"=0,50")) | E14: =IF(COUNTIFS('Все игры'!AN$3:AN892,A14,'Все игры'!AR$3:AR892,"ПУ")=0, "", COUNTIFS('Все игры'!AN$3:AN892,A14,'Все игры'!AR$3:AR892,"ПУ")) | F14: =IFERROR(E14/I14,0) -> 0 | G14: =IF(COUNTIFS('Все игры'!AN$3:AN892,A14,'Все игры'!AR$3:AR892,"У/Победа")=0, "",COUNTIFS('Все игры'!AN$3:AN892,A14,'Все игры'!AR$3:AR892,"У/Победа") ) | H14: =IF(COUNTIFS('Все игры'!AN$3:AN892,A14,'Все игры'!AR$3:AR892,"У/Проигрыш")=0, "",COUNTIFS('Все игры'!AN$3:AN892,A14,'Все игры'!AR$3:AR892,"У/Проигрыш") ) | I14: =M14+N14+Q14+R14 -> 2 | J14: =K14+L14+O14+P14 -> 2 | K14: =COUNTIFS('Все игры'!AN$3:AN892,A14,'Все игры'!AP$3:AP892,">0",'Все игры'!AO$3:AO892,"Мафия") -> 0 | L14: =IFERROR(__xludf.dummyfunction("COUNTBLANK(FILTER('Все игры'!AN$3:AP892,'Все игры'!AN$3:AN892=A14,'Все игры'!AP$3:AP892 < 1,'Все игры'!AO$3:AO892=""Мафия""))"),2) -> 2 | M14: =COUNTIFS('Все игры'!AN$3:AN892,A14,'Все игры'!AP$3:AP892,">0",'Все игры'!AO$3:AO892,"Шериф") -> 0 | N14: =IFERROR(__xludf.dummyfunction("COUNTBLANK(FILTER('Все игры'!AN$3:AP892,'Все игры'!AN$3:AN892=A14,'Все игры'!AP$3:AP892 < 1,'Все игры'!AO$3:AO892=""Шериф""))"),0) -> 0 | O14: =COUNTIFS('Все игры'!AN$3:AN892,A14,'Все игры'!AP$3:AP892,">0",'Все игры'!AO$3:AO892,"Дон") -> 0 | P14: =IFERROR(__xludf.dummyfunction("COUNTBLANK(FILTER('Все игры'!AN$3:AP892,'Все игры'!AN$3:AN892=A14,'Все игры'!AP$3:AP892 < 1,'Все игры'!AO$3:AO892=""Дон""))"),0) -> 0 | Q14: =COUNTIFS('Все игры'!AN$3:AN892,A14,'Все игры'!AP$3:AP892,">0",'Все игры'!AO$3:AO892,"Мирный") -> 0 | R14: =IFERROR(__xludf.dummyfunction("COUNTBLANK(FILTER('Все игры'!AN$3:AP892,'Все игры'!AN$3:AN892=A14,'Все игры'!AP$3:AP892 < 1,'Все игры'!AO$3:AO892=""Мирный""))"),2) -> 2 | S14: =IFERROR((K14+M14+O14+Q14)/(I14+J14), ) -> 0 | T14: =IFERROR((M14+Q14)/I14, ) -> 0 | U14: =IFERROR((K14+O14)/J14, ) -> 0 | V14: =IFERROR(K14/(K14+L14), ) -> 0 | W14: =IFERROR(M14/(M14+N14), ) -> 0 | X14: =IFERROR(O14/(O14+P14), ) -> 0 | Y14: =IFERROR(Q14/(Q14+R14), ) -> 0 | Z14: =SUMIFS('Все игры'!AQ$3:AQ892,'Все игры'!AN$3:AN892,A14) -> 0 | AA14: =SUMIFS('Все игры'!AQ$3:AQ892,'Все игры'!AN$3:AN892,A14,'Все игры'!AO$3:AO892,"Мафия") -> 0 | AB14: =SUMIFS('Все игры'!AQ$3:AQ892,'Все игры'!AN$3:AN892,A14,'Все игры'!AO$3:AO892,"Шериф") -> 0 | AC14: =SUMIFS('Все игры'!AQ$3:AQ892,'Все игры'!AN$3:AN892,A14,'Все игры'!AO$3:AO892,"Дон") -> 0 | AD14: =SUMIFS('Все игры'!AQ$3:AQ892,'Все игры'!AN$3:AN892,A14,'Все игры'!AO$3:AO892,"Мирный") -> 0 | AE14: =IFERROR(Z14/B14,0) -> 0 | AF14: =IFERROR(AA14/(K14+L14),0) -> 0 | AG14: =IFERROR(AB14/(M14+N14),0) -> 0 | AH14: =IFERROR(AC14/(O14+P14),0) -> 0 | AI14: =IFERROR(AD14/(Q14+R14),0) -> 0
A16: 2 ПОЛУФИНАЛ
A17: Игрок | B17: Кол-во игр | C17: ЛХ полный | D17: ЛХ двойка | E17: ПУ | F17: Killrate | G17: Победил в угадайке | H17: Проиграл в угадайке | I17: Все красные (М+Ш) игр | J17: Все черные (Д+М) игр | K17: Мафия Побед | L17: Мафия Проигрышей | M17: Шериф Побед | N17: Шериф Проигрышей | O17: Дон Побед | P17: Дон Проигрышей | Q17: Мирный Побед | R17: Мирный Проигрышей | S17: WINRATE общий | T17: Все красные (М+Ш) % побед | U17: Все черные (Д+М) % побед | V17: Мафия: % Побед | W17: Шериф: % Побед | X17: Дон: % Побед | Y17: Мирный: % Побед | Z17: Всего: допы | AA17: Мафия: допы | AB17: Шериф: допы | AC17: Дон: допы | AD17: Мирный: допы | AE17: Общий: ср.доп | AF17: Мафия: ср. доп | AG17: Шериф: ср.доп | AH17: Дон: ср.доп | AI17: Мирный: ср.доп
A18: {='2 Полуфинал'!B6:B15} -> Армен 24 | B18: =SUM(I18:J18) -> 4 | C18: =IF(COUNTIFS('Все игры'!AV$3:AV892,A18,'Все игры'!BA$3:BA892,"=1")=0, "", COUNTIFS('Все игры'!AV$3:AV892,A18,'Все игры'!BA$3:BA892,"=1")) | D18: =IF(COUNTIFS('Все игры'!AV$3:AV892,A18,'Все игры'!BA$3:BA892,"=0,50")=0, "", COUNTIFS('Все игры'!AV$3:AV892,A18,'Все игры'!BA$3:BA892,"=0,50")) | E18: =IF(COUNTIFS('Все игры'!AV$3:AV892,A18,'Все игры'!AZ$3:AZ892,"ПУ")=0, "", COUNTIFS('Все игры'!AV$3:AV892,A18,'Все игры'!AZ$3:AZ892,"ПУ")) | F18: =IFERROR(E18/I18,0) -> 0 | G18: =IF(COUNTIFS('Все игры'!AV$3:AV892,A18,'Все игры'!AZ$3:AZ892,"У/Победа")=0, "",COUNTIFS('Все игры'!AV$3:AV892,A18,'Все игры'!AZ$3:AZ892,"У/Победа") ) | H18: =IF(COUNTIFS('Все игры'!AV$3:AV892,A18,'Все игры'!AZ$3:AZ892,"У/Проигрыш")=0, "",COUNTIFS('Все игры'!AV$3:AV892,A18,'Все игры'!AZ$3:AZ892,"У/Проигрыш") ) | I18: =M18+N18+Q18+R18 -> 3 | J18: =K18+L18+O18+P18 -> 1 | K18: =COUNTIFS('Все игры'!AV$3:AV892,A18,'Все игры'!AX$3:AX892,">0",'Все игры'!AW$3:AW892,"Мафия") -> 0 | L18: =IFERROR(__xludf.dummyfunction("COUNTBLANK(FILTER('Все игры'!AV$3:AX892,'Все игры'!AV$3:AV892=A18,'Все игры'!AX$3:AX892 < 1,'Все игры'!AW$3:AW892=""Мафия""))"),0) -> 0 | M18: =COUNTIFS('Все игры'!AV$3:AV892,A18,'Все игры'!AX$3:AX892,">0",'Все игры'!AW$3:AW892,"Шериф") -> 0 | N18: =IFERROR(__xludf.dummyfunction("COUNTBLANK(FILTER('Все игры'!AV$3:AX892,'Все игры'!AV$3:AV892=A18,'Все игры'!AX$3:AX892 < 1,'Все игры'!AW$3:AW892=""Шериф""))"),0) -> 0 | O18: =COUNTIFS('Все игры'!AV$3:AV892,A18,'Все игры'!AX$3:AX892,">0",'Все игры'!AW$3:AW892,"Дон") -> 0 | P18: =IFERROR(__xludf.dummyfunction("COUNTBLANK(FILTER('Все игры'!AV$3:AX892,'Все игры'!AV$3:AV892=A18,'Все игры'!AX$3:AX892 < 1,'Все игры'!AW$3:AW892=""Дон""))"),1) -> 1 | Q18: =COUNTIFS('Все игры'!AV$3:AV892,A18,'Все игры'!AX$3:AX892,">0",'Все игры'!AW$3:AW892,"Мирный") -> 0 | R18: =IFERROR(__xludf.dummyfunction("COUNTBLANK(FILTER('Все игры'!AV$3:AX892,'Все игры'!AV$3:AV892=A18,'Все игры'!AX$3:AX892 < 1,'Все игры'!AW$3:AW892=""Мирный""))"),3) -> 3 | S18: =IFERROR((K18+M18+O18+Q18)/(I18+J18), ) -> 0 | T18: =IFERROR((M18+Q18)/I18, ) -> 0 | U18: =IFERROR((K18+O18)/J18, ) -> 0 | V18: =IFERROR(K18/(K18+L18), ) -> 0 | W18: =IFERROR(M18/(M18+N18), ) -> 0 | X18: =IFERROR(O18/(O18+P18), ) -> 0 | Y18: =IFERROR(Q18/(Q18+R18), ) -> 0 | Z18: =SUMIFS('Все игры'!AY$3:AY892,'Все игры'!AV$3:AV892,A18) -> 0 | AA18: =SUMIFS('Все игры'!AY$3:AY892,'Все игры'!AV$3:AV892,A18,'Все игры'!AW$3:AW892,"Мафия") -> 0 | AB18: =SUMIFS('Все игры'!AY$3:AY892,'Все игры'!AV$3:AV892,A18,'Все игры'!AW$3:AW892,"Шериф") -> 0 | AC18: =SUMIFS('Все игры'!AY$3:AY892,'Все игры'!AV$3:AV892,A18,'Все игры'!AW$3:AW892,"Дон") -> 0 | AD18: =SUMIFS('Все игры'!AY$3:AY892,'Все игры'!AV$3:AV892,A18,'Все игры'!AW$3:AW892,"Мирный") -> 0 | AE18: =IFERROR(Z18/B18,0) -> 0 | AF18: =IFERROR(AA18/(K18+L18),0) -> 0 | AG18: =IFERROR(AB18/(M18+N18),0) -> 0 | AH18: =IFERROR(AC18/(O18+P18),0) -> 0 | AI18: =IFERROR(AD18/(Q18+R18),0) -> 0
A19: Наполеон | B19: =SUM(I19:J19) -> 4 | C19: =IF(COUNTIFS('Все игры'!AV$3:AV892,A19,'Все игры'!BA$3:BA892,"=1")=0, "", COUNTIFS('Все игры'!AV$3:AV892,A19,'Все игры'!BA$3:BA892,"=1")) | D19: =IF(COUNTIFS('Все игры'!AV$3:AV892,A19,'Все игры'!BA$3:BA892,"=0,50")=0, "", COUNTIFS('Все игры'!AV$3:AV892,A19,'Все игры'!BA$3:BA892,"=0,50")) | E19: =IF(COUNTIFS('Все игры'!AV$3:AV892,A19,'Все игры'!AZ$3:AZ892,"ПУ")=0, "", COUNTIFS('Все игры'!AV$3:AV892,A19,'Все игры'!AZ$3:AZ892,"ПУ")) | F19: =IFERROR(E19/I19,0) -> 0 | G19: =IF(COUNTIFS('Все игры'!AV$3:AV892,A19,'Все игры'!AZ$3:AZ892,"У/Победа")=0, "",COUNTIFS('Все игры'!AV$3:AV892,A19,'Все игры'!AZ$3:AZ892,"У/Победа") ) | H19: =IF(COUNTIFS('Все игры'!AV$3:AV892,A19,'Все игры'!AZ$3:AZ892,"У/Проигрыш")=0, "",COUNTIFS('Все игры'!AV$3:AV892,A19,'Все игры'!AZ$3:AZ892,"У/Проигрыш") ) | I19: =M19+N19+Q19+R19 -> 2 | J19: =K19+L19+O19+P19 -> 2 | K19: =COUNTIFS('Все игры'!AV$3:AV892,A19,'Все игры'!AX$3:AX892,">0",'Все игры'!AW$3:AW892,"Мафия") -> 0 | L19: =IFERROR(__xludf.dummyfunction("COUNTBLANK(FILTER('Все игры'!AV$3:AX892,'Все игры'!AV$3:AV892=A19,'Все игры'!AX$3:AX892 < 1,'Все игры'!AW$3:AW892=""Мафия""))"),2) -> 2 | M19: =COUNTIFS('Все игры'!AV$3:AV892,A19,'Все игры'!AX$3:AX892,">0",'Все игры'!AW$3:AW892,"Шериф") -> 0 | N19: =IFERROR(__xludf.dummyfunction("COUNTBLANK(FILTER('Все игры'!AV$3:AX892,'Все игры'!AV$3:AV892=A19,'Все игры'!AX$3:AX892 < 1,'Все игры'!AW$3:AW892=""Шериф""))"),1) -> 1 | O19: =COUNTIFS('Все игры'!AV$3:AV892,A19,'Все игры'!AX$3:AX892,">0",'Все игры'!AW$3:AW892,"Дон") -> 0 | P19: =IFERROR(__xludf.dummyfunction("COUNTBLANK(FILTER('Все игры'!AV$3:AX892,'Все игры'!AV$3:AV892=A19,'Все игры'!AX$3:AX892 < 1,'Все игры'!AW$3:AW892=""Дон""))"),0) -> 0 | Q19: =COUNTIFS('Все игры'!AV$3:AV892,A19,'Все игры'!AX$3:AX892,">0",'Все игры'!AW$3:AW892,"Мирный") -> 0 | R19: =IFERROR(__xludf.dummyfunction("COUNTBLANK(FILTER('Все игры'!AV$3:AX892,'Все игры'!AV$3:AV892=A19,'Все игры'!AX$3:AX892 < 1,'Все игры'!AW$3:AW892=""Мирный""))"),1) -> 1 | S19: =IFERROR((K19+M19+O19+Q19)/(I19+J19), ) -> 0 | T19: =IFERROR((M19+Q19)/I19, ) -> 0 | U19: =IFERROR((K19+O19)/J19, ) -> 0 | V19: =IFERROR(K19/(K19+L19), ) -> 0 | W19: =IFERROR(M19/(M19+N19), ) -> 0 | X19: =IFERROR(O19/(O19+P19), ) -> 0 | Y19: =IFERROR(Q19/(Q19+R19), ) -> 0 | Z19: =SUMIFS('Все игры'!AY$3:AY892,'Все игры'!AV$3:AV892,A19) -> 0 | AA19: =SUMIFS('Все игры'!AY$3:AY892,'Все игры'!AV$3:AV892,A19,'Все игры'!AW$3:AW892,"Мафия") -> 0 | AB19: =SUMIFS('Все игры'!AY$3:AY892,'Все игры'!AV$3:AV892,A19,'Все игры'!AW$3:AW892,"Шериф") -> 0 | AC19: =SUMIFS('Все игры'!AY$3:AY892,'Все игры'!AV$3:AV892,A19,'Все игры'!AW$3:AW892,"Дон") -> 0 | AD19: =SUMIFS('Все игры'!AY$3:AY892,'Все игры'!AV$3:AV892,A19,'Все игры'!AW$3:AW892,"Мирный") -> 0 | AE19: =IFERROR(Z19/B19,0) -> 0 | AF19: =IFERROR(AA19/(K19+L19),0) -> 0 | AG19: =IFERROR(AB19/(M19+N19),0) -> 0 | AH19: =IFERROR(AC19/(O19+P19),0) -> 0 | AI19: =IFERROR(AD19/(Q19+R19),0) -> 0
A20: Мона | B20: =SUM(I20:J20) -> 5 | C20: =IF(COUNTIFS('Все игры'!AV$3:AV892,A20,'Все игры'!BA$3:BA892,"=1")=0, "", COUNTIFS('Все игры'!AV$3:AV892,A20,'Все игры'!BA$3:BA892,"=1")) | D20: =IF(COUNTIFS('Все игры'!AV$3:AV892,A20,'Все игры'!BA$3:BA892,"=0,50")=0, "", COUNTIFS('Все игры'!AV$3:AV892,A20,'Все игры'!BA$3:BA892,"=0,50")) | E20: =IF(COUNTIFS('Все игры'!AV$3:AV892,A20,'Все игры'!AZ$3:AZ892,"ПУ")=0, "", COUNTIFS('Все игры'!AV$3:AV892,A20,'Все игры'!AZ$3:AZ892,"ПУ")) | F20: =IFERROR(E20/I20,0) -> 0 | G20: =IF(COUNTIFS('Все игры'!AV$3:AV892,A20,'Все игры'!AZ$3:AZ892,"У/Победа")=0, "",COUNTIFS('Все игры'!AV$3:AV892,A20,'Все игры'!AZ$3:AZ892,"У/Победа") ) | H20: =IF(COUNTIFS('Все игры'!AV$3:AV892,A20,'Все игры'!AZ$3:AZ892,"У/Проигрыш")=0, "",COUNTIFS('Все игры'!AV$3:AV892,A20,'Все игры'!AZ$3:AZ892,"У/Проигрыш") ) | I20: =M20+N20+Q20+R20 -> 4 | J20: =K20+L20+O20+P20 -> 1 | K20: =COUNTIFS('Все игры'!AV$3:AV892,A20,'Все игры'!AX$3:AX892,">0",'Все игры'!AW$3:AW892,"Мафия") -> 0 | L20: =IFERROR(__xludf.dummyfunction("COUNTBLANK(FILTER('Все игры'!AV$3:AX892,'Все игры'!AV$3:AV892=A20,'Все игры'!AX$3:AX892 < 1,'Все игры'!AW$3:AW892=""Мафия""))"),0) -> 0 | M20: =COUNTIFS('Все игры'!AV$3:AV892,A20,'Все игры'!AX$3:AX892,">0",'Все игры'!AW$3:AW892,"Шериф") -> 0 | N20: =IFERROR(__xludf.dummyfunction("COUNTBLANK(FILTER('Все игры'!AV$3:AX892,'Все игры'!AV$3:AV892=A20,'Все игры'!AX$3:AX892 < 1,'Все игры'!AW$3:AW892=""Шериф""))"),1) -> 1 | O20: =COUNTIFS('Все игры'!AV$3:AV892,A20,'Все игры'!AX$3:AX892,">0",'Все игры'!AW$3:AW892,"Дон") -> 0 | P20: =IFERROR(__xludf.dummyfunction("COUNTBLANK(FILTER('Все игры'!AV$3:AX892,'Все игры'!AV$3:AV892=A20,'Все игры'!AX$3:AX892 < 1,'Все игры'!AW$3:AW892=""Дон""))"),1) -> 1 | Q20: =COUNTIFS('Все игры'!AV$3:AV892,A20,'Все игры'!AX$3:AX892,">0",'Все игры'!AW$3:AW892,"Мирный") -> 0 | R20: =IFERROR(__xludf.dummyfunction("COUNTBLANK(FILTER('Все игры'!AV$3:AX892,'Все игры'!AV$3:AV892=A20,'Все игры'!AX$3:AX892 < 1,'Все игры'!AW$3:AW892=""Мирный""))"),3) -> 3 | S20: =IFERROR((K20+M20+O20+Q20)/(I20+J20), ) -> 0 | T20: =IFERROR((M20+Q20)/I20, ) -> 0 | U20: =IFERROR((K20+O20)/J20, ) -> 0 | V20: =IFERROR(K20/(K20+L20), ) -> 0 | W20: =IFERROR(M20/(M20+N20), ) -> 0 | X20: =IFERROR(O20/(O20+P20), ) -> 0 | Y20: =IFERROR(Q20/(Q20+R20), ) -> 0 | Z20: =SUMIFS('Все игры'!AY$3:AY892,'Все игры'!AV$3:AV892,A20) -> 0 | AA20: =SUMIFS('Все игры'!AY$3:AY892,'Все игры'!AV$3:AV892,A20,'Все игры'!AW$3:AW892,"Мафия") -> 0 | AB20: =SUMIFS('Все игры'!AY$3:AY892,'Все игры'!AV$3:AV892,A20,'Все игры'!AW$3:AW892,"Шериф") -> 0 | AC20: =SUMIFS('Все игры'!AY$3:AY892,'Все игры'!AV$3:AV892,A20,'Все игры'!AW$3:AW892,"Дон") -> 0 | AD20: =SUMIFS('Все игры'!AY$3:AY892,'Все игры'!AV$3:AV892,A20,'Все игры'!AW$3:AW892,"Мирный") -> 0 | AE20: =IFERROR(Z20/B20,0) -> 0 | AF20: =IFERROR(AA20/(K20+L20),0) -> 0 | AG20: =IFERROR(AB20/(M20+N20),0) -> 0 | AH20: =IFERROR(AC20/(O20+P20),0) -> 0 | AI20: =IFERROR(AD20/(Q20+R20),0) -> 0
A21: UFO | B21: =SUM(I21:J21) -> 3 | C21: =IF(COUNTIFS('Все игры'!AV$3:AV892,A21,'Все игры'!BA$3:BA892,"=1")=0, "", COUNTIFS('Все игры'!AV$3:AV892,A21,'Все игры'!BA$3:BA892,"=1")) | D21: =IF(COUNTIFS('Все игры'!AV$3:AV892,A21,'Все игры'!BA$3:BA892,"=0,50")=0, "", COUNTIFS('Все игры'!AV$3:AV892,A21,'Все игры'!BA$3:BA892,"=0,50")) | E21: =IF(COUNTIFS('Все игры'!AV$3:AV892,A21,'Все игры'!AZ$3:AZ892,"ПУ")=0, "", COUNTIFS('Все игры'!AV$3:AV892,A21,'Все игры'!AZ$3:AZ892,"ПУ")) | F21: =IFERROR(E21/I21,0) -> 0 | G21: =IF(COUNTIFS('Все игры'!AV$3:AV892,A21,'Все игры'!AZ$3:AZ892,"У/Победа")=0, "",COUNTIFS('Все игры'!AV$3:AV892,A21,'Все игры'!AZ$3:AZ892,"У/Победа") ) | H21: =IF(COUNTIFS('Все игры'!AV$3:AV892,A21,'Все игры'!AZ$3:AZ892,"У/Проигрыш")=0, "",COUNTIFS('Все игры'!AV$3:AV892,A21,'Все игры'!AZ$3:AZ892,"У/Проигрыш") ) | I21: =M21+N21+Q21+R21 -> 2 | J21: =K21+L21+O21+P21 -> 1 | K21: =COUNTIFS('Все игры'!AV$3:AV892,A21,'Все игры'!AX$3:AX892,">0",'Все игры'!AW$3:AW892,"Мафия") -> 0 | L21: =IFERROR(__xludf.dummyfunction("COUNTBLANK(FILTER('Все игры'!AV$3:AX892,'Все игры'!AV$3:AV892=A21,'Все игры'!AX$3:AX892 < 1,'Все игры'!AW$3:AW892=""Мафия""))"),1) -> 1 | M21: =COUNTIFS('Все игры'!AV$3:AV892,A21,'Все игры'!AX$3:AX892,">0",'Все игры'!AW$3:AW892,"Шериф") -> 0 | N21: =IFERROR(__xludf.dummyfunction("COUNTBLANK(FILTER('Все игры'!AV$3:AX892,'Все игры'!AV$3:AV892=A21,'Все игры'!AX$3:AX892 < 1,'Все игры'!AW$3:AW892=""Шериф""))"),1) -> 1 | O21: =COUNTIFS('Все игры'!AV$3:AV892,A21,'Все игры'!AX$3:AX892,">0",'Все игры'!AW$3:AW892,"Дон") -> 0 | P21: =IFERROR(__xludf.dummyfunction("COUNTBLANK(FILTER('Все игры'!AV$3:AX892,'Все игры'!AV$3:AV892=A21,'Все игры'!AX$3:AX892 < 1,'Все игры'!AW$3:AW892=""Дон""))"),0) -> 0 | Q21: =COUNTIFS('Все игры'!AV$3:AV892,A21,'Все игры'!AX$3:AX892,">0",'Все игры'!AW$3:AW892,"Мирный") -> 0 | R21: =IFERROR(__xludf.dummyfunction("COUNTBLANK(FILTER('Все игры'!AV$3:AX892,'Все игры'!AV$3:AV892=A21,'Все игры'!AX$3:AX892 < 1,'Все игры'!AW$3:AW892=""Мирный""))"),1) -> 1 | S21: =IFERROR((K21+M21+O21+Q21)/(I21+J21), ) -> 0 | T21: =IFERROR((M21+Q21)/I21, ) -> 0 | U21: =IFERROR((K21+O21)/J21, ) -> 0 | V21: =IFERROR(K21/(K21+L21), ) -> 0 | W21: =IFERROR(M21/(M21+N21), ) -> 0 | X21: =IFERROR(O21/(O21+P21), ) -> 0 | Y21: =IFERROR(Q21/(Q21+R21), ) -> 0 | Z21: =SUMIFS('Все игры'!AY$3:AY892,'Все игры'!AV$3:AV892,A21) -> 0 | AA21: =SUMIFS('Все игры'!AY$3:AY892,'Все игры'!AV$3:AV892,A21,'Все игры'!AW$3:AW892,"Мафия") -> 0 | AB21: =SUMIFS('Все игры'!AY$3:AY892,'Все игры'!AV$3:AV892,A21,'Все игры'!AW$3:AW892,"Шериф") -> 0 | AC21: =SUMIFS('Все игры'!AY$3:AY892,'Все игры'!AV$3:AV892,A21,'Все игры'!AW$3:AW892,"Дон") -> 0 | AD21: =SUMIFS('Все игры'!AY$3:AY892,'Все игры'!AV$3:AV892,A21,'Все игры'!AW$3:AW892,"Мирный") -> 0 | AE21: =IFERROR(Z21/B21,0) -> 0 | AF21: =IFERROR(AA21/(K21+L21),0) -> 0 | AG21: =IFERROR(AB21/(M21+N21),0) -> 0 | AH21: =IFERROR(AC21/(O21+P21),0) -> 0 | AI21: =IFERROR(AD21/(Q21+R21),0) -> 0
A22: Админ | B22: =SUM(I22:J22) -> 4 | C22: =IF(COUNTIFS('Все игры'!AV$3:AV892,A22,'Все игры'!BA$3:BA892,"=1")=0, "", COUNTIFS('Все игры'!AV$3:AV892,A22,'Все игры'!BA$3:BA892,"=1")) | D22: =IF(COUNTIFS('Все игры'!AV$3:AV892,A22,'Все игры'!BA$3:BA892,"=0,50")=0, "", COUNTIFS('Все игры'!AV$3:AV892,A22,'Все игры'!BA$3:BA892,"=0,50")) | E22: =IF(COUNTIFS('Все игры'!AV$3:AV892,A22,'Все игры'!AZ$3:AZ892,"ПУ")=0, "", COUNTIFS('Все игры'!AV$3:AV892,A22,'Все игры'!AZ$3:AZ892,"ПУ")) | F22: =IFERROR(E22/I22,0) -> 0 | G22: =IF(COUNTIFS('Все игры'!AV$3:AV892,A22,'Все игры'!AZ$3:AZ892,"У/Победа")=0, "",COUNTIFS('Все игры'!AV$3:AV892,A22,'Все игры'!AZ$3:AZ892,"У/Победа") ) | H22: =IF(COUNTIFS('Все игры'!AV$3:AV892,A22,'Все игры'!AZ$3:AZ892,"У/Проигрыш")=0, "",COUNTIFS('Все игры'!AV$3:AV892,A22,'Все игры'!AZ$3:AZ892,"У/Проигрыш") ) | I22: =M22+N22+Q22+R22 -> 2 | J22: =K22+L22+O22+P22 -> 2 | K22: =COUNTIFS('Все игры'!AV$3:AV892,A22,'Все игры'!AX$3:AX892,">0",'Все игры'!AW$3:AW892,"Мафия") -> 0 | L22: =IFERROR(__xludf.dummyfunction("COUNTBLANK(FILTER('Все игры'!AV$3:AX892,'Все игры'!AV$3:AV892=A22,'Все игры'!AX$3:AX892 < 1,'Все игры'!AW$3:AW892=""Мафия""))"),2) -> 2 | M22: =COUNTIFS('Все игры'!AV$3:AV892,A22,'Все игры'!AX$3:AX892,">0",'Все игры'!AW$3:AW892,"Шериф") -> 0 | N22: =IFERROR(__xludf.dummyfunction("COUNTBLANK(FILTER('Все игры'!AV$3:AX892,'Все игры'!AV$3:AV892=A22,'Все игры'!AX$3:AX892 < 1,'Все игры'!AW$3:AW892=""Шериф""))"),0) -> 0 | O22: =COUNTIFS('Все игры'!AV$3:AV892,A22,'Все игры'!AX$3:AX892,">0",'Все игры'!AW$3:AW892,"Дон") -> 0 | P22: =IFERROR(__xludf.dummyfunction("COUNTBLANK(FILTER('Все игры'!AV$3:AX892,'Все игры'!AV$3:AV892=A22,'Все игры'!AX$3:AX892 < 1,'Все игры'!AW$3:AW892=""Дон""))"),0) -> 0 | Q22: =COUNTIFS('Все игры'!AV$3:AV892,A22,'Все игры'!AX$3:AX892,">0",'Все игры'!AW$3:AW892,"Мирный") -> 0 | R22: =IFERROR(__xludf.dummyfunction("COUNTBLANK(FILTER('Все игры'!AV$3:AX892,'Все игры'!AV$3:AV892=A22,'Все игры'!AX$3:AX892 < 1,'Все игры'!AW$3:AW892=""Мирный""))"),2) -> 2 | S22: =IFERROR((K22+M22+O22+Q22)/(I22+J22), ) -> 0 | T22: =IFERROR((M22+Q22)/I22, ) -> 0 | U22: =IFERROR((K22+O22)/J22, ) -> 0 | V22: =IFERROR(K22/(K22+L22), ) -> 0 | W22: =IFERROR(M22/(M22+N22), ) -> 0 | X22: =IFERROR(O22/(O22+P22), ) -> 0 | Y22: =IFERROR(Q22/(Q22+R22), ) -> 0 | Z22: =SUMIFS('Все игры'!AY$3:AY892,'Все игры'!AV$3:AV892,A22) -> 0 | AA22: =SUMIFS('Все игры'!AY$3:AY892,'Все игры'!AV$3:AV892,A22,'Все игры'!AW$3:AW892,"Мафия") -> 0 | AB22: =SUMIFS('Все игры'!AY$3:AY892,'Все игры'!AV$3:AV892,A22,'Все игры'!AW$3:AW892,"Шериф") -> 0 | AC22: =SUMIFS('Все игры'!AY$3:AY892,'Все игры'!AV$3:AV892,A22,'Все игры'!AW$3:AW892,"Дон") -> 0 | AD22: =SUMIFS('Все игры'!AY$3:AY892,'Все игры'!AV$3:AV892,A22,'Все игры'!AW$3:AW892,"Мирный") -> 0 | AE22: =IFERROR(Z22/B22,0) -> 0 | AF22: =IFERROR(AA22/(K22+L22),0) -> 0 | AG22: =IFERROR(AB22/(M22+N22),0) -> 0 | AH22: =IFERROR(AC22/(O22+P22),0) -> 0 | AI22: =IFERROR(AD22/(Q22+R22),0) -> 0
A23: Curly | B23: =SUM(I23:J23) -> 3 | C23: =IF(COUNTIFS('Все игры'!AV$3:AV892,A23,'Все игры'!BA$3:BA892,"=1")=0, "", COUNTIFS('Все игры'!AV$3:AV892,A23,'Все игры'!BA$3:BA892,"=1")) | D23: =IF(COUNTIFS('Все игры'!AV$3:AV892,A23,'Все игры'!BA$3:BA892,"=0,50")=0, "", COUNTIFS('Все игры'!AV$3:AV892,A23,'Все игры'!BA$3:BA892,"=0,50")) | E23: =IF(COUNTIFS('Все игры'!AV$3:AV892,A23,'Все игры'!AZ$3:AZ892,"ПУ")=0, "", COUNTIFS('Все игры'!AV$3:AV892,A23,'Все игры'!AZ$3:AZ892,"ПУ")) | F23: =IFERROR(E23/I23,0) -> 0 | G23: =IF(COUNTIFS('Все игры'!AV$3:AV892,A23,'Все игры'!AZ$3:AZ892,"У/Победа")=0, "",COUNTIFS('Все игры'!AV$3:AV892,A23,'Все игры'!AZ$3:AZ892,"У/Победа") ) | H23: =IF(COUNTIFS('Все игры'!AV$3:AV892,A23,'Все игры'!AZ$3:AZ892,"У/Проигрыш")=0, "",COUNTIFS('Все игры'!AV$3:AV892,A23,'Все игры'!AZ$3:AZ892,"У/Проигрыш") ) | I23: =M23+N23+Q23+R23 -> 2 | J23: =K23+L23+O23+P23 -> 1 | K23: =COUNTIFS('Все игры'!AV$3:AV892,A23,'Все игры'!AX$3:AX892,">0",'Все игры'!AW$3:AW892,"Мафия") -> 0 | L23: =IFERROR(__xludf.dummyfunction("COUNTBLANK(FILTER('Все игры'!AV$3:AX892,'Все игры'!AV$3:AV892=A23,'Все игры'!AX$3:AX892 < 1,'Все игры'!AW$3:AW892=""Мафия""))"),1) -> 1 | M23: =COUNTIFS('Все игры'!AV$3:AV892,A23,'Все игры'!AX$3:AX892,">0",'Все игры'!AW$3:AW892,"Шериф") -> 0 | N23: =IFERROR(__xludf.dummyfunction("COUNTBLANK(FILTER('Все игры'!AV$3:AX892,'Все игры'!AV$3:AV892=A23,'Все игры'!AX$3:AX892 < 1,'Все игры'!AW$3:AW892=""Шериф""))"),0) -> 0 | O23: =COUNTIFS('Все игры'!AV$3:AV892,A23,'Все игры'!AX$3:AX892,">0",'Все игры'!AW$3:AW892,"Дон") -> 0 | P23: =IFERROR(__xludf.dummyfunction("COUNTBLANK(FILTER('Все игры'!AV$3:AX892,'Все игры'!AV$3:AV892=A23,'Все игры'!AX$3:AX892 < 1,'Все игры'!AW$3:AW892=""Дон""))"),0) -> 0 | Q23: =COUNTIFS('Все игры'!AV$3:AV892,A23,'Все игры'!AX$3:AX892,">0",'Все игры'!AW$3:AW892,"Мирный") -> 0 | R23: =IFERROR(__xludf.dummyfunction("COUNTBLANK(FILTER('Все игры'!AV$3:AX892,'Все игры'!AV$3:AV892=A23,'Все игры'!AX$3:AX892 < 1,'Все игры'!AW$3:AW892=""Мирный""))"),2) -> 2 | S23: =IFERROR((K23+M23+O23+Q23)/(I23+J23), ) -> 0 | T23: =IFERROR((M23+Q23)/I23, ) -> 0 | U23: =IFERROR((K23+O23)/J23, ) -> 0 | V23: =IFERROR(K23/(K23+L23), ) -> 0 | W23: =IFERROR(M23/(M23+N23), ) -> 0 | X23: =IFERROR(O23/(O23+P23), ) -> 0 | Y23: =IFERROR(Q23/(Q23+R23), ) -> 0 | Z23: =SUMIFS('Все игры'!AY$3:AY892,'Все игры'!AV$3:AV892,A23) -> 0 | AA23: =SUMIFS('Все игры'!AY$3:AY892,'Все игры'!AV$3:AV892,A23,'Все игры'!AW$3:AW892,"Мафия") -> 0 | AB23: =SUMIFS('Все игры'!AY$3:AY892,'Все игры'!AV$3:AV892,A23,'Все игры'!AW$3:AW892,"Шериф") -> 0 | AC23: =SUMIFS('Все игры'!AY$3:AY892,'Все игры'!AV$3:AV892,A23,'Все игры'!AW$3:AW892,"Дон") -> 0 | AD23: =SUMIFS('Все игры'!AY$3:AY892,'Все игры'!AV$3:AV892,A23,'Все игры'!AW$3:AW892,"Мирный") -> 0 | AE23: =IFERROR(Z23/B23,0) -> 0 | AF23: =IFERROR(AA23/(K23+L23),0) -> 0 | AG23: =IFERROR(AB23/(M23+N23),0) -> 0 | AH23: =IFERROR(AC23/(O23+P23),0) -> 0 | AI23: =IFERROR(AD23/(Q23+R23),0) -> 0
A24: Дракарис | B24: =SUM(I24:J24) -> 3 | C24: =IF(COUNTIFS('Все игры'!AV$3:AV892,A24,'Все игры'!BA$3:BA892,"=1")=0, "", COUNTIFS('Все игры'!AV$3:AV892,A24,'Все игры'!BA$3:BA892,"=1")) | D24: =IF(COUNTIFS('Все игры'!AV$3:AV892,A24,'Все игры'!BA$3:BA892,"=0,50")=0, "", COUNTIFS('Все игры'!AV$3:AV892,A24,'Все игры'!BA$3:BA892,"=0,50")) | E24: =IF(COUNTIFS('Все игры'!AV$3:AV892,A24,'Все игры'!AZ$3:AZ892,"ПУ")=0, "", COUNTIFS('Все игры'!AV$3:AV892,A24,'Все игры'!AZ$3:AZ892,"ПУ")) | F24: =IFERROR(E24/I24,0) -> 0 | G24: =IF(COUNTIFS('Все игры'!AV$3:AV892,A24,'Все игры'!AZ$3:AZ892,"У/Победа")=0, "",COUNTIFS('Все игры'!AV$3:AV892,A24,'Все игры'!AZ$3:AZ892,"У/Победа") ) | H24: =IF(COUNTIFS('Все игры'!AV$3:AV892,A24,'Все игры'!AZ$3:AZ892,"У/Проигрыш")=0, "",COUNTIFS('Все игры'!AV$3:AV892,A24,'Все игры'!AZ$3:AZ892,"У/Проигрыш") ) | I24: =M24+N24+Q24+R24 -> 3 | J24: =K24+L24+O24+P24 -> 0 | K24: =COUNTIFS('Все игры'!AV$3:AV892,A24,'Все игры'!AX$3:AX892,">0",'Все игры'!AW$3:AW892,"Мафия") -> 0 | L24: =IFERROR(__xludf.dummyfunction("COUNTBLANK(FILTER('Все игры'!AV$3:AX892,'Все игры'!AV$3:AV892=A24,'Все игры'!AX$3:AX892 < 1,'Все игры'!AW$3:AW892=""Мафия""))"),0) -> 0 | M24: =COUNTIFS('Все игры'!AV$3:AV892,A24,'Все игры'!AX$3:AX892,">0",'Все игры'!AW$3:AW892,"Шериф") -> 0 | N24: =IFERROR(__xludf.dummyfunction("COUNTBLANK(FILTER('Все игры'!AV$3:AX892,'Все игры'!AV$3:AV892=A24,'Все игры'!AX$3:AX892 < 1,'Все игры'!AW$3:AW892=""Шериф""))"),1) -> 1 | O24: =COUNTIFS('Все игры'!AV$3:AV892,A24,'Все игры'!AX$3:AX892,">0",'Все игры'!AW$3:AW892,"Дон") -> 0 | P24: =IFERROR(__xludf.dummyfunction("COUNTBLANK(FILTER('Все игры'!AV$3:AX892,'Все игры'!AV$3:AV892=A24,'Все игры'!AX$3:AX892 < 1,'Все игры'!AW$3:AW892=""Дон""))"),0) -> 0 | Q24: =COUNTIFS('Все игры'!AV$3:AV892,A24,'Все игры'!AX$3:AX892,">0",'Все игры'!AW$3:AW892,"Мирный") -> 0 | R24: =IFERROR(__xludf.dummyfunction("COUNTBLANK(FILTER('Все игры'!AV$3:AX892,'Все игры'!AV$3:AV892=A24,'Все игры'!AX$3:AX892 < 1,'Все игры'!AW$3:AW892=""Мирный""))"),2) -> 2 | S24: =IFERROR((K24+M24+O24+Q24)/(I24+J24), ) -> 0 | T24: =IFERROR((M24+Q24)/I24, ) -> 0 | U24: =IFERROR((K24+O24)/J24, ) -> 0 | V24: =IFERROR(K24/(K24+L24), ) -> 0 | W24: =IFERROR(M24/(M24+N24), ) -> 0 | X24: =IFERROR(O24/(O24+P24), ) -> 0 | Y24: =IFERROR(Q24/(Q24+R24), ) -> 0 | Z24: =SUMIFS('Все игры'!AY$3:AY892,'Все игры'!AV$3:AV892,A24) -> 0 | AA24: =SUMIFS('Все игры'!AY$3:AY892,'Все игры'!AV$3:AV892,A24,'Все игры'!AW$3:AW892,"Мафия") -> 0 | AB24: =SUMIFS('Все игры'!AY$3:AY892,'Все игры'!AV$3:AV892,A24,'Все игры'!AW$3:AW892,"Шериф") -> 0 | AC24: =SUMIFS('Все игры'!AY$3:AY892,'Все игры'!AV$3:AV892,A24,'Все игры'!AW$3:AW892,"Дон") -> 0 | AD24: =SUMIFS('Все игры'!AY$3:AY892,'Все игры'!AV$3:AV892,A24,'Все игры'!AW$3:AW892,"Мирный") -> 0 | AE24: =IFERROR(Z24/B24,0) -> 0 | AF24: =IFERROR(AA24/(K24+L24),0) -> 0 | AG24: =IFERROR(AB24/(M24+N24),0) -> 0 | AH24: =IFERROR(AC24/(O24+P24),0) -> 0 | AI24: =IFERROR(AD24/(Q24+R24),0) -> 0
A25: Луна | B25: =SUM(I25:J25) -> 6 | C25: =IF(COUNTIFS('Все игры'!AV$3:AV892,A25,'Все игры'!BA$3:BA892,"=1")=0, "", COUNTIFS('Все игры'!AV$3:AV892,A25,'Все игры'!BA$3:BA892,"=1")) | D25: =IF(COUNTIFS('Все игры'!AV$3:AV892,A25,'Все игры'!BA$3:BA892,"=0,50")=0, "", COUNTIFS('Все игры'!AV$3:AV892,A25,'Все игры'!BA$3:BA892,"=0,50")) | E25: =IF(COUNTIFS('Все игры'!AV$3:AV892,A25,'Все игры'!AZ$3:AZ892,"ПУ")=0, "", COUNTIFS('Все игры'!AV$3:AV892,A25,'Все игры'!AZ$3:AZ892,"ПУ")) | F25: =IFERROR(E25/I25,0) -> 0 | G25: =IF(COUNTIFS('Все игры'!AV$3:AV892,A25,'Все игры'!AZ$3:AZ892,"У/Победа")=0, "",COUNTIFS('Все игры'!AV$3:AV892,A25,'Все игры'!AZ$3:AZ892,"У/Победа") ) | H25: =IF(COUNTIFS('Все игры'!AV$3:AV892,A25,'Все игры'!AZ$3:AZ892,"У/Проигрыш")=0, "",COUNTIFS('Все игры'!AV$3:AV892,A25,'Все игры'!AZ$3:AZ892,"У/Проигрыш") ) | I25: =M25+N25+Q25+R25 -> 4 | J25: =K25+L25+O25+P25 -> 2 | K25: =COUNTIFS('Все игры'!AV$3:AV892,A25,'Все игры'!AX$3:AX892,">0",'Все игры'!AW$3:AW892,"Мафия") -> 0 | L25: =IFERROR(__xludf.dummyfunction("COUNTBLANK(FILTER('Все игры'!AV$3:AX892,'Все игры'!AV$3:AV892=A25,'Все игры'!AX$3:AX892 < 1,'Все игры'!AW$3:AW892=""Мафия""))"),1) -> 1 | M25: =COUNTIFS('Все игры'!AV$3:AV892,A25,'Все игры'!AX$3:AX892,">0",'Все игры'!AW$3:AW892,"Шериф") -> 0 | N25: =IFERROR(__xludf.dummyfunction("COUNTBLANK(FILTER('Все игры'!AV$3:AX892,'Все игры'!AV$3:AV892=A25,'Все игры'!AX$3:AX892 < 1,'Все игры'!AW$3:AW892=""Шериф""))"),0) -> 0 | O25: =COUNTIFS('Все игры'!AV$3:AV892,A25,'Все игры'!AX$3:AX892,">0",'Все игры'!AW$3:AW892,"Дон") -> 0 | P25: =IFERROR(__xludf.dummyfunction("COUNTBLANK(FILTER('Все игры'!AV$3:AX892,'Все игры'!AV$3:AV892=A25,'Все игры'!AX$3:AX892 < 1,'Все игры'!AW$3:AW892=""Дон""))"),1) -> 1 | Q25: =COUNTIFS('Все игры'!AV$3:AV892,A25,'Все игры'!AX$3:AX892,">0",'Все игры'!AW$3:AW892,"Мирный") -> 0 | R25: =IFERROR(__xludf.dummyfunction("COUNTBLANK(FILTER('Все игры'!AV$3:AX892,'Все игры'!AV$3:AV892=A25,'Все игры'!AX$3:AX892 < 1,'Все игры'!AW$3:AW892=""Мирный""))"),4) -> 4 | S25: =IFERROR((K25+M25+O25+Q25)/(I25+J25), ) -> 0 | T25: =IFERROR((M25+Q25)/I25, ) -> 0 | U25: =IFERROR((K25+O25)/J25, ) -> 0 | V25: =IFERROR(K25/(K25+L25), ) -> 0 | W25: =IFERROR(M25/(M25+N25), ) -> 0 | X25: =IFERROR(O25/(O25+P25), ) -> 0 | Y25: =IFERROR(Q25/(Q25+R25), ) -> 0 | Z25: =SUMIFS('Все игры'!AY$3:AY892,'Все игры'!AV$3:AV892,A25) -> 0 | AA25: =SUMIFS('Все игры'!AY$3:AY892,'Все игры'!AV$3:AV892,A25,'Все игры'!AW$3:AW892,"Мафия") -> 0 | AB25: =SUMIFS('Все игры'!AY$3:AY892,'Все игры'!AV$3:AV892,A25,'Все игры'!AW$3:AW892,"Шериф") -> 0 | AC25: =SUMIFS('Все игры'!AY$3:AY892,'Все игры'!AV$3:AV892,A25,'Все игры'!AW$3:AW892,"Дон") -> 0 | AD25: =SUMIFS('Все игры'!AY$3:AY892,'Все игры'!AV$3:AV892,A25,'Все игры'!AW$3:AW892,"Мирный") -> 0 | AE25: =IFERROR(Z25/B25,0) -> 0 | AF25: =IFERROR(AA25/(K25+L25),0) -> 0 | AG25: =IFERROR(AB25/(M25+N25),0) -> 0 | AH25: =IFERROR(AC25/(O25+P25),0) -> 0 | AI25: =IFERROR(AD25/(Q25+R25),0) -> 0
A26: Бастурма | B26: =SUM(I26:J26) -> 5 | C26: =IF(COUNTIFS('Все игры'!AV$3:AV892,A26,'Все игры'!BA$3:BA892,"=1")=0, "", COUNTIFS('Все игры'!AV$3:AV892,A26,'Все игры'!BA$3:BA892,"=1")) | D26: =IF(COUNTIFS('Все игры'!AV$3:AV892,A26,'Все игры'!BA$3:BA892,"=0,50")=0, "", COUNTIFS('Все игры'!AV$3:AV892,A26,'Все игры'!BA$3:BA892,"=0,50")) | E26: =IF(COUNTIFS('Все игры'!AV$3:AV892,A26,'Все игры'!AZ$3:AZ892,"ПУ")=0, "", COUNTIFS('Все игры'!AV$3:AV892,A26,'Все игры'!AZ$3:AZ892,"ПУ")) | F26: =IFERROR(E26/I26,0) -> 0 | G26: =IF(COUNTIFS('Все игры'!AV$3:AV892,A26,'Все игры'!AZ$3:AZ892,"У/Победа")=0, "",COUNTIFS('Все игры'!AV$3:AV892,A26,'Все игры'!AZ$3:AZ892,"У/Победа") ) | H26: =IF(COUNTIFS('Все игры'!AV$3:AV892,A26,'Все игры'!AZ$3:AZ892,"У/Проигрыш")=0, "",COUNTIFS('Все игры'!AV$3:AV892,A26,'Все игры'!AZ$3:AZ892,"У/Проигрыш") ) | I26: =M26+N26+Q26+R26 -> 4 | J26: =K26+L26+O26+P26 -> 1 | K26: =COUNTIFS('Все игры'!AV$3:AV892,A26,'Все игры'!AX$3:AX892,">0",'Все игры'!AW$3:AW892,"Мафия") -> 0 | L26: =IFERROR(__xludf.dummyfunction("COUNTBLANK(FILTER('Все игры'!AV$3:AX892,'Все игры'!AV$3:AV892=A26,'Все игры'!AX$3:AX892 < 1,'Все игры'!AW$3:AW892=""Мафия""))"),0) -> 0 | M26: =COUNTIFS('Все игры'!AV$3:AV892,A26,'Все игры'!AX$3:AX892,">0",'Все игры'!AW$3:AW892,"Шериф") -> 0 | N26: =IFERROR(__xludf.dummyfunction("COUNTBLANK(FILTER('Все игры'!AV$3:AX892,'Все игры'!AV$3:AV892=A26,'Все игры'!AX$3:AX892 < 1,'Все игры'!AW$3:AW892=""Шериф""))"),0) -> 0 | O26: =COUNTIFS('Все игры'!AV$3:AV892,A26,'Все игры'!AX$3:AX892,">0",'Все игры'!AW$3:AW892,"Дон") -> 0 | P26: =IFERROR(__xludf.dummyfunction("COUNTBLANK(FILTER('Все игры'!AV$3:AX892,'Все игры'!AV$3:AV892=A26,'Все игры'!AX$3:AX892 < 1,'Все игры'!AW$3:AW892=""Дон""))"),1) -> 1 | Q26: =COUNTIFS('Все игры'!AV$3:AV892,A26,'Все игры'!AX$3:AX892,">0",'Все игры'!AW$3:AW892,"Мирный") -> 0 | R26: =IFERROR(__xludf.dummyfunction("COUNTBLANK(FILTER('Все игры'!AV$3:AX892,'Все игры'!AV$3:AV892=A26,'Все игры'!AX$3:AX892 < 1,'Все игры'!AW$3:AW892=""Мирный""))"),4) -> 4 | S26: =IFERROR((K26+M26+O26+Q26)/(I26+J26), ) -> 0 | T26: =IFERROR((M26+Q26)/I26, ) -> 0 | U26: =IFERROR((K26+O26)/J26, ) -> 0 | V26: =IFERROR(K26/(K26+L26), ) -> 0 | W26: =IFERROR(M26/(M26+N26), ) -> 0 | X26: =IFERROR(O26/(O26+P26), ) -> 0 | Y26: =IFERROR(Q26/(Q26+R26), ) -> 0 | Z26: =SUMIFS('Все игры'!AY$3:AY892,'Все игры'!AV$3:AV892,A26) -> 0 | AA26: =SUMIFS('Все игры'!AY$3:AY892,'Все игры'!AV$3:AV892,A26,'Все игры'!AW$3:AW892,"Мафия") -> 0 | AB26: =SUMIFS('Все игры'!AY$3:AY892,'Все игры'!AV$3:AV892,A26,'Все игры'!AW$3:AW892,"Шериф") -> 0 | AC26: =SUMIFS('Все игры'!AY$3:AY892,'Все игры'!AV$3:AV892,A26,'Все игры'!AW$3:AW892,"Дон") -> 0 | AD26: =SUMIFS('Все игры'!AY$3:AY892,'Все игры'!AV$3:AV892,A26,'Все игры'!AW$3:AW892,"Мирный") -> 0 | AE26: =IFERROR(Z26/B26,0) -> 0 | AF26: =IFERROR(AA26/(K26+L26),0) -> 0 | AG26: =IFERROR(AB26/(M26+N26),0) -> 0 | AH26: =IFERROR(AC26/(O26+P26),0) -> 0 | AI26: =IFERROR(AD26/(Q26+R26),0) -> 0
A27: Никнейм | B27: =SUM(I27:J27) -> 3 | C27: =IF(COUNTIFS('Все игры'!AV$3:AV892,A27,'Все игры'!BA$3:BA892,"=1")=0, "", COUNTIFS('Все игры'!AV$3:AV892,A27,'Все игры'!BA$3:BA892,"=1")) | D27: =IF(COUNTIFS('Все игры'!AV$3:AV892,A27,'Все игры'!BA$3:BA892,"=0,50")=0, "", COUNTIFS('Все игры'!AV$3:AV892,A27,'Все игры'!BA$3:BA892,"=0,50")) | E27: =IF(COUNTIFS('Все игры'!AV$3:AV892,A27,'Все игры'!AZ$3:AZ892,"ПУ")=0, "", COUNTIFS('Все игры'!AV$3:AV892,A27,'Все игры'!AZ$3:AZ892,"ПУ")) | F27: =IFERROR(E27/I27,0) -> 0 | G27: =IF(COUNTIFS('Все игры'!AV$3:AV892,A27,'Все игры'!AZ$3:AZ892,"У/Победа")=0, "",COUNTIFS('Все игры'!AV$3:AV892,A27,'Все игры'!AZ$3:AZ892,"У/Победа") ) | H27: =IF(COUNTIFS('Все игры'!AV$3:AV892,A27,'Все игры'!AZ$3:AZ892,"У/Проигрыш")=0, "",COUNTIFS('Все игры'!AV$3:AV892,A27,'Все игры'!AZ$3:AZ892,"У/Проигрыш") ) | I27: =M27+N27+Q27+R27 -> 2 | J27: =K27+L27+O27+P27 -> 1 | K27: =COUNTIFS('Все игры'!AV$3:AV892,A27,'Все игры'!AX$3:AX892,">0",'Все игры'!AW$3:AW892,"Мафия") -> 0 | L27: =IFERROR(__xludf.dummyfunction("COUNTBLANK(FILTER('Все игры'!AV$3:AX892,'Все игры'!AV$3:AV892=A27,'Все игры'!AX$3:AX892 < 1,'Все игры'!AW$3:AW892=""Мафия""))"),1) -> 1 | M27: =COUNTIFS('Все игры'!AV$3:AV892,A27,'Все игры'!AX$3:AX892,">0",'Все игры'!AW$3:AW892,"Шериф") -> 0 | N27: =IFERROR(__xludf.dummyfunction("COUNTBLANK(FILTER('Все игры'!AV$3:AX892,'Все игры'!AV$3:AV892=A27,'Все игры'!AX$3:AX892 < 1,'Все игры'!AW$3:AW892=""Шериф""))"),0) -> 0 | O27: =COUNTIFS('Все игры'!AV$3:AV892,A27,'Все игры'!AX$3:AX892,">0",'Все игры'!AW$3:AW892,"Дон") -> 0 | P27: =IFERROR(__xludf.dummyfunction("COUNTBLANK(FILTER('Все игры'!AV$3:AX892,'Все игры'!AV$3:AV892=A27,'Все игры'!AX$3:AX892 < 1,'Все игры'!AW$3:AW892=""Дон""))"),0) -> 0 | Q27: =COUNTIFS('Все игры'!AV$3:AV892,A27,'Все игры'!AX$3:AX892,">0",'Все игры'!AW$3:AW892,"Мирный") -> 0 | R27: =IFERROR(__xludf.dummyfunction("COUNTBLANK(FILTER('Все игры'!AV$3:AX892,'Все игры'!AV$3:AV892=A27,'Все игры'!AX$3:AX892 < 1,'Все игры'!AW$3:AW892=""Мирный""))"),2) -> 2 | S27: =IFERROR((K27+M27+O27+Q27)/(I27+J27), ) -> 0 | T27: =IFERROR((M27+Q27)/I27, ) -> 0 | U27: =IFERROR((K27+O27)/J27, ) -> 0 | V27: =IFERROR(K27/(K27+L27), ) -> 0 | W27: =IFERROR(M27/(M27+N27), ) -> 0 | X27: =IFERROR(O27/(O27+P27), ) -> 0 | Y27: =IFERROR(Q27/(Q27+R27), ) -> 0 | Z27: =SUMIFS('Все игры'!AY$3:AY892,'Все игры'!AV$3:AV892,A27) -> 0 | AA27: =SUMIFS('Все игры'!AY$3:AY892,'Все игры'!AV$3:AV892,A27,'Все игры'!AW$3:AW892,"Мафия") -> 0 | AB27: =SUMIFS('Все игры'!AY$3:AY892,'Все игры'!AV$3:AV892,A27,'Все игры'!AW$3:AW892,"Шериф") -> 0 | AC27: =SUMIFS('Все игры'!AY$3:AY892,'Все игры'!AV$3:AV892,A27,'Все игры'!AW$3:AW892,"Дон") -> 0 | AD27: =SUMIFS('Все игры'!AY$3:AY892,'Все игры'!AV$3:AV892,A27,'Все игры'!AW$3:AW892,"Мирный") -> 0 | AE27: =IFERROR(Z27/B27,0) -> 0 | AF27: =IFERROR(AA27/(K27+L27),0) -> 0 | AG27: =IFERROR(AB27/(M27+N27),0) -> 0 | AH27: =IFERROR(AC27/(O27+P27),0) -> 0 | AI27: =IFERROR(AD27/(Q27+R27),0) -> 0
A29: ФИНАЛ
A30: Игрок | B30: Кол-во игр | C30: ЛХ полный | D30: ЛХ двойка | E30: ПУ | F30: Killrate | G30: Победил в угадайке | H30: Проиграл в угадайке | I30: Все красные (М+Ш) игр | J30: Все черные (Д+М) игр | K30: Мафия Побед | L30: Мафия Проигрышей | M30: Шериф Побед | N30: Шериф Проигрышей | O30: Дон Побед | P30: Дон Проигрышей | Q30: Мирный Побед | R30: Мирный Проигрышей | S30: WINRATE общий | T30: Все красные (М+Ш) % побед | U30: Все черные (Д+М) % побед | V30: Мафия: % Побед | W30: Шериф: % Побед | X30: Дон: % Побед | Y30: Мирный: % Побед | Z30: Всего: допы | AA30: Мафия: допы | AB30: Шериф: допы | AC30: Дон: допы | AD30: Мирный: допы | AE30: Общий: ср.доп | AF30: Мафия: ср. доп | AG30: Шериф: ср.доп | AH30: Дон: ср.доп | AI30: Мирный: ср.доп
A31: {=Финал!B6:B15} -> Тихий Закат | B31: =SUM(I31:J31) -> 9 | C31: =IF(COUNTIFS('Все игры'!BD$3:BD892,A31,'Все игры'!BI$3:BI892,"=1")=0, "", COUNTIFS('Все игры'!BD$3:BD892,A31,'Все игры'!BI$3:BI892,"=1")) | D31: =IF(COUNTIFS('Все игры'!BD$3:BD892,A31,'Все игры'!BI$3:BI892,"=0,50")=0, "", COUNTIFS('Все игры'!BD$3:BD892,A31,'Все игры'!BI$3:BI892,"=0,50")) | E31: =IF(COUNTIFS('Все игры'!BD$3:BD892,A31,'Все игры'!BH$3:BH892,"ПУ")=0, "", COUNTIFS('Все игры'!BD$3:BD892,A31,'Все игры'!BH$3:BH892,"ПУ")) | F31: =IFERROR(E31/I31,0) -> 0 | G31: =IF(COUNTIFS('Все игры'!BD$3:BD892,A31,'Все игры'!BH$3:BH892,"У/Победа")=0, "",COUNTIFS('Все игры'!BD$3:BD892,A31,'Все игры'!BH$3:BH892,"У/Победа") ) | H31: =IF(COUNTIFS('Все игры'!BD$3:BD892,A31,'Все игры'!BH$3:BH892,"У/Проигрыш")=0, "",COUNTIFS('Все игры'!BD$3:BD892,A31,'Все игры'!BH$3:BH892,"У/Проигрыш") ) | I31: =M31+N31+Q31+R31 -> 9 | J31: =K31+L31+O31+P31 -> 0 | K31: =COUNTIFS('Все игры'!BD$3:BD892,A31,'Все игры'!BF$3:BF892,">0",'Все игры'!BE$3:BE892,"Мафия") -> 0 | L31: =IFERROR(__xludf.dummyfunction("COUNTBLANK(FILTER('Все игры'!BD$3:BF892,'Все игры'!BD$3:BD892=A31,'Все игры'!BF$3:BF892 < 1,'Все игры'!BE$3:BE892=""Мафия""))"),0) -> 0 | M31: =COUNTIFS('Все игры'!BD$3:BD892,A31,'Все игры'!BF$3:BF892,">0",'Все игры'!BE$3:BE892,"Шериф") -> 0 | N31: =IFERROR(__xludf.dummyfunction("COUNTBLANK(FILTER('Все игры'!BD$3:BF892,'Все игры'!BD$3:BD892=A31,'Все игры'!BF$3:BF892 < 1,'Все игры'!BE$3:BE892=""Шериф""))"),2) -> 2 | O31: =COUNTIFS('Все игры'!BD$3:BD892,A31,'Все игры'!BF$3:BF892,">0",'Все игры'!BE$3:BE892,"Дон") -> 0 | P31: =IFERROR(__xludf.dummyfunction("COUNTBLANK(FILTER('Все игры'!BD$3:BF892,'Все игры'!BD$3:BD892=A31,'Все игры'!BF$3:BF892 < 1,'Все игры'!BE$3:BE892=""Дон""))"),0) -> 0 | Q31: =COUNTIFS('Все игры'!BD$3:BD892,A31,'Все игры'!BF$3:BF892,">0",'Все игры'!BE$3:BE892,"Мирный") -> 0 | R31: =IFERROR(__xludf.dummyfunction("COUNTBLANK(FILTER('Все игры'!BF$3:BF892,'Все игры'!BD$3:BD892=A31,'Все игры'!BF$3:BF892 < 1,'Все игры'!BE$3:BE892=""Мирный""))"),7) -> 7 | S31: =IFERROR((K31+M31+O31+Q31)/(I31+J31), ) -> 0 | T31: =IFERROR((M31+Q31)/I31, ) -> 0 | U31: =IFERROR((K31+O31)/J31, ) -> 0 | V31: =IFERROR(K31/(K31+L31), ) -> 0 | W31: =IFERROR(M31/(M31+N31), ) -> 0 | X31: =IFERROR(O31/(O31+P31), ) -> 0 | Y31: =IFERROR(Q31/(Q31+R31), ) -> 0 | Z31: =SUMIFS('Все игры'!BG$3:BG892,'Все игры'!BD$3:BD892,A31) -> 0 | AA31: =SUMIFS('Все игры'!BG$3:BG892,'Все игры'!BD$3:BD892,A31,'Все игры'!BE$3:BE892,"Мафия") -> 0 | AB31: =SUMIFS('Все игры'!BG$3:BG892,'Все игры'!BD$3:BD892,A31,'Все игры'!BE$3:BE892,"Шериф") -> 0 | AC31: =SUMIFS('Все игры'!BG$3:BG892,'Все игры'!BD$3:BD892,A31,'Все игры'!BE$3:BE892,"Дон") -> 0 | AD31: =SUMIFS('Все игры'!BG$3:BG892,'Все игры'!BD$3:BD892,A31,'Все игры'!BE$3:BE892,"Мирный") -> 0 | AE31: =IFERROR(Z31/B31,0) -> 0 | AF31: =IFERROR(AA31/(K31+L31),0) -> 0 | AG31: =IFERROR(AB31/(M31+N31),0) -> 0 | AH31: =IFERROR(AC31/(O31+P31),0) -> 0 | AI31: =IFERROR(AD31/(Q31+R31),0) -> 0
A32: Чешир | B32: =SUM(I32:J32) -> 9 | C32: =IF(COUNTIFS('Все игры'!BD$3:BD892,A32,'Все игры'!BI$3:BI892,"=1")=0, "", COUNTIFS('Все игры'!BD$3:BD892,A32,'Все игры'!BI$3:BI892,"=1")) | D32: =IF(COUNTIFS('Все игры'!BD$3:BD892,A32,'Все игры'!BI$3:BI892,"=0,50")=0, "", COUNTIFS('Все игры'!BD$3:BD892,A32,'Все игры'!BI$3:BI892,"=0,50")) | E32: =IF(COUNTIFS('Все игры'!BD$3:BD892,A32,'Все игры'!BH$3:BH892,"ПУ")=0, "", COUNTIFS('Все игры'!BD$3:BD892,A32,'Все игры'!BH$3:BH892,"ПУ")) | F32: =IFERROR(E32/I32,0) -> 0 | G32: =IF(COUNTIFS('Все игры'!BD$3:BD892,A32,'Все игры'!BH$3:BH892,"У/Победа")=0, "",COUNTIFS('Все игры'!BD$3:BD892,A32,'Все игры'!BH$3:BH892,"У/Победа") ) | H32: =IF(COUNTIFS('Все игры'!BD$3:BD892,A32,'Все игры'!BH$3:BH892,"У/Проигрыш")=0, "",COUNTIFS('Все игры'!BD$3:BD892,A32,'Все игры'!BH$3:BH892,"У/Проигрыш") ) | I32: =M32+N32+Q32+R32 -> 6 | J32: =K32+L32+O32+P32 -> 3 | K32: =COUNTIFS('Все игры'!BD$3:BD892,A32,'Все игры'!BF$3:BF892,">0",'Все игры'!BE$3:BE892,"Мафия") -> 0 | L32: =IFERROR(__xludf.dummyfunction("COUNTBLANK(FILTER('Все игры'!BD$3:BF892,'Все игры'!BD$3:BD892=A32,'Все игры'!BF$3:BF892 < 1,'Все игры'!BE$3:BE892=""Мафия""))"),2) -> 2 | M32: =COUNTIFS('Все игры'!BD$3:BD892,A32,'Все игры'!BF$3:BF892,">0",'Все игры'!BE$3:BE892,"Шериф") -> 0 | N32: =IFERROR(__xludf.dummyfunction("COUNTBLANK(FILTER('Все игры'!BD$3:BF892,'Все игры'!BD$3:BD892=A32,'Все игры'!BF$3:BF892 < 1,'Все игры'!BE$3:BE892=""Шериф""))"),1) -> 1 | O32: =COUNTIFS('Все игры'!BD$3:BD892,A32,'Все игры'!BF$3:BF892,">0",'Все игры'!BE$3:BE892,"Дон") -> 0 | P32: =IFERROR(__xludf.dummyfunction("COUNTBLANK(FILTER('Все игры'!BD$3:BF892,'Все игры'!BD$3:BD892=A32,'Все игры'!BF$3:BF892 < 1,'Все игры'!BE$3:BE892=""Дон""))"),1) -> 1 | Q32: =COUNTIFS('Все игры'!BD$3:BD892,A32,'Все игры'!BF$3:BF892,">0",'Все игры'!BE$3:BE892,"Мирный") -> 0 | R32: =IFERROR(__xludf.dummyfunction("COUNTBLANK(FILTER('Все игры'!BF$3:BF892,'Все игры'!BD$3:BD892=A32,'Все игры'!BF$3:BF892 < 1,'Все игры'!BE$3:BE892=""Мирный""))"),5) -> 5 | S32: =IFERROR((K32+M32+O32+Q32)/(I32+J32), ) -> 0 | T32: =IFERROR((M32+Q32)/I32, ) -> 0 | U32: =IFERROR((K32+O32)/J32, ) -> 0 | V32: =IFERROR(K32/(K32+L32), ) -> 0 | W32: =IFERROR(M32/(M32+N32), ) -> 0 | X32: =IFERROR(O32/(O32+P32), ) -> 0 | Y32: =IFERROR(Q32/(Q32+R32), ) -> 0 | Z32: =SUMIFS('Все игры'!BG$3:BG892,'Все игры'!BD$3:BD892,A32) -> 0 | AA32: =SUMIFS('Все игры'!BG$3:BG892,'Все игры'!BD$3:BD892,A32,'Все игры'!BE$3:BE892,"Мафия") -> 0 | AB32: =SUMIFS('Все игры'!BG$3:BG892,'Все игры'!BD$3:BD892,A32,'Все игры'!BE$3:BE892,"Шериф") -> 0 | AC32: =SUMIFS('Все игры'!BG$3:BG892,'Все игры'!BD$3:BD892,A32,'Все игры'!BE$3:BE892,"Дон") -> 0 | AD32: =SUMIFS('Все игры'!BG$3:BG892,'Все игры'!BD$3:BD892,A32,'Все игры'!BE$3:BE892,"Мирный") -> 0 | AE32: =IFERROR(Z32/B32,0) -> 0 | AF32: =IFERROR(AA32/(K32+L32),0) -> 0 | AG32: =IFERROR(AB32/(M32+N32),0) -> 0 | AH32: =IFERROR(AC32/(O32+P32),0) -> 0 | AI32: =IFERROR(AD32/(Q32+R32),0) -> 0
A33: Зверюга | B33: =SUM(I33:J33) -> 8 | C33: =IF(COUNTIFS('Все игры'!BD$3:BD892,A33,'Все игры'!BI$3:BI892,"=1")=0, "", COUNTIFS('Все игры'!BD$3:BD892,A33,'Все игры'!BI$3:BI892,"=1")) | D33: =IF(COUNTIFS('Все игры'!BD$3:BD892,A33,'Все игры'!BI$3:BI892,"=0,50")=0, "", COUNTIFS('Все игры'!BD$3:BD892,A33,'Все игры'!BI$3:BI892,"=0,50")) | E33: =IF(COUNTIFS('Все игры'!BD$3:BD892,A33,'Все игры'!BH$3:BH892,"ПУ")=0, "", COUNTIFS('Все игры'!BD$3:BD892,A33,'Все игры'!BH$3:BH892,"ПУ")) | F33: =IFERROR(E33/I33,0) -> 0 | G33: =IF(COUNTIFS('Все игры'!BD$3:BD892,A33,'Все игры'!BH$3:BH892,"У/Победа")=0, "",COUNTIFS('Все игры'!BD$3:BD892,A33,'Все игры'!BH$3:BH892,"У/Победа") ) | H33: =IF(COUNTIFS('Все игры'!BD$3:BD892,A33,'Все игры'!BH$3:BH892,"У/Проигрыш")=0, "",COUNTIFS('Все игры'!BD$3:BD892,A33,'Все игры'!BH$3:BH892,"У/Проигрыш") ) | I33: =M33+N33+Q33+R33 -> 6 | J33: =K33+L33+O33+P33 -> 2 | K33: =COUNTIFS('Все игры'!BD$3:BD892,A33,'Все игры'!BF$3:BF892,">0",'Все игры'!BE$3:BE892,"Мафия") -> 0 | L33: =IFERROR(__xludf.dummyfunction("COUNTBLANK(FILTER('Все игры'!BD$3:BF892,'Все игры'!BD$3:BD892=A33,'Все игры'!BF$3:BF892 < 1,'Все игры'!BE$3:BE892=""Мафия""))"),1) -> 1 | M33: =COUNTIFS('Все игры'!BD$3:BD892,A33,'Все игры'!BF$3:BF892,">0",'Все игры'!BE$3:BE892,"Шериф") -> 0 | N33: =IFERROR(__xludf.dummyfunction("COUNTBLANK(FILTER('Все игры'!BD$3:BF892,'Все игры'!BD$3:BD892=A33,'Все игры'!BF$3:BF892 < 1,'Все игры'!BE$3:BE892=""Шериф""))"),1) -> 1 | O33: =COUNTIFS('Все игры'!BD$3:BD892,A33,'Все игры'!BF$3:BF892,">0",'Все игры'!BE$3:BE892,"Дон") -> 0 | P33: =IFERROR(__xludf.dummyfunction("COUNTBLANK(FILTER('Все игры'!BD$3:BF892,'Все игры'!BD$3:BD892=A33,'Все игры'!BF$3:BF892 < 1,'Все игры'!BE$3:BE892=""Дон""))"),1) -> 1 | Q33: =COUNTIFS('Все игры'!BD$3:BD892,A33,'Все игры'!BF$3:BF892,">0",'Все игры'!BE$3:BE892,"Мирный") -> 0 | R33: =IFERROR(__xludf.dummyfunction("COUNTBLANK(FILTER('Все игры'!BF$3:BF892,'Все игры'!BD$3:BD892=A33,'Все игры'!BF$3:BF892 < 1,'Все игры'!BE$3:BE892=""Мирный""))"),5) -> 5 | S33: =IFERROR((K33+M33+O33+Q33)/(I33+J33), ) -> 0 | T33: =IFERROR((M33+Q33)/I33, ) -> 0 | U33: =IFERROR((K33+O33)/J33, ) -> 0 | V33: =IFERROR(K33/(K33+L33), ) -> 0 | W33: =IFERROR(M33/(M33+N33), ) -> 0 | X33: =IFERROR(O33/(O33+P33), ) -> 0 | Y33: =IFERROR(Q33/(Q33+R33), ) -> 0 | Z33: =SUMIFS('Все игры'!BG$3:BG892,'Все игры'!BD$3:BD892,A33) -> 0 | AA33: =SUMIFS('Все игры'!BG$3:BG892,'Все игры'!BD$3:BD892,A33,'Все игры'!BE$3:BE892,"Мафия") -> 0 | AB33: =SUMIFS('Все игры'!BG$3:BG892,'Все игры'!BD$3:BD892,A33,'Все игры'!BE$3:BE892,"Шериф") -> 0 | AC33: =SUMIFS('Все игры'!BG$3:BG892,'Все игры'!BD$3:BD892,A33,'Все игры'!BE$3:BE892,"Дон") -> 0 | AD33: =SUMIFS('Все игры'!BG$3:BG892,'Все игры'!BD$3:BD892,A33,'Все игры'!BE$3:BE892,"Мирный") -> 0 | AE33: =IFERROR(Z33/B33,0) -> 0 | AF33: =IFERROR(AA33/(K33+L33),0) -> 0 | AG33: =IFERROR(AB33/(M33+N33),0) -> 0 | AH33: =IFERROR(AC33/(O33+P33),0) -> 0 | AI33: =IFERROR(AD33/(Q33+R33),0) -> 0
A34: Махинатор | B34: =SUM(I34:J34) -> 8 | C34: =IF(COUNTIFS('Все игры'!BD$3:BD892,A34,'Все игры'!BI$3:BI892,"=1")=0, "", COUNTIFS('Все игры'!BD$3:BD892,A34,'Все игры'!BI$3:BI892,"=1")) | D34: =IF(COUNTIFS('Все игры'!BD$3:BD892,A34,'Все игры'!BI$3:BI892,"=0,50")=0, "", COUNTIFS('Все игры'!BD$3:BD892,A34,'Все игры'!BI$3:BI892,"=0,50")) | E34: =IF(COUNTIFS('Все игры'!BD$3:BD892,A34,'Все игры'!BH$3:BH892,"ПУ")=0, "", COUNTIFS('Все игры'!BD$3:BD892,A34,'Все игры'!BH$3:BH892,"ПУ")) | F34: =IFERROR(E34/I34,0) -> 0 | G34: =IF(COUNTIFS('Все игры'!BD$3:BD892,A34,'Все игры'!BH$3:BH892,"У/Победа")=0, "",COUNTIFS('Все игры'!BD$3:BD892,A34,'Все игры'!BH$3:BH892,"У/Победа") ) | H34: =IF(COUNTIFS('Все игры'!BD$3:BD892,A34,'Все игры'!BH$3:BH892,"У/Проигрыш")=0, "",COUNTIFS('Все игры'!BD$3:BD892,A34,'Все игры'!BH$3:BH892,"У/Проигрыш") ) | I34: =M34+N34+Q34+R34 -> 6 | J34: =K34+L34+O34+P34 -> 2 | K34: =COUNTIFS('Все игры'!BD$3:BD892,A34,'Все игры'!BF$3:BF892,">0",'Все игры'!BE$3:BE892,"Мафия") -> 0 | L34: =IFERROR(__xludf.dummyfunction("COUNTBLANK(FILTER('Все игры'!BD$3:BF892,'Все игры'!BD$3:BD892=A34,'Все игры'!BF$3:BF892 < 1,'Все игры'!BE$3:BE892=""Мафия""))"),2) -> 2 | M34: =COUNTIFS('Все игры'!BD$3:BD892,A34,'Все игры'!BF$3:BF892,">0",'Все игры'!BE$3:BE892,"Шериф") -> 0 | N34: =IFERROR(__xludf.dummyfunction("COUNTBLANK(FILTER('Все игры'!BD$3:BF892,'Все игры'!BD$3:BD892=A34,'Все игры'!BF$3:BF892 < 1,'Все игры'!BE$3:BE892=""Шериф""))"),0) -> 0 | O34: =COUNTIFS('Все игры'!BD$3:BD892,A34,'Все игры'!BF$3:BF892,">0",'Все игры'!BE$3:BE892,"Дон") -> 0 | P34: =IFERROR(__xludf.dummyfunction("COUNTBLANK(FILTER('Все игры'!BD$3:BF892,'Все игры'!BD$3:BD892=A34,'Все игры'!BF$3:BF892 < 1,'Все игры'!BE$3:BE892=""Дон""))"),0) -> 0 | Q34: =COUNTIFS('Все игры'!BD$3:BD892,A34,'Все игры'!BF$3:BF892,">0",'Все игры'!BE$3:BE892,"Мирный") -> 0 | R34: =IFERROR(__xludf.dummyfunction("COUNTBLANK(FILTER('Все игры'!BF$3:BF892,'Все игры'!BD$3:BD892=A34,'Все игры'!BF$3:BF892 < 1,'Все игры'!BE$3:BE892=""Мирный""))"),6) -> 6 | S34: =IFERROR((K34+M34+O34+Q34)/(I34+J34), ) -> 0 | T34: =IFERROR((M34+Q34)/I34, ) -> 0 | U34: =IFERROR((K34+O34)/J34, ) -> 0 | V34: =IFERROR(K34/(K34+L34), ) -> 0 | W34: =IFERROR(M34/(M34+N34), ) -> 0 | X34: =IFERROR(O34/(O34+P34), ) -> 0 | Y34: =IFERROR(Q34/(Q34+R34), ) -> 0 | Z34: =SUMIFS('Все игры'!BG$3:BG892,'Все игры'!BD$3:BD892,A34) -> 0 | AA34: =SUMIFS('Все игры'!BG$3:BG892,'Все игры'!BD$3:BD892,A34,'Все игры'!BE$3:BE892,"Мафия") -> 0 | AB34: =SUMIFS('Все игры'!BG$3:BG892,'Все игры'!BD$3:BD892,A34,'Все игры'!BE$3:BE892,"Шериф") -> 0 | AC34: =SUMIFS('Все игры'!BG$3:BG892,'Все игры'!BD$3:BD892,A34,'Все игры'!BE$3:BE892,"Дон") -> 0 | AD34: =SUMIFS('Все игры'!BG$3:BG892,'Все игры'!BD$3:BD892,A34,'Все игры'!BE$3:BE892,"Мирный") -> 0 | AE34: =IFERROR(Z34/B34,0) -> 0 | AF34: =IFERROR(AA34/(K34+L34),0) -> 0 | AG34: =IFERROR(AB34/(M34+N34),0) -> 0 | AH34: =IFERROR(AC34/(O34+P34),0) -> 0 | AI34: =IFERROR(AD34/(Q34+R34),0) -> 0
A35: NME | B35: =SUM(I35:J35) -> 9 | C35: =IF(COUNTIFS('Все игры'!BD$3:BD892,A35,'Все игры'!BI$3:BI892,"=1")=0, "", COUNTIFS('Все игры'!BD$3:BD892,A35,'Все игры'!BI$3:BI892,"=1")) | D35: =IF(COUNTIFS('Все игры'!BD$3:BD892,A35,'Все игры'!BI$3:BI892,"=0,50")=0, "", COUNTIFS('Все игры'!BD$3:BD892,A35,'Все игры'!BI$3:BI892,"=0,50")) | E35: =IF(COUNTIFS('Все игры'!BD$3:BD892,A35,'Все игры'!BH$3:BH892,"ПУ")=0, "", COUNTIFS('Все игры'!BD$3:BD892,A35,'Все игры'!BH$3:BH892,"ПУ")) | F35: =IFERROR(E35/I35,0) -> 0 | G35: =IF(COUNTIFS('Все игры'!BD$3:BD892,A35,'Все игры'!BH$3:BH892,"У/Победа")=0, "",COUNTIFS('Все игры'!BD$3:BD892,A35,'Все игры'!BH$3:BH892,"У/Победа") ) | H35: =IF(COUNTIFS('Все игры'!BD$3:BD892,A35,'Все игры'!BH$3:BH892,"У/Проигрыш")=0, "",COUNTIFS('Все игры'!BD$3:BD892,A35,'Все игры'!BH$3:BH892,"У/Проигрыш") ) | I35: =M35+N35+Q35+R35 -> 6 | J35: =K35+L35+O35+P35 -> 3 | K35: =COUNTIFS('Все игры'!BD$3:BD892,A35,'Все игры'!BF$3:BF892,">0",'Все игры'!BE$3:BE892,"Мафия") -> 0 | L35: =IFERROR(__xludf.dummyfunction("COUNTBLANK(FILTER('Все игры'!BD$3:BF892,'Все игры'!BD$3:BD892=A35,'Все игры'!BF$3:BF892 < 1,'Все игры'!BE$3:BE892=""Мафия""))"),3) -> 3 | M35: =COUNTIFS('Все игры'!BD$3:BD892,A35,'Все игры'!BF$3:BF892,">0",'Все игры'!BE$3:BE892,"Шериф") -> 0 | N35: =IFERROR(__xludf.dummyfunction("COUNTBLANK(FILTER('Все игры'!BD$3:BF892,'Все игры'!BD$3:BD892=A35,'Все игры'!BF$3:BF892 < 1,'Все игры'!BE$3:BE892=""Шериф""))"),1) -> 1 | O35: =COUNTIFS('Все игры'!BD$3:BD892,A35,'Все игры'!BF$3:BF892,">0",'Все игры'!BE$3:BE892,"Дон") -> 0 | P35: =IFERROR(__xludf.dummyfunction("COUNTBLANK(FILTER('Все игры'!BD$3:BF892,'Все игры'!BD$3:BD892=A35,'Все игры'!BF$3:BF892 < 1,'Все игры'!BE$3:BE892=""Дон""))"),0) -> 0 | Q35: =COUNTIFS('Все игры'!BD$3:BD892,A35,'Все игры'!BF$3:BF892,">0",'Все игры'!BE$3:BE892,"Мирный") -> 0 | R35: =IFERROR(__xludf.dummyfunction("COUNTBLANK(FILTER('Все игры'!BF$3:BF892,'Все игры'!BD$3:BD892=A35,'Все игры'!BF$3:BF892 < 1,'Все игры'!BE$3:BE892=""Мирный""))"),5) -> 5 | S35: =IFERROR((K35+M35+O35+Q35)/(I35+J35), ) -> 0 | T35: =IFERROR((M35+Q35)/I35, ) -> 0 | U35: =IFERROR((K35+O35)/J35, ) -> 0 | V35: =IFERROR(K35/(K35+L35), ) -> 0 | W35: =IFERROR(M35/(M35+N35), ) -> 0 | X35: =IFERROR(O35/(O35+P35), ) -> 0 | Y35: =IFERROR(Q35/(Q35+R35), ) -> 0 | Z35: =SUMIFS('Все игры'!BG$3:BG892,'Все игры'!BD$3:BD892,A35) -> 0 | AA35: =SUMIFS('Все игры'!BG$3:BG892,'Все игры'!BD$3:BD892,A35,'Все игры'!BE$3:BE892,"Мафия") -> 0 | AB35: =SUMIFS('Все игры'!BG$3:BG892,'Все игры'!BD$3:BD892,A35,'Все игры'!BE$3:BE892,"Шериф") -> 0 | AC35: =SUMIFS('Все игры'!BG$3:BG892,'Все игры'!BD$3:BD892,A35,'Все игры'!BE$3:BE892,"Дон") -> 0 | AD35: =SUMIFS('Все игры'!BG$3:BG892,'Все игры'!BD$3:BD892,A35,'Все игры'!BE$3:BE892,"Мирный") -> 0 | AE35: =IFERROR(Z35/B35,0) -> 0 | AF35: =IFERROR(AA35/(K35+L35),0) -> 0 | AG35: =IFERROR(AB35/(M35+N35),0) -> 0 | AH35: =IFERROR(AC35/(O35+P35),0) -> 0 | AI35: =IFERROR(AD35/(Q35+R35),0) -> 0
A36: Curly | B36: =SUM(I36:J36) -> 9 | C36: =IF(COUNTIFS('Все игры'!BD$3:BD892,A36,'Все игры'!BI$3:BI892,"=1")=0, "", COUNTIFS('Все игры'!BD$3:BD892,A36,'Все игры'!BI$3:BI892,"=1")) | D36: =IF(COUNTIFS('Все игры'!BD$3:BD892,A36,'Все игры'!BI$3:BI892,"=0,50")=0, "", COUNTIFS('Все игры'!BD$3:BD892,A36,'Все игры'!BI$3:BI892,"=0,50")) | E36: =IF(COUNTIFS('Все игры'!BD$3:BD892,A36,'Все игры'!BH$3:BH892,"ПУ")=0, "", COUNTIFS('Все игры'!BD$3:BD892,A36,'Все игры'!BH$3:BH892,"ПУ")) | F36: =IFERROR(E36/I36,0) -> 0 | G36: =IF(COUNTIFS('Все игры'!BD$3:BD892,A36,'Все игры'!BH$3:BH892,"У/Победа")=0, "",COUNTIFS('Все игры'!BD$3:BD892,A36,'Все игры'!BH$3:BH892,"У/Победа") ) | H36: =IF(COUNTIFS('Все игры'!BD$3:BD892,A36,'Все игры'!BH$3:BH892,"У/Проигрыш")=0, "",COUNTIFS('Все игры'!BD$3:BD892,A36,'Все игры'!BH$3:BH892,"У/Проигрыш") ) | I36: =M36+N36+Q36+R36 -> 9 | J36: =K36+L36+O36+P36 -> 0 | K36: =COUNTIFS('Все игры'!BD$3:BD892,A36,'Все игры'!BF$3:BF892,">0",'Все игры'!BE$3:BE892,"Мафия") -> 0 | L36: =IFERROR(__xludf.dummyfunction("COUNTBLANK(FILTER('Все игры'!BD$3:BF892,'Все игры'!BD$3:BD892=A36,'Все игры'!BF$3:BF892 < 1,'Все игры'!BE$3:BE892=""Мафия""))"),0) -> 0 | M36: =COUNTIFS('Все игры'!BD$3:BD892,A36,'Все игры'!BF$3:BF892,">0",'Все игры'!BE$3:BE892,"Шериф") -> 0 | N36: =IFERROR(__xludf.dummyfunction("COUNTBLANK(FILTER('Все игры'!BD$3:BF892,'Все игры'!BD$3:BD892=A36,'Все игры'!BF$3:BF892 < 1,'Все игры'!BE$3:BE892=""Шериф""))"),2) -> 2 | O36: =COUNTIFS('Все игры'!BD$3:BD892,A36,'Все игры'!BF$3:BF892,">0",'Все игры'!BE$3:BE892,"Дон") -> 0 | P36: =IFERROR(__xludf.dummyfunction("COUNTBLANK(FILTER('Все игры'!BD$3:BF892,'Все игры'!BD$3:BD892=A36,'Все игры'!BF$3:BF892 < 1,'Все игры'!BE$3:BE892=""Дон""))"),0) -> 0 | Q36: =COUNTIFS('Все игры'!BD$3:BD892,A36,'Все игры'!BF$3:BF892,">0",'Все игры'!BE$3:BE892,"Мирный") -> 0 | R36: =IFERROR(__xludf.dummyfunction("COUNTBLANK(FILTER('Все игры'!BF$3:BF892,'Все игры'!BD$3:BD892=A36,'Все игры'!BF$3:BF892 < 1,'Все игры'!BE$3:BE892=""Мирный""))"),7) -> 7 | S36: =IFERROR((K36+M36+O36+Q36)/(I36+J36), ) -> 0 | T36: =IFERROR((M36+Q36)/I36, ) -> 0 | U36: =IFERROR((K36+O36)/J36, ) -> 0 | V36: =IFERROR(K36/(K36+L36), ) -> 0 | W36: =IFERROR(M36/(M36+N36), ) -> 0 | X36: =IFERROR(O36/(O36+P36), ) -> 0 | Y36: =IFERROR(Q36/(Q36+R36), ) -> 0 | Z36: =SUMIFS('Все игры'!BG$3:BG892,'Все игры'!BD$3:BD892,A36) -> 0 | AA36: =SUMIFS('Все игры'!BG$3:BG892,'Все игры'!BD$3:BD892,A36,'Все игры'!BE$3:BE892,"Мафия") -> 0 | AB36: =SUMIFS('Все игры'!BG$3:BG892,'Все игры'!BD$3:BD892,A36,'Все игры'!BE$3:BE892,"Шериф") -> 0 | AC36: =SUMIFS('Все игры'!BG$3:BG892,'Все игры'!BD$3:BD892,A36,'Все игры'!BE$3:BE892,"Дон") -> 0 | AD36: =SUMIFS('Все игры'!BG$3:BG892,'Все игры'!BD$3:BD892,A36,'Все игры'!BE$3:BE892,"Мирный") -> 0 | AE36: =IFERROR(Z36/B36,0) -> 0 | AF36: =IFERROR(AA36/(K36+L36),0) -> 0 | AG36: =IFERROR(AB36/(M36+N36),0) -> 0 | AH36: =IFERROR(AC36/(O36+P36),0) -> 0 | AI36: =IFERROR(AD36/(Q36+R36),0) -> 0
A37: Дракарис | B37: =SUM(I37:J37) -> 8 | C37: =IF(COUNTIFS('Все игры'!BD$3:BD892,A37,'Все игры'!BI$3:BI892,"=1")=0, "", COUNTIFS('Все игры'!BD$3:BD892,A37,'Все игры'!BI$3:BI892,"=1")) | D37: =IF(COUNTIFS('Все игры'!BD$3:BD892,A37,'Все игры'!BI$3:BI892,"=0,50")=0, "", COUNTIFS('Все игры'!BD$3:BD892,A37,'Все игры'!BI$3:BI892,"=0,50")) | E37: =IF(COUNTIFS('Все игры'!BD$3:BD892,A37,'Все игры'!BH$3:BH892,"ПУ")=0, "", COUNTIFS('Все игры'!BD$3:BD892,A37,'Все игры'!BH$3:BH892,"ПУ")) | F37: =IFERROR(E37/I37,0) -> 0 | G37: =IF(COUNTIFS('Все игры'!BD$3:BD892,A37,'Все игры'!BH$3:BH892,"У/Победа")=0, "",COUNTIFS('Все игры'!BD$3:BD892,A37,'Все игры'!BH$3:BH892,"У/Победа") ) | H37: =IF(COUNTIFS('Все игры'!BD$3:BD892,A37,'Все игры'!BH$3:BH892,"У/Проигрыш")=0, "",COUNTIFS('Все игры'!BD$3:BD892,A37,'Все игры'!BH$3:BH892,"У/Проигрыш") ) | I37: =M37+N37+Q37+R37 -> 8 | J37: =K37+L37+O37+P37 -> 0 | K37: =COUNTIFS('Все игры'!BD$3:BD892,A37,'Все игры'!BF$3:BF892,">0",'Все игры'!BE$3:BE892,"Мафия") -> 0 | L37: =IFERROR(__xludf.dummyfunction("COUNTBLANK(FILTER('Все игры'!BD$3:BF892,'Все игры'!BD$3:BD892=A37,'Все игры'!BF$3:BF892 < 1,'Все игры'!BE$3:BE892=""Мафия""))"),0) -> 0 | M37: =COUNTIFS('Все игры'!BD$3:BD892,A37,'Все игры'!BF$3:BF892,">0",'Все игры'!BE$3:BE892,"Шериф") -> 0 | N37: =IFERROR(__xludf.dummyfunction("COUNTBLANK(FILTER('Все игры'!BD$3:BF892,'Все игры'!BD$3:BD892=A37,'Все игры'!BF$3:BF892 < 1,'Все игры'!BE$3:BE892=""Шериф""))"),1) -> 1 | O37: =COUNTIFS('Все игры'!BD$3:BD892,A37,'Все игры'!BF$3:BF892,">0",'Все игры'!BE$3:BE892,"Дон") -> 0 | P37: =IFERROR(__xludf.dummyfunction("COUNTBLANK(FILTER('Все игры'!BD$3:BF892,'Все игры'!BD$3:BD892=A37,'Все игры'!BF$3:BF892 < 1,'Все игры'!BE$3:BE892=""Дон""))"),0) -> 0 | Q37: =COUNTIFS('Все игры'!BD$3:BD892,A37,'Все игры'!BF$3:BF892,">0",'Все игры'!BE$3:BE892,"Мирный") -> 0 | R37: =IFERROR(__xludf.dummyfunction("COUNTBLANK(FILTER('Все игры'!BF$3:BF892,'Все игры'!BD$3:BD892=A37,'Все игры'!BF$3:BF892 < 1,'Все игры'!BE$3:BE892=""Мирный""))"),7) -> 7 | S37: =IFERROR((K37+M37+O37+Q37)/(I37+J37), ) -> 0 | T37: =IFERROR((M37+Q37)/I37, ) -> 0 | U37: =IFERROR((K37+O37)/J37, ) -> 0 | V37: =IFERROR(K37/(K37+L37), ) -> 0 | W37: =IFERROR(M37/(M37+N37), ) -> 0 | X37: =IFERROR(O37/(O37+P37), ) -> 0 | Y37: =IFERROR(Q37/(Q37+R37), ) -> 0 | Z37: =SUMIFS('Все игры'!BG$3:BG892,'Все игры'!BD$3:BD892,A37) -> 0 | AA37: =SUMIFS('Все игры'!BG$3:BG892,'Все игры'!BD$3:BD892,A37,'Все игры'!BE$3:BE892,"Мафия") -> 0 | AB37: =SUMIFS('Все игры'!BG$3:BG892,'Все игры'!BD$3:BD892,A37,'Все игры'!BE$3:BE892,"Шериф") -> 0 | AC37: =SUMIFS('Все игры'!BG$3:BG892,'Все игры'!BD$3:BD892,A37,'Все игры'!BE$3:BE892,"Дон") -> 0 | AD37: =SUMIFS('Все игры'!BG$3:BG892,'Все игры'!BD$3:BD892,A37,'Все игры'!BE$3:BE892,"Мирный") -> 0 | AE37: =IFERROR(Z37/B37,0) -> 0 | AF37: =IFERROR(AA37/(K37+L37),0) -> 0 | AG37: =IFERROR(AB37/(M37+N37),0) -> 0 | AH37: =IFERROR(AC37/(O37+P37),0) -> 0 | AI37: =IFERROR(AD37/(Q37+R37),0) -> 0
A38: Никнейм | B38: =SUM(I38:J38) -> 9 | C38: =IF(COUNTIFS('Все игры'!BD$3:BD892,A38,'Все игры'!BI$3:BI892,"=1")=0, "", COUNTIFS('Все игры'!BD$3:BD892,A38,'Все игры'!BI$3:BI892,"=1")) | D38: =IF(COUNTIFS('Все игры'!BD$3:BD892,A38,'Все игры'!BI$3:BI892,"=0,50")=0, "", COUNTIFS('Все игры'!BD$3:BD892,A38,'Все игры'!BI$3:BI892,"=0,50")) | E38: =IF(COUNTIFS('Все игры'!BD$3:BD892,A38,'Все игры'!BH$3:BH892,"ПУ")=0, "", COUNTIFS('Все игры'!BD$3:BD892,A38,'Все игры'!BH$3:BH892,"ПУ")) | F38: =IFERROR(E38/I38,0) -> 0 | G38: =IF(COUNTIFS('Все игры'!BD$3:BD892,A38,'Все игры'!BH$3:BH892,"У/Победа")=0, "",COUNTIFS('Все игры'!BD$3:BD892,A38,'Все игры'!BH$3:BH892,"У/Победа") ) | H38: =IF(COUNTIFS('Все игры'!BD$3:BD892,A38,'Все игры'!BH$3:BH892,"У/Проигрыш")=0, "",COUNTIFS('Все игры'!BD$3:BD892,A38,'Все игры'!BH$3:BH892,"У/Проигрыш") ) | I38: =M38+N38+Q38+R38 -> 9 | J38: =K38+L38+O38+P38 -> 0 | K38: =COUNTIFS('Все игры'!BD$3:BD892,A38,'Все игры'!BF$3:BF892,">0",'Все игры'!BE$3:BE892,"Мафия") -> 0 | L38: =IFERROR(__xludf.dummyfunction("COUNTBLANK(FILTER('Все игры'!BD$3:BF892,'Все игры'!BD$3:BD892=A38,'Все игры'!BF$3:BF892 < 1,'Все игры'!BE$3:BE892=""Мафия""))"),0) -> 0 | M38: =COUNTIFS('Все игры'!BD$3:BD892,A38,'Все игры'!BF$3:BF892,">0",'Все игры'!BE$3:BE892,"Шериф") -> 0 | N38: =IFERROR(__xludf.dummyfunction("COUNTBLANK(FILTER('Все игры'!BD$3:BF892,'Все игры'!BD$3:BD892=A38,'Все игры'!BF$3:BF892 < 1,'Все игры'!BE$3:BE892=""Шериф""))"),1) -> 1 | O38: =COUNTIFS('Все игры'!BD$3:BD892,A38,'Все игры'!BF$3:BF892,">0",'Все игры'!BE$3:BE892,"Дон") -> 0 | P38: =IFERROR(__xludf.dummyfunction("COUNTBLANK(FILTER('Все игры'!BD$3:BF892,'Все игры'!BD$3:BD892=A38,'Все игры'!BF$3:BF892 < 1,'Все игры'!BE$3:BE892=""Дон""))"),0) -> 0 | Q38: =COUNTIFS('Все игры'!BD$3:BD892,A38,'Все игры'!BF$3:BF892,">0",'Все игры'!BE$3:BE892,"Мирный") -> 0 | R38: =IFERROR(__xludf.dummyfunction("COUNTBLANK(FILTER('Все игры'!BF$3:BF892,'Все игры'!BD$3:BD892=A38,'Все игры'!BF$3:BF892 < 1,'Все игры'!BE$3:BE892=""Мирный""))"),8) -> 8 | S38: =IFERROR((K38+M38+O38+Q38)/(I38+J38), ) -> 0 | T38: =IFERROR((M38+Q38)/I38, ) -> 0 | U38: =IFERROR((K38+O38)/J38, ) -> 0 | V38: =IFERROR(K38/(K38+L38), ) -> 0 | W38: =IFERROR(M38/(M38+N38), ) -> 0 | X38: =IFERROR(O38/(O38+P38), ) -> 0 | Y38: =IFERROR(Q38/(Q38+R38), ) -> 0 | Z38: =SUMIFS('Все игры'!BG$3:BG892,'Все игры'!BD$3:BD892,A38) -> 0 | AA38: =SUMIFS('Все игры'!BG$3:BG892,'Все игры'!BD$3:BD892,A38,'Все игры'!BE$3:BE892,"Мафия") -> 0 | AB38: =SUMIFS('Все игры'!BG$3:BG892,'Все игры'!BD$3:BD892,A38,'Все игры'!BE$3:BE892,"Шериф") -> 0 | AC38: =SUMIFS('Все игры'!BG$3:BG892,'Все игры'!BD$3:BD892,A38,'Все игры'!BE$3:BE892,"Дон") -> 0 | AD38: =SUMIFS('Все игры'!BG$3:BG892,'Все игры'!BD$3:BD892,A38,'Все игры'!BE$3:BE892,"Мирный") -> 0 | AE38: =IFERROR(Z38/B38,0) -> 0 | AF38: =IFERROR(AA38/(K38+L38),0) -> 0 | AG38: =IFERROR(AB38/(M38+N38),0) -> 0 | AH38: =IFERROR(AC38/(O38+P38),0) -> 0 | AI38: =IFERROR(AD38/(Q38+R38),0) -> 0
A39: UFO | B39: =SUM(I39:J39) -> 8 | C39: =IF(COUNTIFS('Все игры'!BD$3:BD892,A39,'Все игры'!BI$3:BI892,"=1")=0, "", COUNTIFS('Все игры'!BD$3:BD892,A39,'Все игры'!BI$3:BI892,"=1")) | D39: =IF(COUNTIFS('Все игры'!BD$3:BD892,A39,'Все игры'!BI$3:BI892,"=0,50")=0, "", COUNTIFS('Все игры'!BD$3:BD892,A39,'Все игры'!BI$3:BI892,"=0,50")) | E39: =IF(COUNTIFS('Все игры'!BD$3:BD892,A39,'Все игры'!BH$3:BH892,"ПУ")=0, "", COUNTIFS('Все игры'!BD$3:BD892,A39,'Все игры'!BH$3:BH892,"ПУ")) | F39: =IFERROR(E39/I39,0) -> 0 | G39: =IF(COUNTIFS('Все игры'!BD$3:BD892,A39,'Все игры'!BH$3:BH892,"У/Победа")=0, "",COUNTIFS('Все игры'!BD$3:BD892,A39,'Все игры'!BH$3:BH892,"У/Победа") ) | H39: =IF(COUNTIFS('Все игры'!BD$3:BD892,A39,'Все игры'!BH$3:BH892,"У/Проигрыш")=0, "",COUNTIFS('Все игры'!BD$3:BD892,A39,'Все игры'!BH$3:BH892,"У/Проигрыш") ) | I39: =M39+N39+Q39+R39 -> 7 | J39: =K39+L39+O39+P39 -> 1 | K39: =COUNTIFS('Все игры'!BD$3:BD892,A39,'Все игры'!BF$3:BF892,">0",'Все игры'!BE$3:BE892,"Мафия") -> 0 | L39: =IFERROR(__xludf.dummyfunction("COUNTBLANK(FILTER('Все игры'!BD$3:BF892,'Все игры'!BD$3:BD892=A39,'Все игры'!BF$3:BF892 < 1,'Все игры'!BE$3:BE892=""Мафия""))"),0) -> 0 | M39: =COUNTIFS('Все игры'!BD$3:BD892,A39,'Все игры'!BF$3:BF892,">0",'Все игры'!BE$3:BE892,"Шериф") -> 0 | N39: =IFERROR(__xludf.dummyfunction("COUNTBLANK(FILTER('Все игры'!BD$3:BF892,'Все игры'!BD$3:BD892=A39,'Все игры'!BF$3:BF892 < 1,'Все игры'!BE$3:BE892=""Шериф""))"),0) -> 0 | O39: =COUNTIFS('Все игры'!BD$3:BD892,A39,'Все игры'!BF$3:BF892,">0",'Все игры'!BE$3:BE892,"Дон") -> 0 | P39: =IFERROR(__xludf.dummyfunction("COUNTBLANK(FILTER('Все игры'!BD$3:BF892,'Все игры'!BD$3:BD892=A39,'Все игры'!BF$3:BF892 < 1,'Все игры'!BE$3:BE892=""Дон""))"),1) -> 1 | Q39: =COUNTIFS('Все игры'!BD$3:BD892,A39,'Все игры'!BF$3:BF892,">0",'Все игры'!BE$3:BE892,"Мирный") -> 0 | R39: =IFERROR(__xludf.dummyfunction("COUNTBLANK(FILTER('Все игры'!BF$3:BF892,'Все игры'!BD$3:BD892=A39,'Все игры'!BF$3:BF892 < 1,'Все игры'!BE$3:BE892=""Мирный""))"),7) -> 7 | S39: =IFERROR((K39+M39+O39+Q39)/(I39+J39), ) -> 0 | T39: =IFERROR((M39+Q39)/I39, ) -> 0 | U39: =IFERROR((K39+O39)/J39, ) -> 0 | V39: =IFERROR(K39/(K39+L39), ) -> 0 | W39: =IFERROR(M39/(M39+N39), ) -> 0 | X39: =IFERROR(O39/(O39+P39), ) -> 0 | Y39: =IFERROR(Q39/(Q39+R39), ) -> 0 | Z39: =SUMIFS('Все игры'!BG$3:BG892,'Все игры'!BD$3:BD892,A39) -> 0 | AA39: =SUMIFS('Все игры'!BG$3:BG892,'Все игры'!BD$3:BD892,A39,'Все игры'!BE$3:BE892,"Мафия") -> 0 | AB39: =SUMIFS('Все игры'!BG$3:BG892,'Все игры'!BD$3:BD892,A39,'Все игры'!BE$3:BE892,"Шериф") -> 0 | AC39: =SUMIFS('Все игры'!BG$3:BG892,'Все игры'!BD$3:BD892,A39,'Все игры'!BE$3:BE892,"Дон") -> 0 | AD39: =SUMIFS('Все игры'!BG$3:BG892,'Все игры'!BD$3:BD892,A39,'Все игры'!BE$3:BE892,"Мирный") -> 0 | AE39: =IFERROR(Z39/B39,0) -> 0 | AF39: =IFERROR(AA39/(K39+L39),0) -> 0 | AG39: =IFERROR(AB39/(M39+N39),0) -> 0 | AH39: =IFERROR(AC39/(O39+P39),0) -> 0 | AI39: =IFERROR(AD39/(Q39+R39),0) -> 0
A40: Наполеон | B40: =SUM(I40:J40) -> 5 | C40: =IF(COUNTIFS('Все игры'!BD$3:BD892,A40,'Все игры'!BI$3:BI892,"=1")=0, "", COUNTIFS('Все игры'!BD$3:BD892,A40,'Все игры'!BI$3:BI892,"=1")) | D40: =IF(COUNTIFS('Все игры'!BD$3:BD892,A40,'Все игры'!BI$3:BI892,"=0,50")=0, "", COUNTIFS('Все игры'!BD$3:BD892,A40,'Все игры'!BI$3:BI892,"=0,50")) | E40: =IF(COUNTIFS('Все игры'!BD$3:BD892,A40,'Все игры'!BH$3:BH892,"ПУ")=0, "", COUNTIFS('Все игры'!BD$3:BD892,A40,'Все игры'!BH$3:BH892,"ПУ")) | F40: =IFERROR(E40/I40,0) -> 0 | G40: =IF(COUNTIFS('Все игры'!BD$3:BD892,A40,'Все игры'!BH$3:BH892,"У/Победа")=0, "",COUNTIFS('Все игры'!BD$3:BD892,A40,'Все игры'!BH$3:BH892,"У/Победа") ) | H40: =IF(COUNTIFS('Все игры'!BD$3:BD892,A40,'Все игры'!BH$3:BH892,"У/Проигрыш")=0, "",COUNTIFS('Все игры'!BD$3:BD892,A40,'Все игры'!BH$3:BH892,"У/Проигрыш") ) | I40: =M40+N40+Q40+R40 -> 4 | J40: =K40+L40+O40+P40 -> 1 | K40: =COUNTIFS('Все игры'!BD$3:BD892,A40,'Все игры'!BF$3:BF892,">0",'Все игры'!BE$3:BE892,"Мафия") -> 0 | L40: =IFERROR(__xludf.dummyfunction("COUNTBLANK(FILTER('Все игры'!BD$3:BF892,'Все игры'!BD$3:BD892=A40,'Все игры'!BF$3:BF892 < 1,'Все игры'!BE$3:BE892=""Мафия""))"),0) -> 0 | M40: =COUNTIFS('Все игры'!BD$3:BD892,A40,'Все игры'!BF$3:BF892,">0",'Все игры'!BE$3:BE892,"Шериф") -> 0 | N40: =IFERROR(__xludf.dummyfunction("COUNTBLANK(FILTER('Все игры'!BD$3:BF892,'Все игры'!BD$3:BD892=A40,'Все игры'!BF$3:BF892 < 1,'Все игры'!BE$3:BE892=""Шериф""))"),1) -> 1 | O40: =COUNTIFS('Все игры'!BD$3:BD892,A40,'Все игры'!BF$3:BF892,">0",'Все игры'!BE$3:BE892,"Дон") -> 0 | P40: =IFERROR(__xludf.dummyfunction("COUNTBLANK(FILTER('Все игры'!BD$3:BF892,'Все игры'!BD$3:BD892=A40,'Все игры'!BF$3:BF892 < 1,'Все игры'!BE$3:BE892=""Дон""))"),1) -> 1 | Q40: =COUNTIFS('Все игры'!BD$3:BD892,A40,'Все игры'!BF$3:BF892,">0",'Все игры'!BE$3:BE892,"Мирный") -> 0 | R40: =IFERROR(__xludf.dummyfunction("COUNTBLANK(FILTER('Все игры'!BF$3:BF892,'Все игры'!BD$3:BD892=A40,'Все игры'!BF$3:BF892 < 1,'Все игры'!BE$3:BE892=""Мирный""))"),3) -> 3 | S40: =IFERROR((K40+M40+O40+Q40)/(I40+J40), ) -> 0 | T40: =IFERROR((M40+Q40)/I40, ) -> 0 | U40: =IFERROR((K40+O40)/J40, ) -> 0 | V40: =IFERROR(K40/(K40+L40), ) -> 0 | W40: =IFERROR(M40/(M40+N40), ) -> 0 | X40: =IFERROR(O40/(O40+P40), ) -> 0 | Y40: =IFERROR(Q40/(Q40+R40), ) -> 0 | Z40: =SUMIFS('Все игры'!BG$3:BG892,'Все игры'!BD$3:BD892,A40) -> 0 | AA40: =SUMIFS('Все игры'!BG$3:BG892,'Все игры'!BD$3:BD892,A40,'Все игры'!BE$3:BE892,"Мафия") -> 0 | AB40: =SUMIFS('Все игры'!BG$3:BG892,'Все игры'!BD$3:BD892,A40,'Все игры'!BE$3:BE892,"Шериф") -> 0 | AC40: =SUMIFS('Все игры'!BG$3:BG892,'Все игры'!BD$3:BD892,A40,'Все игры'!BE$3:BE892,"Дон") -> 0 | AD40: =SUMIFS('Все игры'!BG$3:BG892,'Все игры'!BD$3:BD892,A40,'Все игры'!BE$3:BE892,"Мирный") -> 0 | AE40: =IFERROR(Z40/B40,0) -> 0 | AF40: =IFERROR(AA40/(K40+L40),0) -> 0 | AG40: =IFERROR(AB40/(M40+N40),0) -> 0 | AH40: =IFERROR(AC40/(O40+P40),0) -> 0 | AI40: =IFERROR(AD40/(Q40+R40),0) -> 0

Sheet Для графики
B3: Тихий Закат | C3: Чешир | D3: Зверюга | E3: Махинатор | F3: NME | G3: Curly | H3: Дракарис | I3: Никнейм | J3: UFO | K3: Наполеон
A5: Место полуфинала | B5: 1 | C5: 2 | D5: 3 | E5: 4 | F5: 5 | G5: 1 | H5: 2 | I5: 3 | J5: 4 | K5: 5
A6: Балл итоговый полуфинала | B6: 41.5 | C6: 39 | D6: 35.5 | E6: 35 | F6: 33.5 | G6: 37 | H6: 36.5 | I6: 35 | J6: 34.75 | K6: 34.5
A7: Винрейт 100% полфинал | B7: 0.75 | C7: 0.75 | D7: 0.63 | E7: 0.63 | F7: 0.5 | G7: 0.63 | H7: 0.63 | I7: 0.63 | J7: 0.63 | K7: 0.5
A8: лучшая карта полуфинала - мафия (50%) | B8: мафия (100%) | C8: Дон (100%) | D8: Шериф (100%) | E8: Шериф (100%) | F8: шериф, дон (100%) | G8: дон (100%) | H8: Мафия (100%) | I8: Дон (100%) | J8: Шериф, мафия (67%) | K8: Мирный (67%)

Sheet 1 Серия
A1: Ы
A2: Результаты отборочных серий Турнира "5 Элемент", 2 раунд. Серия №1
A4: Место | B4: Игровой ник | C4: Сумма баллов | D4: Количество побед | E4: Баллы за победу | F4: Доп. Баллы (с ЛХ и Ci) | G4: Игра 1 | M4: Игра 2 | S4: Игра 3 | Y4: Игра 4 | AE4: Игра 5 | AK4: Игра 6 | AQ4: Игра 7 | AW4: Дисциплинарный штраф
G5: Роль | H5: Баллы за победу | I5: Баллы от ведущих | J5: Инфо | K5: ЛХ | L5: Ci | M5: Роль | N5: Баллы за победу | O5: Баллы от ведущих | P5: Инфо | Q5: ЛХ | R5: Ci | S5: Роль | T5: Баллы за победу | U5: Баллы от ведущих | V5: Инфо | W5: ЛХ | X5: Ci | Y5: Роль | Z5: Баллы за победу | AA5: Баллы от ведущих | AB5: Доп | AC5: ЛХ | AD5: Ci | AE5: Роль | AF5: Баллы за победу | AG5: Баллы от ведущих | AH5: Инфо | AI5: ЛХ | AJ5: Ci | AK5: Роль | AL5: Баллы за победу | AM5: Баллы от ведущих | AN5: Доп | AO5: ЛХ | AP5: Ci | AQ5: Роль | AR5: Баллы за победу | AS5: Баллы от ведущих | AT5: Инфо | AU5: ЛХ | AV5: Ci
A6: 1 | B6: Хрум | C6: =SUM(H6:AW6) -> 25 | D6: =E6/2.5 -> 2 | E6: =SUM(H6+N6+T6+Z6+AF6+AL6+AR6) -> 5 | F6: =C6-E6-AW6 -> 20 | G6: Дон | I6: 3 | M6: Мирный | O6: 2 | S6: Шериф | T6: 2.5 | U6: 3.25 | Y6: Мирный | AA6: 3.25 | AE6: Мирный | AF6: 2.5 | AG6: 2.5 | AK6: Мирный | AM6: 3.25 | AN6: ПУ | AO6: 0.5 | AP6: 0.5 | AQ6: Мирный | AS6: 1.75
A7: 2 | B7: Тихий Закат | C7: =SUM(H7:AW7) -> 35.75 | D7: =E7/2.5 -> 5 | E7: =SUM(H7+N7+T7+Z7+AF7+AL7+AR7) -> 12.5 | F7: =C7-E7-AW7 -> 23.25 | G7: Мирный | H7: 2.5 | I7: 3 | J7: ПУ | K7: 0.5 | L7: 0.5 | M7: Мафия | N7: 2.5 | O7: 3.75 | S7: Мирный | T7: 2.5 | U7: 3 | Y7: Дон | Z7: 2.5 | AA7: 3.75 | AE7: Шериф | AF7: 2.5 | AG7: 4.25 | AK7: Мирный | AM7: 3 | AQ7: Мирный | AS7: 1.5
A8: 3 | B8: Хамилка | C8: =SUM(H8:AW8) -> 33 | D8: =E8/2.5 -> 5 | E8: =SUM(H8+N8+T8+Z8+AF8+AL8+AR8) -> 12.5 | F8: =C8-E8-AW8 -> 20.5 | G8: Мирный | H8: 2.5 | I8: 3.75 | M8: Мафия | N8: 2.5 | O8: 3.25 | S8: Мирный | T8: 2.5 | U8: 2.5 | Y8: Мафия | Z8: 2.5 | AA8: 3 | AE8: Мирный | AF8: 2.5 | AG8: 2.75 | AK8: Мирный | AM8: 2 | AQ8: Мирный | AS8: 2.75 | AT8: ПУ | AV8: 0.5
A9: 4 | B9: SR | C9: =SUM(H9:AW9) -> 20 | D9: =E9/2.5 -> 2 | E9: =SUM(H9+N9+T9+Z9+AF9+AL9+AR9) -> 5 | F9: =C9-E9-AW9 -> 15 | G9: Мирный | H9: 2.5 | I9: 2.5 | M9: Шериф | O9: 2.25 | S9: Мафия | U9: 2.5 | Y9: Мирный | AA9: 1.25 | AE9: Дон | AG9: 1.75 | AK9: Мирный | AM9: 1.75 | AQ9: Мафия | AR9: 2.5 | AS9: 3
A10: 5 | B10: Никнейм | C10: =SUM(H10:AW10) -> 14.5 | D10: =E10/2.5 -> 0 | E10: =SUM(H10+N10+T10+Z10+AF10+AL10+AR10) -> 0 | F10: =C10-E10-AW10 -> 14.5 | G10: Мафия | I10: 1.75 | M10: Мирный | O10: 2.5 | S10: Дон | U10: 1 | Y10: Мирный | AA10: 2.25 | AE10: Мафия | AG10: 2 | AK10: Шериф | AM10: 2.25 | AQ10: Мирный | AS10: 2.75
A11: 6 | B11: Coach | C11: =SUM(H11:AW11) -> 42.25 | D11: =E11/2.5 -> 7 | E11: =SUM(H11+N11+T11+Z11+AF11+AL11+AR11) -> 17.5 | F11: =C11-E11-AW11 -> 24.75 | G11: Мирный | H11: 2.5 | I11: 4 | M11: Дон | N11: 2.5 | O11: 3.25 | S11: Мирный | T11: 2.5 | U11: 3.75 | Y11: Мафия | Z11: 2.5 | AA11: 3.5 | AE11: Мирный | AF11: 2.5 | AG11: 2.75 | AK11: Дон | AL11: 2.5 | AM11: 3.5 | AQ11: Дон | AR11: 2.5 | AS11: 4
A12: 7 | B12: Админ | C12: =SUM(H12:AW12) -> 26.5 | D12: =E12/2.5 -> 4 | E12: =SUM(H12+N12+T12+Z12+AF12+AL12+AR12) -> 10 | F12: =C12-E12-AW12 -> 16.5 | G12: Мирный | H12: 2.5 | I12: 2 | M12: Мирный | O12: 1.75 | S12: Мирный | T12: 2.5 | U12: 2.5 | Y12: Шериф | AA12: 1.75 | AE12: Мирный | AF12: 2.5 | AG12: 3.5 | AK12: Мафия | AL12: 2.5 | AM12: 3 | AQ12: Мирный | AS12: 2
A13: 8 | B13: Мона | C13: =SUM(H13:AW13) -> 13.25 | D13: =E13/2.5 -> 0 | E13: =SUM(H13+N13+T13+Z13+AF13+AL13+AR13) -> 0 | F13: =C13-E13-AW13 -> 13.25 | G13: Мафия | I13: 2.25 | M13: Мирный | O13: 2 | P13: ПУ | R13: 0.5 | S13: Мафия | U13: 1.5 | Y13: Мирный | AA13: 2.5 | AE13: Мафия | AG13: 1.5 | AK13: Мирный | AM13: 1.5 | AQ13: Шериф | AS13: 1.5
A14: 9 | B14: Андерсен | C14: =SUM(H14:AW14) -> 29 | D14: =E14/2.5 -> 4 | E14: =SUM(H14+N14+T14+Z14+AF14+AL14+AR14) -> 10 | F14: =C14-E14-AW14 -> 19 | G14: Шериф | H14: 2.5 | I14: 2 | M14: Мирный | O14: 1.5 | S14: Мирный | T14: 2.5 | U14: 2.5 | Y14: Мирный | AA14: 2 | AB14: ПУ | AD14: 0.5 | AE14: Мирный | AF14: 2.5 | AG14: 3.25 | AK14: Мафия | AL14: 2.5 | AM14: 4 | AQ14: Мирный | AS14: 3.25
A15: 10 | B15: Ketamin | C15: =SUM(H15:AW15) -> 29.75 | D15: =E15/2.5 -> 4 | E15: =SUM(H15+N15+T15+Z15+AF15+AL15+AR15) -> 10 | F15: =C15-E15-AW15 -> 19.75 | G15: Мирный | H15: 2.5 | I15: 2.25 | M15: Мирный | O15: 2.5 | S15: Мирный | T15: 2.5 | U15: 4 | Y15: Мирный | AA15: 2.75 | AE15: Мирный | AF15: 2.5 | AG15: 3.25 | AK15: Мирный | AM15: 2 | AQ15: Мафия | AR15: 2.5 | AS15: 3
A16: Штраф | G16: Продолжительность игры: | M16: Продолжительность игры: | S16: Продолжительность игры: 60 | Y16: Продолжительность игры: 55 | AE16: Продолжительность игры: 56 | AK16: Продолжительность игры: | AQ16: Продолжительность игры:
A17: Мафия
A18: Шериф | G18: Победа города в угадайке | M18: Победа мафии 2в2 | S18: Победа города на круг при пятерых | Y18: Победа мафии 1в1 | AE18: Сухая победа города | AK18: Победа мафии 1в1 | AQ18: Победа мафии 3в3
A19: Дон
A20: ПУ
A21: У/Победа - победа игрока в угадайке
A22: У/Проигрыш - проигрыш игрока в угадайке
A24: Игра | B24: Игровой Ник | C24: Вид штрафа | D24: Штрафной балл
A26: 5 | B26: Хрум | C26: Желтая карточка | D26: -0.5

Sheet Лист10

Sheet 2 Серия
A2: Результаты отборочных серий Турнира "5 Элемент", 2 раунд. Серия №2
A4: Место | B4: Игровой ник | C4: Сумма баллов | D4: Количество побед | E4: Баллы за победу | F4: Доп. Баллы (с ЛХ и Ci) | G4: Игра 1 | M4: Игра 2 | S4: Игра 3 | Y4: Игра 4 | AE4: Игра 5 | AK4: Игра 6 | AQ4: Игра 7 | AW4: Дисциплинарный штраф
G5: Роль | H5: Баллы за победу | I5: Баллы от ведущих | J5: Инфо | K5: ЛХ | L5: Ci | M5: Роль | N5: Баллы за победу | O5: Баллы от ведущих | P5: Инфо | Q5: ЛХ | R5: Ci | S5: Роль | T5: Баллы за победу | U5: Баллы от ведущих | V5: Инфо | W5: ЛХ | X5: Ci | Y5: Роль | Z5: Баллы за победу | AA5: Баллы от ведущих | AB5: Доп | AC5: ЛХ | AD5: Ci | AE5: Роль | AF5: Баллы за победу | AG5: Баллы от ведущих | AH5: Инфо | AI5: ЛХ | AJ5: Ci | AK5: Роль | AL5: Баллы за победу | AM5: Баллы от ведущих | AN5: Доп | AO5: ЛХ | AP5: Ci | AQ5: Роль | AR5: Баллы за победу | AS5: Баллы от ведущих | AT5: Инфо | AU5: ЛХ | AV5: Ci
A6: 1 | B6: Тихий Закат | C6: =SUM(H6:AW6) -> 33.75 | D6: =E6/2.5 -> 4 | E6: =SUM(H6+N6+T6+Z6+AF6+AL6+AR6) -> 10 | F6: =C6-E6 -> 23.75 | G6: Мирный | I6: 2.5 | M6: Мафия | N6: 2.5 | O6: 3.5 | S6: Мирный | T6: 2.5 | U6: 2.75 | V6: ПУ | X6: 0.5 | Y6: Мирный | AA6: 3.5 | AE6: Мирный | AG6: 3.25 | AK6: Дон | AL6: 2.5 | AM6: 3.5 | AQ6: Дон | AR6: 2.5 | AS6: 4.25
A7: 2 | B7: Админ | C7: =SUM(H7:AW7) -> 27 | D7: =E7/2.5 -> 3 | E7: =SUM(H7+N7+T7+Z7+AF7+AL7+AR7) -> 7.5 | F7: =C7-E7 -> 19.5 | G7: Мирный | I7: 2 | M7: Дон | N7: 2.5 | O7: 3 | S7: Мирный | T7: 2.5 | U7: 3 | Y7: Мирный | AA7: 3 | AE7: Мафия | AF7: 2.5 | AG7: 3.5 | AK7: Мирный | AM7: 2.5 | AN7: ПУ | AP7: 0.5 | AQ7: Мирный | AS7: 2
A8: 3 | B8: Хрум | C8: =SUM(H8:AW8) -> 21.5 | D8: =E8/2.5 -> 2 | E8: =SUM(H8+N8+T8+Z8+AF8+AL8+AR8) -> 5 | F8: =C8-E8 -> 16.5 | G8: Мафия | H8: 2.5 | I8: 4 | M8: Шериф | O8: 2.25 | P8: ПУ | R8: 0.5 | S8: Мафия | U8: 1.75 | Y8: Мирный | AA8: 1 | AE8: Мирный | AG8: 1.75 | AK8: Мирный | AM8: 2 | AQ8: Мафия | AR8: 2.5 | AS8: 3.25
A9: 4 | B9: Левша | C9: =SUM(H9:AW9) -> 30.75 | D9: =E9/2.5 -> 3 | E9: =SUM(H9+N9+T9+Z9+AF9+AL9+AR9) -> 7.5 | F9: =C9-E9 -> 23.25 | G9: Мирный | I9: 2 | J9: ПУ | L9: 0.5 | M9: Мирный | O9: 2.5 | S9: Мирный | T9: 2.5 | U9: 3.75 | Y9: Мирный | AA9: 3.75 | AE9: Мафия | AF9: 2.5 | AG9: 3.75 | AK9: Мирный | AM9: 3.25 | AQ9: Мафия | AR9: 2.5 | AS9: 3.75
A10: 5 | B10: Никнейм | C10: =SUM(H10:AW10) -> 21.5 | D10: =E10/2.5 -> 2 | E10: =SUM(H10+N10+T10+Z10+AF10+AL10+AR10) -> 5 | F10: =C10-E10 -> 16.5 | G10: Мирный | I10: 2 | M10: Мирный | O10: 2.25 | S10: Мирный | T10: 2.5 | U10: 2.75 | Y10: Мафия | Z10: 2.5 | AA10: 3.75 | AE10: Мирный | AG10: 2.5 | AK10: Мирный | AM10: 1.5 | AQ10: Мирный | AS10: 1.75
A11: 6 | B11: Love | C11: =SUM(H11:AW11) -> 16 | D11: =E11/2.5 -> 1 | E11: =SUM(H11+N11+T11+Z11+AF11+AL11+AR11) -> 2.5 | F11: =C11-E11 -> 13.5 | G11: Шериф | I11: 1.75 | M11: Мафия | N11: 2.5 | O11: 3.75 | S11: Мафия | U11: 2.25 | Y11: Мирный | AA11: 1.25 | AE11: Шериф | AG11: 2 | AK11: Шериф | AM11: 0.5 | AQ11: Мирный | AS11: 2
A12: 7 | B12: Хантер | C12: =SUM(H12:AW12) -> 26.75 | D12: =E12/2.5 -> 4 | E12: =SUM(H12+N12+T12+Z12+AF12+AL12+AR12) -> 10 | F12: =C12-E12 -> 16.75 | G12: Дон | H12: 2.5 | I12: 2.75 | M12: Мирный | O12: 2 | S12: Мирный | T12: 2.5 | U12: 2.75 | Y12: Мафия | Z12: 2.5 | AA12: 2.25 | AE12: Мирный | AG12: 2 | AK12: Мафия | AL12: 2.5 | AM12: 3 | AQ12: Мирный | AS12: 2
A13: 8 | B13: Лунатик | C13: =SUM(H13:AW13) -> 18.75 | D13: =E13/2.5 -> 1 | E13: =SUM(H13+N13+T13+Z13+AF13+AL13+AR13) -> 2.5 | F13: =C13-E13 -> 16.25 | G13: Мирный | I13: 2.25 | M13: Мирный | O13: 2.25 | S13: Мирный | T13: 2.5 | U13: 3 | Y13: Шериф | AA13: 2 | AB13: ПУ | AD13: 0.5 | AE13: Мирный | AG13: 3 | AK13: Мирный | AM13: 2.25 | AQ13: Мирный | AS13: 1
A14: 9 | B14: Bogrolla | C14: =SUM(H14:AW14) -> 15.5 | D14: =E14/2.5 -> 0 | E14: =SUM(H14+N14+T14+Z14+AF14+AL14+AR14) -> 0 | F14: =C14-E14 -> 15.5 | G14: Мирный | I14: 1.5 | M14: Мирный | O14: 1.5 | S14: Дон | U14: 1.5 | Y14: Мирный | AA14: 2.5 | AE14: Мирный | AG14: 3 | AH14: ПУ | AI14: 0.5 | AJ14: 0.5 | AK14: Мирный | AM14: 2.75 | AQ14: Шериф | AS14: 1.75
A15: 10 | B15: Дракарис | C15: =SUM(H15:AW15) -> 34.75 | D15: =E15/2.5 -> 5 | E15: =SUM(H15+N15+T15+Z15+AF15+AL15+AR15) -> 12.5 | F15: =C15-E15 -> 22.25 | G15: Мафия | H15: 2.5 | I15: 3 | M15: Мирный | O15: 3 | S15: Шериф | T15: 2.5 | U15: 4.25 | Y15: Дон | Z15: 2.5 | AA15: 3 | AE15: Дон | AF15: 2.5 | AG15: 3.25 | AK15: Мафия | AL15: 2.5 | AM15: 3 | AQ15: Мирный | AS15: 2.25 | AT15: ПУ | AV15: 0.5
A16: Штраф
A17: Мафия
A18: Шериф | G18: Победа мафии 3в3 | M18: Победа мафии 2в2 | S18: Победа города на круг при пятерых | Y18: Победа мафии 1в1 | AE18: Победа мафии 2в2 | AK18: Победа мафии 3в3 | AQ18: Победа мафии 3в3
A19: Дон
A20: ПУ
A21: У/Победа - победа игрока в угадайке
A22: У/Проигрыш - проигрыш игрока в угадайке
A24: Игра | B24: Игровой Ник | C24: Вид штрафа | D24: Штрафной балл
A26: 4 | B26: Хрум | C26: Удаление | D26: -0.5

Sheet 3 Серия
A2: Результаты отборочных серий Турнира "5 Элемент", 2 раунд. Серия №3
A4: Место | B4: Игровой ник | C4: Сумма баллов | D4: Количество побед | E4: Баллы за победу | F4: Доп. Баллы (с ЛХ и Ci) | G4: Игра 1 | M4: Игра 2 | S4: Игра 3 | Y4: Игра 4 | AE4: Игра 5 | AK4: Игра 6 | AQ4: Игра 7 | AW4: Дисциплинарный штраф
G5: Роль | H5: Баллы за победу | I5: Баллы от ведущих | J5: Инфо | K5: ЛХ | L5: Ci | M5: Роль | N5: Баллы за победу | O5: Баллы от ведущих | P5: Инфо | Q5: ЛХ | R5: Ci | S5: Роль | T5: Баллы за победу | U5: Баллы от ведущих | V5: Инфо | W5: ЛХ | X5: Ci | Y5: Роль | Z5: Баллы за победу | AA5: Баллы от ведущих | AB5: Доп | AC5: ЛХ | AD5: Ci | AE5: Роль | AF5: Баллы за победу | AG5: Баллы от ведущих | AH5: Инфо | AI5: ЛХ | AJ5: Ci | AK5: Роль | AL5: Баллы за победу | AM5: Баллы от ведущих | AN5: Доп | AO5: ЛХ | AP5: Ci | AQ5: Роль | AR5: Баллы за победу | AS5: Баллы от ведущих | AT5: Инфо | AU5: ЛХ | AV5: Ci
A6: 1 | B6: Никнейм | C6: =SUM(H6:AW6) -> 33.25 | D6: =E6/2.5 -> 4 | E6: =SUM(H6+N6+T6+Z6+AF6+AL6+AR6) -> 10 | F6: =C6-E6 -> 23.25 | G6: Мирный | I6: 3 | M6: Мирный | N6: 2.5 | O6: 3 | P6: ПУ | Q6: 0.5 | R6: 0.5 | S6: Мафия | T6: 2.5 | U6: 3.75 | Y6: Мирный | Z6: 2.5 | AA6: 3.75 | AE6: Дон | AG6: 2.75 | AK6: Мирный | AM6: 2.5 | AN6: ПУ | AP6: 1 | AQ6: Мафия | AR6: 2.5 | AS6: 2.5
A7: 2 | B7: Хантер | C7: =SUM(H7:AW7) -> 20 | D7: =E7/2.5 -> 2 | E7: =SUM(H7+N7+T7+Z7+AF7+AL7+AR7) -> 5 | F7: =C7-E7 -> 15 | G7: Мирный | I7: 1.5 | M7: Мирный | N7: 2.5 | O7: 3 | S7: Мирный | U7: 1.5 | Y7: Мафия | AA7: 2.5 | AE7: Мирный | AF7: 2.5 | AG7: 2.25 | AK7: Мирный | AM7: 2.25 | AQ7: Мирный | AS7: 2
A8: 3 | B8: Оскар | C8: =SUM(H8:AW8) -> 14.75 | D8: =E8/2.5 -> 1 | E8: =SUM(H8+N8+T8+Z8+AF8+AL8+AR8) -> 2.5 | F8: =C8-E8 -> 12.25 | G8: Мирный | I8: 2 | J8: ПУ | L8: 0.5 | M8: Дон | O8: 1.25 | S8: Мирный | U8: 1.75 | Y8: Мирный | Z8: 2.5 | AA8: 2.5 | AE8: Мафия | AG8: 1 | AK8: Мирный | AM8: 1.75 | AQ8: Мирный | AS8: 1.5
A9: 4 | B9: Лунатик | C9: =SUM(H9:AW9) -> 28.75 | D9: =E9/2.5 -> 4 | E9: =SUM(H9+N9+T9+Z9+AF9+AL9+AR9) -> 10 | F9: =C9-E9 -> 18.75 | G9: Мирный | I9: 1.5 | M9: Мирный | N9: 2.5 | O9: 4 | S9: Мирный | U9: 1.75 | Y9: Мирный | Z9: 2.5 | AA9: 3.75 | AE9: Мирный | AF9: 2.5 | AG9: 2.25 | AK9: Мирный | AM9: 1.5 | AQ9: Дон | AR9: 2.5 | AS9: 4
A10: 5 | B10: Сахарочек | C10: =SUM(H10:AW10) -> 26.75 | D10: =E10/2.5 -> 3 | E10: =SUM(H10+N10+T10+Z10+AF10+AL10+AR10) -> 7.5 | F10: =C10-E10 -> 19.25 | G10: Мирный | I10: 3 | M10: Мафия | O10: 1.75 | S10: Мирный | U10: 2 | Y10: Мирный | Z10: 2.5 | AA10: 2 | AB10: ПУ | AD10: 0.5 | AE10: Шериф | AF10: 2.5 | AG10: 2 | AK10: Дон | AL10: 2.5 | AM10: 3.75 | AQ10: Мирный | AS10: 2.75 | AT10: ПУ | AU10: 0.5 | AV10: 1
A11: 6 | B11: Тихий Закат | C11: =SUM(H11:AW11) -> 31.5 | D11: =E11/2.5 -> 4 | E11: =SUM(H11+N11+T11+Z11+AF11+AL11+AR11) -> 10 | F11: =C11-E11 -> 21.5 | G11: Мафия | H11: 2.5 | I11: 3.5 | M11: Мирный | N11: 2.5 | O11: 2.25 | S11: Шериф | U11: 2.5 | Y11: Дон | AA11: 2 | AE11: Мирный | AF11: 2.5 | AG11: 2.75 | AH11: ПУ | AJ11: 0.5 | AK11: Мирный | AM11: 4.5 | AQ11: Мафия | AR11: 2.5 | AS11: 3.5
A12: 7 | B12: Админ | C12: =SUM(H12:AW12) -> 34.5 | D12: =E12/2.5 -> 5 | E12: =SUM(H12+N12+T12+Z12+AF12+AL12+AR12) -> 12.5 | F12: =C12-E12 -> 22 | G12: Мафия | H12: 2.5 | I12: 3.75 | M12: Мирный | N12: 2.5 | O12: 3.5 | S12: Мирный | U12: 0.75 | V12: ПУ | X12: 0.5 | Y12: Шериф | Z12: 2.5 | AA12: 3.5 | AE12: Мирный | AF12: 2.5 | AG12: 3 | AK12: Мафия | AL12: 2.5 | AM12: 4.5 | AQ12: Шериф | AS12: 2.5
A13: 8 | B13: Хрум | C13: =SUM(H13:AW13) -> 25.75 | D13: =E13/2.5 -> 3 | E13: =SUM(H13+N13+T13+Z13+AF13+AL13+AR13) -> 7.5 | F13: =C13-E13 -> 18.25 | G13: Мирный | I13: 2.5 | M13: Мирный | N13: 2.5 | O13: 3 | S13: Дон | T13: 2.5 | U13: 4 | Y13: Мафия | AA13: 2.5 | AE13: Мирный | AF13: 2.5 | AG13: 1.75 | AK13: Шериф | AM13: 2.25 | AQ13: Мирный | AS13: 2.25
A14: 9 | B14: Still Rise | C14: =SUM(H14:AW14) -> 29 | D14: =E14/2.5 -> 4 | E14: =SUM(H14+N14+T14+Z14+AF14+AL14+AR14) -> 10 | F14: =C14-E14 -> 19 | G14: Дон | H14: 2.5 | I14: 3.5 | M14: Шериф | N14: 2.5 | O14: 3.75 | S14: Мирный | U14: 2 | Y14: Мирный | Z14: 2.5 | AA14: 1.75 | AE14: Мафия | AG14: 2.75 | AK14: Мафия | AL14: 2.5 | AM14: 3.25 | AQ14: Мирный | AS14: 2
A15: 10 | B15: Домовенок | C15: =SUM(H15:AW15) -> 23.75 | D15: =E15/2.5 -> 3 | E15: =SUM(H15+N15+T15+Z15+AF15+AL15+AR15) -> 7.5 | F15: =C15-E15 -> 16.25 | G15: Шериф | I15: 2 | M15: Мафия | O15: 2.25 | S15: Мафия | T15: 2.5 | U15: 3.25 | Y15: Мирный | Z15: 2.5 | AA15: 3.25 | AE15: Мирный | AF15: 2.5 | AG15: 3 | AK15: Мирный | AM15: 1.5 | AQ15: Мирный | AS15: 2 | AW15: -1
A16: Штраф
A17: Мафия
A18: Шериф | G18: Победа мафии 3в3 | M18: Победа города в угадайке | S18: Победа мафии 2в2 | Y18: Победа города в угадайке | AE18: Победа города на круг при пятерых | AK18: Победа мафии 1в1 | AQ18: Победа мафии 1в1
A19: Дон
A20: ПУ
A21: У/Победа - победа игрока в угадайке
A22: У/Проигрыш - проигрыш игрока в угадайке
A24: Игра | B24: Игровой Ник | C24: Вид штрафа | D24: Штрафной балл
A26: 2 | B26: Оскар | C26: Желтая карточка | D26: -0.5
A27: 3 | B27: Админ | C27: Желтая карточка | D27: -0.5

Sheet 4 Серия
A2: Результаты отборочных серий Турнира "5 Элемент", 2 раунд. Серия №4
A4: Место | B4: Игровой ник | C4: Сумма баллов | D4: Количество побед | E4: Баллы за победу | F4: Доп. Баллы (с ЛХ и Ci) | G4: Игра 1 | M4: Игра 2 | S4: Игра 3 | Y4: Игра 4 | AE4: Игра 5 | AK4: Игра 6 | AQ4: Игра 7 | AW4: Дисциплинарный штраф
G5: Роль | H5: Баллы за победу | I5: Баллы от ведущих | J5: Инфо | K5: ЛХ | L5: Ci | M5: Роль | N5: Баллы за победу | O5: Баллы от ведущих | P5: Инфо | Q5: ЛХ | R5: Ci | S5: Роль | T5: Баллы за победу | U5: Баллы от ведущих | V5: Инфо | W5: ЛХ | X5: Ci | Y5: Роль | Z5: Баллы за победу | AA5: Баллы от ведущих | AB5: Доп | AC5: ЛХ | AD5: Ci | AE5: Роль | AF5: Баллы за победу | AG5: Баллы от ведущих | AH5: Инфо | AI5: ЛХ | AJ5: Ci | AK5: Роль | AL5: Баллы за победу | AM5: Баллы от ведущих | AN5: Доп | AO5: ЛХ | AP5: Ci | AQ5: Роль | AR5: Баллы за победу | AS5: Баллы от ведущих | AT5: Инфо | AU5: ЛХ | AV5: Ci
A6: 1 | B6: Cristo | C6: =SUM(H6:AW6) -> 37 | D6: =E6/2.5 -> 6 | E6: =SUM(H6+N6+T6+Z6+AF6+AL6+AR6) -> 15 | F6: =C6-E6 -> 22 | G6: Мирный | H6: 2.5 | I6: 2 | J6: ПУ | L6: 0.5 | M6: Мафия | N6: 2.5 | O6: 3 | S6: Мирный | T6: 2.5 | U6: 4.25 | Y6: Дон | Z6: 2.5 | AA6: 3 | AE6: Мирный | AF6: 2.5 | AG6: 2 | AH6: ПУ | AJ6: 1 | AK6: Шериф | AM6: 2.5 | AQ6: Мирный | AR6: 2.5 | AS6: 3.75
A7: 2 | B7: Cherry Pick | C7: =SUM(H7:AW7) -> 34.25 | D7: =E7/2.5 -> 5 | E7: =SUM(H7+N7+T7+Z7+AF7+AL7+AR7) -> 12.5 | F7: =C7-E7 -> 21.75 | G7: Мирный | H7: 2.5 | I7: 3 | M7: Шериф | O7: 2.5 | S7: Дон | U7: 2 | Y7: Мафия | Z7: 2.5 | AA7: 2.5 | AE7: Мирный | AF7: 2.5 | AG7: 4.5 | AK7: Мафия | AL7: 2.5 | AM7: 3.5 | AQ7: Мирный | AR7: 2.5 | AS7: 3.75
A8: 3 | B8: Лео | C8: =SUM(H8:AW8) -> 33.75 | D8: =E8/2.5 -> 4 | E8: =SUM(H8+N8+T8+Z8+AF8+AL8+AR8) -> 10 | F8: =C8-E8 -> 23.75 | G8: Мафия | I8: 2.75 | J8: У/Проигрыш | M8: Мирный | O8: 2 | S8: Мирный | T8: 2.5 | U8: 2.75 | V8: ПУ | X8: 0.5 | Y8: Мирный | AA8: 2.5 | AB8: ПУ | AC8: 0.5 | AD8: 1 | AE8: Шериф | AF8: 2.5 | AG8: 3.75 | AK8: Мафия | AL8: 2.5 | AM8: 3 | AN8: У/Победа | AQ8: Мирный | AR8: 2.5 | AS8: 3 | AT8: ПУ | AU8: 0.5 | AV8: 1.5
A9: 4 | B9: Sirena | C9: =SUM(H9:AW9) -> 32.75 | D9: =E9/2.5 -> 5 | E9: =SUM(H9+N9+T9+Z9+AF9+AL9+AR9) -> 12.5 | F9: =C9-E9 -> 20.25 | G9: Шериф | H9: 2.5 | I9: 2.25 | M9: Мафия | N9: 2.5 | O9: 3.75 | P9: У/Победа | S9: Мирный | T9: 2.5 | U9: 3.25 | Y9: Мирный | AA9: 2.75 | AB9: У/Проигрыш | AE9: Мирный | AF9: 2.5 | AG9: 2.5 | AK9: Мирный | AM9: 2.5 | AQ9: Мирный | AR9: 2.5 | AS9: 3.25
A10: 5 | B10: Curly | C10: =SUM(H10:AW10) -> 29.5 | D10: =E10/2.5 -> 4 | E10: =SUM(H10+N10+T10+Z10+AF10+AL10+AR10) -> 10 | F10: =C10-E10 -> 19.5 | G10: Мирный | H10: 2.5 | I10: 3.25 | J10: У/Победа | M10: Мирный | O10: 1.5 | P10: У/Проигрыш | S10: Мафия | U10: 1.5 | Y10: Мафия | Z10: 2.5 | AA10: 4 | AB10: У/Победа | AE10: Мирный | AF10: 2.5 | AG10: 4 | AK10: Мирный | AM10: 2 | AQ10: Мирный | AR10: 2.5 | AS10: 3.25
A11: 6 | B11: Правда | C11: =SUM(H11:AW11) -> 25.5 | D11: =E11/2.5 -> 3 | E11: =SUM(H11+N11+T11+Z11+AF11+AL11+AR11) -> 7.5 | F11: =C11-E11 -> 18 | G11: Дон | I11: 2.5 | M11: Мирный | O11: 2 | P11: ПУ | R11: 0.5 | S11: Шериф | T11: 2.5 | U11: 3 | Y11: Мирный | AA11: 2.25 | AE11: Мирный | AF11: 2.5 | AG11: 3.5 | AK11: Мирный | AM11: 2 | AQ11: Мирный | AR11: 2.5 | AS11: 2.25
A12: 7 | B12: Дантес | C12: =SUM(H12:AW12) -> 25 | D12: =E12/2.5 -> 3 | E12: =SUM(H12+N12+T12+Z12+AF12+AL12+AR12) -> 7.5 | F12: =C12-E12 -> 17.5 | G12: Мирный | H12: 2.5 | I12: 2.25 | M12: Дон | N12: 2.5 | O12: 3 | S12: Мирный | T12: 2.5 | U12: 4 | Y12: Мирный | AA12: 1.75 | AB12: У/Проигрыш | AE12: Мафия | AG12: 2.5 | AK12: Мирный | AM12: 1.75 | AN12: У/Проигрыш | AQ12: Мафия | AS12: 2.25
A13: 8 | B13: Суета | C13: =SUM(H13:AW13) -> 24.25 | D13: =E13/2.5 -> 3 | E13: =SUM(H13+N13+T13+Z13+AF13+AL13+AR13) -> 7.5 | F13: =C13-E13 -> 16.75 | G13: Мирный | H13: 2.5 | I13: 2.25 | J13: У/Победа | M13: Мирный | O13: 2 | P13: У/Проигрыш | S13: Мафия | U13: 2.25 | Y13: Мирный | AA13: 1.75 | AE13: Мирный | AF13: 2.5 | AG13: 2.5 | AK13: Дон | AL13: 2.5 | AM13: 3.5 | AQ13: Мафия | AS13: 2.5
A14: 9 | B14: Рыжая | C14: =SUM(H14:AW14) -> 22.5 | D14: =E14/2.5 -> 2 | E14: =SUM(H14+N14+T14+Z14+AF14+AL14+AR14) -> 5 | F14: =C14-E14 -> 17.5 | G14: Мафия | I14: 1.75 | M14: Мирный | O14: 2.75 | S14: Мирный | T14: 2.5 | U14: 2.5 | Y14: Шериф | AA14: 2.5 | AE14: Дон | AG14: 2 | AK14: Мирный | AM14: 2.25 | AN14: У/Проигрыш | AQ14: Шериф | AR14: 2.5 | AS14: 3.75
A15: 10 | B15: Король Лев | C15: =SUM(H15:AW15) -> 20 | D15: =E15/2.5 -> 2 | E15: =SUM(H15+N15+T15+Z15+AF15+AL15+AR15) -> 5 | F15: =C15-E15 -> 15 | G15: Мирный | H15: 2.5 | I15: 3.75 | J15: У/Победа | M15: Мирный | O15: 2 | S15: Мирный | T15: 2.5 | U15: 2 | Y15: Мирный | AA15: 2 | AE15: Мафия | AG15: 2 | AK15: Мирный | AM15: 1.75 | AN15: ПУ | AP15: 0.5 | AQ15: Дон | AS15: 1
A16: Штраф
A17: Мафия
A18: Шериф | G18: Победа города в угадайке при четверых | M18: Победа мафии 1в1 | S18: Сухая победа города | Y18: Победа мафии 1в1 | AE18: Сухая победа города | AK18: Победа мафии 1в1 | AQ18: Сухая победа города
A19: Дон
A20: ПУ
A21: У/Победа - победа игрока в угадайке
A22: У/Проигрыш - проигрыш игрока в угадайке
A24: Игра | B24: Игровой Ник | C24: Вид штрафа | D24: Штрафной балл
A26: 1 | B26: Суета | C26: Желтая карточка | D26: -0.5
A27: 6 | B27: Король Лев | C27: Желтая карточка | D27: -0.5
A28: 7 | B28: Правда | C28: Желтая карточка | D28: -0.5
A29: 7 | B29: Король Лев | C29: Желтая карточка | D29: -1

Sheet 5 Серия
A2: Результаты отборочных серий Турнира "5 Элемент", 2 раунд. Серия №5
A4: Место | B4: Игровой ник | C4: Сумма баллов | D4: Количество побед | E4: Баллы за победу | F4: Доп. Баллы (с ЛХ и Ci) | G4: Игра 1 | M4: Игра 2 | S4: Игра 3 | Y4: Игра 4 | AE4: Игра 5 | AK4: Игра 6 | AQ4: Игра 7 | AW4: Дисциплинарный штраф
G5: Роль | H5: Баллы за победу | I5: Баллы от ведущих | J5: Инфо | K5: ЛХ | L5: Ci | M5: Роль | N5: Баллы за победу | O5: Баллы от ведущих | P5: Инфо | Q5: ЛХ | R5: Ci | S5: Роль | T5: Баллы за победу | U5: Баллы от ведущих | V5: Инфо | W5: ЛХ | X5: Ci | Y5: Роль | Z5: Баллы за победу | AA5: Баллы от ведущих | AB5: Доп | AC5: ЛХ | AD5: Ci | AE5: Роль | AF5: Баллы за победу | AG5: Баллы от ведущих | AH5: Инфо | AI5: ЛХ | AJ5: Ci | AK5: Роль | AL5: Баллы за победу | AM5: Баллы от ведущих | AN5: Доп | AO5: ЛХ | AP5: Ci | AQ5: Роль | AR5: Баллы за победу | AS5: Баллы от ведущих | AT5: Инфо | AU5: ЛХ | AV5: Ci
A6: 1 | B6: NME | C6: =SUM(H6:AW6) -> 33 | D6: =E6/2.5 -> 4 | E6: =SUM(H6+N6+T6+Z6+AF6+AL6+AR6) -> 10 | F6: =C6-E6 -> 23 | G6: Мирный | H6: 2.5 | I6: 3.75 | J6: У/Победа | M6: Мирный | N6: 2.5 | O6: 3.5 | S6: Дон | T6: 2.5 | U6: 3.75 | Y6: Мирный | AA6: 4 | AB6: У/Проигрыш | AE6: Мирный | AG6: 1.75 | AH6: У/Проигрыш | AK6: Дон | AL6: 2.5 | AM6: 3.5 | AQ6: Мирный | AS6: 2.25 | AT6: ПУ | AV6: 0.5
A7: 2 | B7: Король Лев | C7: =SUM(H7:AW7) -> 32 | D7: =E7/2.5 -> 4 | E7: =SUM(H7+N7+T7+Z7+AF7+AL7+AR7) -> 10 | F7: =C7-E7 -> 22 | G7: Мирный | H7: 2.5 | I7: 3.75 | J7: У/Победа | M7: Мирный | N7: 2.5 | O7: 2.75 | P7: ПУ | R7: 0.5 | S7: Мирный | U7: 2.5 | Y7: Мафия | Z7: 2.5 | AA7: 2.5 | AE7: Мафия | AF7: 2.5 | AG7: 2.25 | AK7: Шериф | AM7: 3.25 | AN7: ПУ | AO7: 0.5 | AP7: 1 | AQ7: Мирный | AS7: 3
A8: 3 | B8: Schokk | C8: =SUM(H8:AW8) -> 29 | D8: =E8/2.5 -> 3 | E8: =SUM(H8+N8+T8+Z8+AF8+AL8+AR8) -> 7.5 | F8: =C8-E8 -> 21.5 | G8: Мирный | H8: 2.5 | I8: 3.5 | M8: Мирный | N8: 2.5 | O8: 3.5 | S8: Шериф | U8: 2.5 | Y8: Мирный | AA8: 3.25 | AE8: Мирный | AG8: 2 | AH8: ПУ | AJ8: 0.5 | AK8: Мирный | AM8: 3.25 | AQ8: Мафия | AR8: 2.5 | AS8: 3 | AT8: У/Победа
A9: 4 | B9: Лео | C9: =SUM(H9:AW9) -> 27.25 | D9: =E9/2.5 -> 3 | E9: =SUM(H9+N9+T9+Z9+AF9+AL9+AR9) -> 7.5 | F9: =C9-E9 -> 19.75 | G9: Мирный | H9: 2.5 | I9: 3 | M9: Мирный | N9: 2.5 | O9: 3.5 | S9: Мирный | U9: 2.25 | Y9: Мирный | AA9: 1.5 | AE9: Мирный | AG9: 2.5 | AK9: Мирный | AM9: 3.5 | AQ9: Дон | AR9: 2.5 | AS9: 3.5
A10: 5 | B10: Писатель | C10: =SUM(H10:AW10) -> 26.75 | D10: =E10/2.5 -> 3 | E10: =SUM(H10+N10+T10+Z10+AF10+AL10+AR10) -> 7.5 | F10: =C10-E10 -> 19.25 | G10: Мафия | I10: 2.25 | M10: Мирный | N10: 2.5 | O10: 2.75 | S10: Мафия | T10: 2.5 | U10: 4.25 | Y10: Мирный | AA10: 1.5 | AB10: У/Проигрыш | AE10: Мирный | AG10: 2.5 | AH10: У/Проигрыш | AK10: Мафия | AL10: 2.5 | AM10: 3.25 | AQ10: Мирный | AS10: 2.75
A11: 6 | B11: Бестия | C11: =SUM(H11:AW11) -> 25.75 | D11: =E11/2.5 -> 3 | E11: =SUM(H11+N11+T11+Z11+AF11+AL11+AR11) -> 7.5 | F11: =C11-E11 -> 18.25 | G11: Мирный | H11: 2.5 | I11: 2.5 | J11: ПУ | L11: 0.5 | M11: Дон | O11: 1.5 | S11: Мирный | U11: 1.75 | Y11: Мирный | AA11: 3.5 | AE11: Мафия | AF11: 2.5 | AG11: 2.5 | AK11: Мафия | AL11: 2.5 | AM11: 3 | AQ11: Шериф | AS11: 3
A12: 7 | B12: Bublik | C12: =SUM(H12:AW12) -> 25.5 | D12: =E12/2.5 -> 3 | E12: =SUM(H12+N12+T12+Z12+AF12+AL12+AR12) -> 7.5 | F12: =C12-E12 -> 18 | G12: Мирный | H12: 2.5 | I12: 1.75 | M12: Шериф | N12: 2.5 | O12: 4.75 | S12: Мирный | U12: 2.5 | V12: ПУ | X12: 0.5 | Y12: Мафия | Z12: 2.5 | AA12: 2.75 | AB12: У/Победа | AE12: Мирный | AG12: 2 | AH12: У/Проигрыш | AK12: Мирный | AM12: 2 | AQ12: Мирный | AS12: 1.75 | AT12: У/Проигрыш
A13: 8 | B13: Sirena | C13: =SUM(H13:AW13) -> 23 | D13: =E13/2.5 -> 2 | E13: =SUM(H13+N13+T13+Z13+AF13+AL13+AR13) -> 5 | F13: =C13-E13 -> 18 | G13: Шериф | H13: 2.5 | I13: 2 | M13: Мафия | O13: 2.25 | S13: Мирный | U13: 1.5 | Y13: Шериф | AA13: 2 | AE13: Дон | AF13: 2.5 | AG13: 4 | AH13: У/Победа | AK13: Мирный | AM13: 3 | AQ13: Мирный | AS13: 3.25
A14: 9 | B14: СЧ | C14: =SUM(H14:AW14) -> 22.25 | D14: =E14/2.5 -> 2 | E14: =SUM(H14+N14+T14+Z14+AF14+AL14+AR14) -> 5 | F14: =C14-E14 -> 17.25 | G14: Дон | I14: 1.75 | M14: Мирный | N14: 2.5 | O14: 2 | S14: Мафия | T14: 2.5 | U14: 3.25 | Y14: Мирный | AA14: 2.5 | AB14: ПУ | AD14: 0.5 | AE14: Мирный | AG14: 2.75 | AK14: Мирный | AM14: 2 | AQ14: Мирный | AS14: 2.5 | AT14: У/Проигрыш
A15: 10 | B15: Дантес | C15: =SUM(H15:AW15) -> 21.75 | D15: =E15/2.5 -> 2 | E15: =SUM(H15+N15+T15+Z15+AF15+AL15+AR15) -> 5 | F15: =C15-E15 -> 16.75 | G15: Мафия | I15: 2.25 | J15: У/Проигрыш | M15: Мафия | O15: 2.5 | S15: Мирный | U15: 2.5 | Y15: Дон | Z15: 2.5 | AA15: 2 | AE15: Шериф | AG15: 3 | AK15: Мирный | AM15: 1.75 | AQ15: Мафия | AR15: 2.5 | AS15: 2.75
A16: Штраф
A17: Мафия
A18: Шериф | G18: Победа города в угадайке | M18: Сухая победа города | S18: Победа мафии 2в2 | Y18: Победа мафии 1в1 | AE18: Победа мафии 1в1 | AK18: Победа мафии 2в2 | AQ18: Победа мафии 1в1
A19: Дон
A20: ПУ
A21: У/Победа - победа игрока в угадайке
A22: У/Проигрыш - проигрыш игрока в угадайке
A24: Игра | B24: Игровой Ник | C24: Вид штрафа | D24: Штрафной балл
A26: 7 | B26: Schokk | C26: Желтая карточка | D26: -0.5

Sheet 6 Серия
A2: Результаты отборочных серий Турнира "5 Элемент", 2 раунд. Серия №6
A4: Место | B4: Игровой ник | C4: Сумма баллов | D4: Количество побед | E4: Баллы за победу | F4: Доп. Баллы (с ЛХ и Ci) | G4: Игра 1 | M4: Игра 2 | S4: Игра 3 | Y4: Игра 4 | AE4: Игра 5 | AK4: Игра 6 | AQ4: Игра 7 | AW4: Дисциплинарный штраф
G5: Роль | H5: Баллы за победу | I5: Баллы от ведущих | J5: Инфо | K5: ЛХ | L5: Ci | M5: Роль | N5: Баллы за победу | O5: Баллы от ведущих | P5: Инфо | Q5: ЛХ | R5: Ci | S5: Роль | T5: Баллы за победу | U5: Баллы от ведущих | V5: Инфо | W5: ЛХ | X5: Ci | Y5: Роль | Z5: Баллы за победу | AA5: Баллы от ведущих | AB5: Доп | AC5: ЛХ | AD5: Ci | AE5: Роль | AF5: Баллы за победу | AG5: Баллы от ведущих | AH5: Инфо | AI5: ЛХ | AJ5: Ci | AK5: Роль | AL5: Баллы за победу | AM5: Баллы от ведущих | AN5: Доп | AO5: ЛХ | AP5: Ci | AQ5: Роль | AR5: Баллы за победу | AS5: Баллы от ведущих | AT5: Инфо | AU5: ЛХ | AV5: Ci
A6: 1 | B6: Still Rise | C6: =SUM(H6:AW6) -> 33.25 | D6: =E6/2.5 -> 5 | E6: =SUM(H6+N6+T6+Z6+AF6+AL6+AR6) -> 12.5 | F6: =C6-E6 -> 20.75 | G6: Мирный | I6: 2 | M6: Мафия | N6: 2.5 | O6: 3.25 | S6: Дон | T6: 2.5 | U6: 3.75 | Y6: Мафия | Z6: 2.5 | AA6: 3.5 | AE6: Мирный | AF6: 2.5 | AG6: 2 | AH6: ПУ | AJ6: 0.5 | AK6: Мирный | AL6: 2.5 | AM6: 3.25 | AQ6: Мирный | AS6: 2.5
A7: 2 | B7: Физик | C7: =SUM(H7:AW7) -> 30.75 | D7: =E7/2.5 -> 4 | E7: =SUM(H7+N7+T7+Z7+AF7+AL7+AR7) -> 10 | F7: =C7-E7 -> 20.75 | G7: Мафия | H7: 2.5 | I7: 3.75 | M7: Мирный | O7: 2.25 | S7: Мирный | U7: 2 | V7: ПУ | X7: 0.5 | Y7: Мафия | Z7: 2.5 | AA7: 4 | AE7: Мирный | AF7: 2.5 | AG7: 2.25 | AK7: Мирный | AL7: 2.5 | AM7: 3.75 | AQ7: Мирный | AS7: 2.25
A8: 3 | B8: СЧ | C8: =SUM(H8:AW8) -> 27.75 | D8: =E8/2.5 -> 4 | E8: =SUM(H8+N8+T8+Z8+AF8+AL8+AR8) -> 10 | F8: =C8-E8 -> 17.75 | G8: Мирный | I8: 2.5 | M8: Дон | N8: 2.5 | O8: 4.25 | S8: Мирный | U8: 1.25 | Y8: Мирный | AA8: 2 | AE8: Мирный | AF8: 2.5 | AG8: 2.5 | AK8: Мирный | AL8: 2.5 | AM8: 2 | AQ8: Мафия | AR8: 2.5 | AS8: 3.25
A9: 4 | B9: Jazz | C9: =SUM(H9:AW9) -> 25.75 | D9: =E9/2.5 -> 3 | E9: =SUM(H9+N9+T9+Z9+AF9+AL9+AR9) -> 7.5 | F9: =C9-E9 -> 18.25 | G9: Мирный | I9: 2.25 | M9: Мирный | O9: 2 | S9: Мафия | T9: 2.5 | U9: 3.25 | Y9: Шериф | AA9: 2.5 | AB9: ПУ | AC9: 0.5 | AD9: 0.5 | AE9: Мирный | AF9: 2.5 | AG9: 2.5 | AK9: Дон | AM9: 1.75 | AQ9: Мафия | AR9: 2.5 | AS9: 3
A10: 5 | B10: Продюсер | C10: =SUM(H10:AW10) -> 25 | D10: =E10/2.5 -> 3 | E10: =SUM(H10+N10+T10+Z10+AF10+AL10+AR10) -> 7.5 | F10: =C10-E10 -> 17.5 | G10: Дон | H10: 2.5 | I10: 3.5 | M10: Мирный | O10: 2.25 | P10: ПУ | R10: 0.5 | S10: Шериф | U10: 2.75 | Y10: Мирный | AA10: 1.25 | AE10: Мирный | AF10: 2.5 | AG10: 2.75 | AK10: Мирный | AL10: 2.5 | AM10: 2.25 | AQ10: Мирный | AS10: 2.25
A11: 6 | B11: Дантес | C11: =SUM(H11:AW11) -> 24.75 | D11: =E11/2.5 -> 3 | E11: =SUM(H11+N11+T11+Z11+AF11+AL11+AR11) -> 7.5 | F11: =C11-E11 -> 17.25 | G11: Мирный | I11: 1.75 | M11: Мафия | N11: 2.5 | O11: 3 | S11: Мафия | T11: 2.5 | U11: 3.5 | Y11: Мирный | AA11: 1.75 | AE11: Шериф | AF11: 2.5 | AG11: 2.75 | AK11: Мафия | AM11: 2.5 | AQ11: Мирный | AS11: 2
A12: 7 | B12: Оскар | C12: =SUM(H12:AW12) -> 23.5 | D12: =E12/2.5 -> 3 | E12: =SUM(H12+N12+T12+Z12+AF12+AL12+AR12) -> 7.5 | F12: =C12-E12 -> 16 | G12: Мирный | I12: 2 | M12: Мирный | O12: 2.5 | S12: Мирный | U12: 2.25 | Y12: Дон | Z12: 2.5 | AA12: 3.75 | AE12: Мафия | AG12: 0.5 | AK12: Мирный | AL12: 2.5 | AM12: 2.5 | AN12: ПУ | AP12: 0.5 | AQ12: Дон | AR12: 2.5 | AS12: 2
A13: 8 | B13: Лео | C13: =SUM(H13:AW13) -> 22.5 | D13: =E13/2.5 -> 2 | E13: =SUM(H13+N13+T13+Z13+AF13+AL13+AR13) -> 5 | F13: =C13-E13 -> 17.5 | G13: Мафия | H13: 2.5 | I13: 3.25 | M13: Мирный | O13: 2.5 | S13: Мирный | U13: 1.75 | Y13: Мирный | AA13: 2.25 | AE13: Мафия | AG13: 2.5 | AK13: Шериф | AL13: 2.5 | AM13: 3.25 | AQ13: Шериф | AS13: 2
A14: 9 | B14: Хлоя | C14: =SUM(H14:AW14) -> 21 | D14: =E14/2.5 -> 2 | E14: =SUM(H14+N14+T14+Z14+AF14+AL14+AR14) -> 5 | F14: =C14-E14 -> 16 | G14: Мирный | I14: 2 | M14: Мирный | O14: 1.25 | S14: Мирный | U14: 1.5 | Y14: Мирный | AA14: 2.5 | AE14: Мирный | AF14: 2.5 | AG14: 2.75 | AK14: Мирный | AL14: 2.5 | AM14: 3 | AQ14: Мирный | AS14: 2.5 | AT14: ПУ | AV14: 0.5
A15: 10 | B15: Король Лев | C15: =SUM(H15:AW15) -> 17 | D15: =E15/2.5 -> 0 | E15: =SUM(H15+N15+T15+Z15+AF15+AL15+AR15) -> 0 | F15: =C15-E15 -> 17 | G15: Шериф | I15: 2.25 | J15: ПУ | L15: 0.5 | M15: Шериф | O15: 3 | S15: Мирный | U15: 2 | Y15: Мирный | AA15: 1.75 | AE15: Дон | AG15: 2 | AK15: Мафия | AM15: 2.75 | AQ15: Мирный | AS15: 2.75
A16: Штраф | G16: 1.75 | Y16: 1.875
A17: Мафия
A18: Шериф | G18: Победа мафии 3в3 | M18: Победа мафии 2в2 | S18: Победа мафии 3в3 | Y18: Победа мафии 3в3 | AE18: Победа города на круг при пятерых | AQ18: Победа мафии 2в2
A19: Дон | AK19: Победа города на круг при пятерых
A20: ПУ
A21: У/Победа - победа игрока в угадайке
A22: У/Проигрыш - проигрыш игрока в угадайке
A24: Игра | B24: Игровой Ник | C24: Вид штрафа | D24: Штрафной балл
A26: 5 | B26: Оскар | C26: Удаление | D26: -1
A27: 2 | B27: Jazz | C27: Желтая карточка | D27: -0.5

Sheet 7 Серия
A2: Результаты отборочных серий Турнира "5 Элемент", 2 раунд. Серия №7
A4: Место | B4: Игровой ник | C4: Сумма баллов | D4: Количество побед | E4: Баллы за победу | F4: Доп. Баллы (с ЛХ и Ci) | G4: Игра 1 | M4: Игра 2 | S4: Игра 3 | Y4: Игра 4 | AE4: Игра 5 | AK4: Игра 6 | AQ4: Игра 7 | AW4: Дисциплинарный штраф
G5: Роль | H5: Баллы за победу | I5: Баллы от ведущих | J5: Инфо | K5: ЛХ | L5: Ci | M5: Роль | N5: Баллы за победу | O5: Баллы от ведущих | P5: Инфо | Q5: ЛХ | R5: Ci | S5: Роль | T5: Баллы за победу | U5: Баллы от ведущих | V5: Инфо | W5: ЛХ | X5: Ci | Y5: Роль | Z5: Баллы за победу | AA5: Баллы от ведущих | AB5: Доп | AC5: ЛХ | AD5: Ci | AE5: Роль | AF5: Баллы за победу | AG5: Баллы от ведущих | AH5: Инфо | AI5: ЛХ | AJ5: Ci | AK5: Роль | AL5: Баллы за победу | AM5: Баллы от ведущих | AN5: Доп | AO5: ЛХ | AP5: Ci | AQ5: Роль | AR5: Баллы за победу | AS5: Баллы от ведущих | AT5: Инфо | AU5: ЛХ | AV5: Ci
A6: 1 | B6: Чешир | C6: =SUM(H6:AW6) -> 35.5 | D6: =E6/2.5 -> 5 | E6: =SUM(H6+N6+T6+Z6+AF6+AL6+AR6) -> 12.5 | F6: =C6-E6 -> 23 | G6: Мирный | H6: 2.5 | I6: 2.5 | J6: ПУ | L6: 0.5 | M6: Мафия | N6: 2.5 | O6: 4.5 | S6: Мирный | T6: 2.5 | U6: 3.75 | Y6: Дон | Z6: 2.5 | AA6: 4.5 | AE6: Мирный | AF6: 2.5 | AG6: 2 | AH6: У/Победа | AK6: Мирный | AM6: 2.75 | AQ6: Дон | AS6: 2.5 | AT6: У/Проигрыш
A7: 2 | B7: Бастурма | C7: =SUM(H7:AW7) -> 33.5 | D7: =E7/2.5 -> 5 | E7: =SUM(H7+N7+T7+Z7+AF7+AL7+AR7) -> 12.5 | F7: =C7-E7 -> 21 | G7: Шериф | H7: 2.5 | I7: 3.5 | M7: Мирный | O7: 3.25 | S7: Мирный | T7: 2.5 | U7: 3 | Y7: Мирный | AA7: 1.5 | AE7: Мирный | AF7: 2.5 | AG7: 3.25 | AH7: У/Победа | AK7: Мафия | AL7: 2.5 | AM7: 3.5 | AQ7: Мирный | AR7: 2.5 | AS7: 3 | AT7: У/Победа
A8: 3 | B8: Путедьют | C8: =SUM(H8:AW8) -> 33 | D8: =E8/2.5 -> 5 | E8: =SUM(H8+N8+T8+Z8+AF8+AL8+AR8) -> 12.5 | F8: =C8-E8 -> 20.5 | G8: Мирный | H8: 2.5 | I8: 3.25 | M8: Мирный | O8: 3.5 | S8: Мирный | T8: 2.5 | U8: 3.25 | V8: У/Победа | Y8: Шериф | AA8: 2.25 | AE8: Шериф | AF8: 2.5 | AG8: 3 | AK8: Мафия | AL8: 2.5 | AM8: 1.75 | AQ8: Мирный | AR8: 2.5 | AS8: 3.5 | AT8: У/Победа
A9: 4 | B9: Юрия | C9: =SUM(H9:AW9) -> 32 | D9: =E9/2.5 -> 5 | E9: =SUM(H9+N9+T9+Z9+AF9+AL9+AR9) -> 12.5 | F9: =C9-E9 -> 19.5 | G9: Мирный | H9: 2.5 | I9: 3 | M9: Мафия | N9: 2.5 | O9: 2.75 | S9: Мирный | T9: 2.5 | U9: 2.75 | V9: ПУ | W9: 0.5 | X9: 0.5 | Y9: Мирный | AA9: 2.25 | AE9: Мирный | AF9: 2.5 | AG9: 3.25 | AK9: Мирный | AM9: 2 | AQ9: Мирный | AR9: 2.5 | AS9: 2.5
A10: 5 | B10: Шоу Бой | C10: =SUM(H10:AW10) -> 31 | D10: =E10/2.5 -> 4 | E10: =SUM(H10+N10+T10+Z10+AF10+AL10+AR10) -> 10 | F10: =C10-E10 -> 21 | G10: Мирный | H10: 2.5 | I10: 2.5 | M10: Мирный | O10: 1.25 | S10: Мирный | T10: 2.5 | U10: 2.75 | V10: У/Победа | Y10: Мирный | AA10: 3.25 | AE10: Мирный | AF10: 2.5 | AG10: 2.5 | AK10: Мирный | AM10: 3.25 | AQ10: Шериф | AR10: 2.5 | AS10: 4 | AT10: ПУ | AU10: 1 | AV10: 0.5
A11: 6 | B11: Natsy | C11: =SUM(H11:AW11) -> 29.5 | D11: =E11/2.5 -> 4 | E11: =SUM(H11+N11+T11+Z11+AF11+AL11+AR11) -> 10 | F11: =C11-E11 -> 19.5 | G11: Мирный | H11: 2.5 | I11: 3.75 | M11: Дон | N11: 2.5 | O11: 3 | S11: Мафия | U11: 3 | V11: У/Проигрыш | Y11: Мирный | AA11: 1.5 | AE11: Мирный | AF11: 2.5 | AG11: 2.25 | AK11: Мирный | AM11: 2.5 | AQ11: Мирный | AR11: 2.5 | AS11: 3.5 | AT11: У/Победа
A12: 7 | B12: Нелли | C12: =SUM(H12:AW12) -> 28.25 | D12: =E12/2.5 -> 3 | E12: =SUM(H12+N12+T12+Z12+AF12+AL12+AR12) -> 7.5 | F12: =C12-E12 -> 20.75 | G12: Дон | I12: 2 | M12: Мирный | O12: 3.75 | S12: Мирный | T12: 2.5 | U12: 3.5 | V12: У/Победа | Y12: Мирный | AA12: 2.5 | AE12: Мафия | AG12: 2.75 | AK12: Дон | AL12: 2.5 | AM12: 3 | AQ12: Мирный | AR12: 2.5 | AS12: 3.25
A13: 8 | B13: Зверюга | C13: =SUM(H13:AW13) -> 25 | D13: =E13/2.5 -> 2 | E13: =SUM(H13+N13+T13+Z13+AF13+AL13+AR13) -> 5 | F13: =C13-E13 -> 20 | G13: Мирный | H13: 2.5 | I13: 3.25 | M13: Шериф | O13: 3.25 | S13: Мафия | U13: 0.5 | Y13: Мирный | AA13: 3 | AB13: ПУ | AD13: 0.5 | AE13: Мирный | AF13: 2.5 | AG13: 3.75 | AH13: У/Победа | AK13: Мирный | AM13: 3.75 | AQ13: Мафия | AS13: 2
A14: 9 | B14: Донателло | C14: =SUM(H14:AW14) -> 20.25 | D14: =E14/2.5 -> 2 | E14: =SUM(H14+N14+T14+Z14+AF14+AL14+AR14) -> 5 | F14: =C14-E14 -> 15.25 | G14: Мафия | I14: 0 | M14: Мирный | O14: 2 | P14: ПУ | R14: 0.5 | S14: Шериф | T14: 2.5 | U14: 1.75 | Y14: Мафия | Z14: 2.5 | AA14: 3.75 | AE14: Дон | AG14: 1.75 | AK14: Шериф | AM14: 3 | AQ14: Мафия | AS14: 2.5
A15: 10 | B15: Америка | C15: =SUM(H15:AW15) -> 19 | D15: =E15/2.5 -> 2 | E15: =SUM(H15+N15+T15+Z15+AF15+AL15+AR15) -> 5 | F15: =C15-E15 -> 14 | G15: Мафия | I15: 1.5 | M15: Мирный | O15: 2.25 | S15: Дон | U15: 2 | Y15: Мафия | Z15: 2.5 | AA15: 3.5 | AE15: Мафия | AG15: 0 | AH15: У/Проигрыш | AK15: Мирный | AM15: 1.75 | AQ15: Мирный | AR15: 2.5 | AS15: 3
A16: Штраф | G16: 2.25 | M16: 2.1666667 | S16: 2.4166667 | Y16: 2.2083333 | AE16: 2.5 | AK16: 3.1666667
A17: Мафия
A18: Шериф | G18: Победа города на круг при пятерых | M18: Победа мафии 2в2 | S18: Победа города в угадайке при четверых | Y18: Победа мафии 2в2 | AE18: Победа города в угадайке при четверых | AK18: Победа мафии 2в2 | AQ18: Победа города в угадайке при четверых
A19: Дон
A20: ПУ
A21: У/Победа - победа игрока в угадайке
A22: У/Проигрыш - проигрыш игрока в угадайке
A24: Игра | B24: Игровой Ник | C24: Вид штрафа | D24: Штрафной балл
A26: 1 | B26: Донателло | C26: Удаление | D26: -1
A27: 3 | B27: Зверюга | C27: Удаление | D27: -1
A28: 5 | B28: Шоу Бой | C28: Желтая карточка | D28: -0.5
A29: 5 | B29: Америка | C29: Удаление | D29: -1

Sheet 8 Серия
A2: Результаты отборочных серий Турнира "5 Элемент", 2 раунд. Серия №8
A4: Место | B4: Игровой ник | C4: Сумма баллов | D4: Количество побед | E4: Баллы за победу | F4: Доп. Баллы (с ЛХ и Ci) | G4: Игра 1 | M4: 2 игра | S4: Игра 3 | Y4: Игра 4 | AE4: Игра 5 | AK4: Игра 6 | AQ4: Игра 7 | AW4: Дисциплинарный штраф
G5: Роль | H5: Баллы за победу | I5: Баллы от ведущих | J5: Инфо | K5: ЛХ | L5: Ci | M5: Роль | N5: Баллы за победу | O5: Баллы от ведущих | P5: Инфо | Q5: ЛХ | R5: Ci | S5: Роль | T5: Баллы за победу | U5: Баллы от ведущих | V5: Инфо | W5: ЛХ | X5: Ci | Y5: Роль | Z5: Баллы за победу | AA5: Баллы от ведущих | AB5: Доп | AC5: ЛХ | AD5: Ci | AE5: Роль | AF5: Баллы за победу | AG5: Баллы от ведущих | AH5: Инфо | AI5: ЛХ | AJ5: Ci | AK5: Роль | AL5: Баллы за победу | AM5: Баллы от ведущих | AN5: Доп | AO5: ЛХ | AP5: Ci | AQ5: Роль | AR5: Баллы за победу | AS5: Баллы от ведущих | AT5: Инфо | AU5: ЛХ | AV5: Ci
A6: 1 | B6: Зверюга | C6: =SUM(H6:AW6) -> 38.25 | D6: =E6/2.5 -> 5 | E6: =SUM(H6+N6+T6+Z6+AF6+AL6+AR6) -> 12.5 | F6: =C6-E6 -> 25.75 | G6: Мирный | H6: 2.5 | I6: 4 | M6: Мафия | O6: 2 | S6: Дон | T6: 2.5 | U6: 4.25 | Y6: Мафия | Z6: 2.5 | AA6: 3.5 | AE6: Мирный | AF6: 2.5 | AG6: 4.25 | AH6: ПУ | AI6: 1 | AJ6: 0.5 | AK6: Мирный | AM6: 2.75 | AN6: У/Проигрыш | AQ6: Мирный | AR6: 2.5 | AS6: 3.5
A7: 2 | B7: Бастурма | C7: =SUM(H7:AW7) -> 37.75 | D7: =E7/2.5 -> 6 | E7: =SUM(H7+N7+T7+Z7+AF7+AL7+AR7) -> 15 | F7: =C7-E7 -> 22.75 | G7: Мирный | H7: 2.5 | I7: 3.75 | M7: Мирный | N7: 2.5 | O7: 2.75 | S7: Мафия | T7: 2.5 | U7: 3 | Y7: Мирный | AA7: 3.5 | AE7: Мирный | AF7: 2.5 | AG7: 3.5 | AK7: Мафия | AL7: 2.5 | AM7: 3.25 | AN7: У/Победа | AQ7: Мирный | AR7: 2.5 | AS7: 3
A8: 3 | B8: Путедьют | C8: =SUM(H8:AW8) -> 30.75 | D8: =E8/2.5 -> 4 | E8: =SUM(H8+N8+T8+Z8+AF8+AL8+AR8) -> 10 | F8: =C8-E8 -> 20.75 | G8: Шериф | H8: 2.5 | I8: 3.5 | M8: Шериф | N8: 2.5 | O8: 3.25 | S8: Мирный | U8: 3.25 | Y8: Мирный | AA8: 3 | AE8: Мирный | AF8: 2.5 | AG8: 4 | AK8: Мафия | AL8: 2.5 | AM8: 2.5 | AQ8: Дон | AS8: 1.25
A9: 4 | B9: Нелли | C9: =SUM(H9:AW9) -> 28.5 | D9: =E9/2.5 -> 3 | E9: =SUM(H9+N9+T9+Z9+AF9+AL9+AR9) -> 7.5 | F9: =C9-E9 -> 21 | G9: Мафия | I9: 2.5 | M9: Мирный | N9: 2.5 | O9: 4 | S9: Шериф | U9: 2.5 | Y9: Мирный | AA9: 2 | AE9: Мирный | AF9: 2.5 | AG9: 4 | AK9: Шериф | AM9: 2.75 | AQ9: Мирный | AR9: 2.5 | AS9: 3.25
A10: 5 | B10: Teslex | C10: =SUM(H10:AW10) -> 28.25 | D10: =E10/2.5 -> 4 | E10: =SUM(H10+N10+T10+Z10+AF10+AL10+AR10) -> 10 | F10: =C10-E10 -> 18.25 | G10: Мирный | H10: 2.5 | I10: 3.25 | M10: Дон | O10: 2 | S10: Мирный | U10: 2.25 | Y10: Мирный | AA10: 1.75 | AE10: Мирный | AF10: 2.5 | AG10: 3.5 | AK10: Дон | AL10: 2.5 | AM10: 2.75 | AQ10: Мирный | AR10: 2.5 | AS10: 2.75
A11: 6 | B11: Чешир | C11: =SUM(H11:AW11) -> 26.75 | D11: =E11/2.5 -> 4 | E11: =SUM(H11+N11+T11+Z11+AF11+AL11+AR11) -> 10 | F11: =C11-E11 -> 16.75 | G11: Мирный | H11: 2.5 | I11: 2.5 | J11: ПУ | L11: 0.5 | M11: Мирный | N11: 2.5 | O11: 2.5 | S11: Мирный | U11: 2 | Y11: Мафия | Z11: 2.5 | AA11: 2.75 | AE11: Шериф | AF11: 2.5 | AG11: 3.75 | AK11: Мирный | AM11: 1.5 | AN11: У/Проигрыш | AQ11: Мафия | AS11: 1.25
A12: 7 | B12: Шпиц | C12: =SUM(H12:AW12) -> 26.75 | D12: =E12/2.5 -> 4 | E12: =SUM(H12+N12+T12+Z12+AF12+AL12+AR12) -> 10 | F12: =C12-E12 -> 16.75 | G12: Мирный | H12: 2.5 | I12: 1.5 | M12: Мирный | N12: 2.5 | O12: 2.25 | P12: ПУ | R12: 0.5 | S12: Мафия | T12: 2.5 | U12: 3.25 | Y12: Мирный | AA12: 2 | AB12: ПУ | AD12: 1 | AE12: Мафия | AG12: 2.5 | AK12: Мирный | AM12: 1 | AQ12: Мирный | AR12: 2.5 | AS12: 2.75
A13: 8 | B13: Afer1st | C13: =SUM(H13:AW13) -> 25.75 | D13: =E13/2.5 -> 3 | E13: =SUM(H13+N13+T13+Z13+AF13+AL13+AR13) -> 7.5 | F13: =C13-E13 -> 18.25 | G13: Мирный | H13: 2.5 | I13: 3.5 | M13: Мирный | N13: 2.5 | O13: 3 | S13: Мирный | U13: 2.5 | Y13: Мирный | AA13: 2 | AE13: Мирный | AF13: 2.5 | AG13: 2.75 | AK13: Мирный | AM13: 2.5 | AQ13: Мафия | AS13: 2
A14: 9 | B14: Шоу Бой | C14: =SUM(H14:AW14) -> 25.75 | D14: =E14/2.5 -> 2 | E14: =SUM(H14+N14+T14+Z14+AF14+AL14+AR14) -> 5 | F14: =C14-E14 -> 20.75 | G14: Дон | I14: 1.75 | M14: Мирный | N14: 2.5 | O14: 2.75 | S14: Мирный | U14: 2.75 | V14: ПУ | X14: 0.5 | Y14: Шериф | AA14: 2.5 | AE14: Мафия | AG14: 2 | AK14: Мирный | AM14: 3 | AN14: ПУ | AO14: 0.5 | AP14: 1 | AQ14: Мирный | AR14: 2.5 | AS14: 4
A15: 10 | B15: Cherry pick | C15: =SUM(H15:AW15) -> 21 | D15: =E15/2.5 -> 2 | E15: =SUM(H15+N15+T15+Z15+AF15+AL15+AR15) -> 5 | F15: =C15-E15 -> 16 | G15: Мафия | I15: 1.75 | M15: Мафия | O15: 2.25 | S15: Мирный | U15: 2.25 | Y15: Дон | Z15: 2.5 | AA15: 3.5 | AE15: Дон | AG15: 1.25 | AK15: Мирный | AM15: 1.5 | AN15: У/Проигрыш | AQ15: Шериф | AR15: 2.5 | AS15: 3.5
A16: Штраф | G16: 53 мин | S16: 1.7916667 | Y16: 1.7916667 | AQ16: 2.2083333
A17: Мафия
A18: Шериф | G18: Победа города на круг при пятерых | M18: Победа города на круг при пятерых | S18: Победа мафии 3в3 | Y18: Победа мафии 3в3 | AE18: Сухая победа города | AK18: Победа мафии 1в1 | AQ18: Победа города на круг при шестерых
A19: Дон
A20: ПУ
A21: У/Победа - победа игрока в угадайке
A22: У/Проигрыш - проигрыш игрока в угадайке
A24: Игра | B24: Игровой Ник | C24: Вид штрафа | D24: Штрафной балл
A26: 2 | B26: Зверюга | C26: Удаление | D26: -1

Sheet 9 Серия
A2: Результаты отборочных серий Турнира "5 Элемент", 2 раунд. Серия №9
A4: Место | B4: Игровой ник | C4: Сумма баллов | D4: Количество побед | E4: Баллы за победу | F4: Доп. Баллы (с ЛХ и Ci) | G4: Игра 1 | M4: Игра 2 | S4: Игра 3 | Y4: Игра 4 | AE4: Игра 5 | AK4: Игра 6 | AQ4: Игра 7 | AW4: Дисциплинарный штраф
G5: Роль | H5: Баллы за победу | I5: Баллы от ведущих | J5: Инфо | K5: ЛХ | L5: Ci | M5: Роль | N5: Баллы за победу | O5: Баллы от ведущих | P5: Инфо | Q5: ЛХ | R5: Ci | S5: Роль | T5: Баллы за победу | U5: Баллы от ведущих | V5: Инфо | W5: ЛХ | X5: Ci | Y5: Роль | Z5: Баллы за победу | AA5: Баллы от ведущих | AB5: Доп | AC5: ЛХ | AD5: Ci | AE5: Роль | AF5: Баллы за победу | AG5: Баллы от ведущих | AH5: Инфо | AI5: ЛХ | AJ5: Ci | AK5: Роль | AL5: Баллы за победу | AM5: Баллы от ведущих | AN5: Доп | AO5: ЛХ | AP5: Ci | AQ5: Роль | AR5: Баллы за победу | AS5: Баллы от ведущих | AT5: Инфо | AU5: ЛХ | AV5: Ci
A6: 1 | B6: Наполеон | C6: =SUM(H6:AW6) -> 36.75 | D6: =E6/2.5 -> 5 | E6: =SUM(H6+N6+T6+Z6+AF6+AL6+AR6) -> 12.5 | F6: =C6-E6 -> 24.25 | G6: Дон | H6: 2.5 | I6: 2.75 | M6: Шериф | O6: 4.25 | P6: ПУ | Q6: 0.5 | R6: 0.5 | S6: Дон | T6: 2.5 | U6: 3 | Y6: Мирный | Z6: 2.5 | AA6: 4 | AB6: У/Победа | AE6: Мафия | AF6: 2.5 | AG6: 4 | AK6: Мирный | AM6: 1.25 | AQ6: Мафия | AR6: 2.5 | AS6: 4
A7: 2 | B7: Луна | C7: =SUM(H7:AW7) -> 30 | D7: =E7/2.5 -> 3 | E7: =SUM(H7+N7+T7+Z7+AF7+AL7+AR7) -> 7.5 | F7: =C7-E7 -> 22.5 | G7: Мирный | I7: 3 | M7: Мирный | O7: 3.5 | P7: У/Проигрыш | S7: Мирный | U7: 1.75 | Y7: Мирный | Z7: 2.5 | AA7: 3.5 | AB7: У/Победа | AE7: Мафия | AF7: 2.5 | AG7: 3.75 | AK7: Дон | AL7: 2.5 | AM7: 4.5 | AQ7: Шериф | AS7: 2.5
A8: 3 | B8: Бастурма | C8: =SUM(H8:AW8) -> 27.75 | D8: =E8/2.5 -> 4 | E8: =SUM(H8+N8+T8+Z8+AF8+AL8+AR8) -> 10 | F8: =C8-E8 -> 17.75 | G8: Мафия | H8: 2.5 | I8: 3.75 | M8: Мафия | N8: 2.5 | O8: 2.25 | S8: Мафия | T8: 2.5 | U8: 3.5 | Y8: Мирный | Z8: 2.5 | AA8: 2 | AE8: Шериф | AG8: 2.5 | AH8: ПУ | AI8: 0.5 | AJ8: 0.5 | AK8: Шериф | AM8: 1.75 | AQ8: Мирный | AS8: 3.5 | AW8: -2.5
A9: 4 | B9: Путедьют | C9: =SUM(H9:AW9) -> 27 | D9: =E9/2.5 -> 3 | E9: =SUM(H9+N9+T9+Z9+AF9+AL9+AR9) -> 7.5 | F9: =C9-E9 -> 19.5 | G9: Мирный | I9: 2.75 | M9: Мирный | O9: 1.75 | S9: Мирный | U9: 3.5 | Y9: Мирный | Z9: 2.5 | AA9: 3.25 | AE9: Мирный | AG9: 2 | AK9: Мафия | AL9: 2.5 | AM9: 3.25 | AQ9: Мафия | AR9: 2.5 | AS9: 3
A10: 5 | B10: Чешир | C10: =SUM(H10:AW10) -> 26.5 | D10: =E10/2.5 -> 3 | E10: =SUM(H10+N10+T10+Z10+AF10+AL10+AR10) -> 7.5 | F10: =C10-E10 -> 19 | G10: Мирный | I10: 2 | M10: Дон | N10: 2.5 | O10: 3.5 | P10: У/Победа | S10: Шериф | U10: 1.75 | V10: ПУ | X10: 0.5 | Y10: Шериф | Z10: 2.5 | AA10: 3.5 | AE10: Дон | AF10: 2.5 | AG10: 2.75 | AK10: Мирный | AM10: 0.75 | AN10: ПУ | AO10: 0 | AP10: 1 | AQ10: Мирный | AS10: 3.25
A11: 6 | B11: Jazz | C11: =SUM(H11:AW11) -> 25.75 | D11: =E11/2.5 -> 3 | E11: =SUM(H11+N11+T11+Z11+AF11+AL11+AR11) -> 7.5 | F11: =C11-E11 -> 18.25 | G11: Мафия | H11: 2.5 | I11: 3.25 | M11: Мирный | O11: 3 | S11: Мафия | T11: 2.5 | U11: 3.5 | Y11: Мирный | Z11: 2.5 | AA11: 2.5 | AE11: Мирный | AG11: 2.25 | AK11: Мирный | AM11: 2 | AQ11: Мирный | AS11: 1.75
A12: 7 | B12: Шоу Бой | C12: =SUM(H12:AW12) -> 24.5 | D12: =E12/2.5 -> 2 | E12: =SUM(H12+N12+T12+Z12+AF12+AL12+AR12) -> 5 | F12: =C12-E12 -> 19.5 | G12: Шериф | I12: 2.5 | J12: ПУ | L12: 0.5 | M12: Мирный | O12: 1.75 | S12: Мирный | U12: 2.25 | Y12: Мирный | Z12: 2.5 | AA12: 3 | AE12: Мирный | AG12: 2.5 | AK12: Мафия | AL12: 2.5 | AM12: 3.5 | AQ12: Мирный | AS12: 2.5 | AT12: ПУ | AV12: 1
A13: 8 | B13: Stacy | C13: =SUM(H13:AW13) -> 20 | D13: =E13/2.5 -> 2 | E13: =SUM(H13+N13+T13+Z13+AF13+AL13+AR13) -> 5 | F13: =C13-E13 -> 15 | G13: Мирный | I13: 1.75 | M13: Мафия | N13: 2.5 | O13: 3.25 | S13: Мирный | U13: 1.5 | Y13: Мафия | AA13: 2 | AE13: Мирный | AG13: 1.75 | AK13: Мирный | AM13: 1.5 | AQ13: Дон | AR13: 2.5 | AS13: 3.25
A14: 9 | B14: Мишель | C14: =SUM(H14:AW14) -> 16.25 | D14: =E14/2.5 -> 0 | E14: =SUM(H14+N14+T14+Z14+AF14+AL14+AR14) -> 0 | F14: =C14-E14 -> 16.25 | G14: Мирный | I14: 2.5 | M14: Мирный | O14: 2 | P14: У/Проигрыш | S14: Мирный | U14: 2.75 | Y14: Мафия | AA14: 2.75 | AB14: У/Проигрыш | AE14: Мирный | AG14: 2 | AK14: Мирный | AM14: 2 | AQ14: Мирный | AS14: 2.25
A15: 10 | B15: Нелли | C15: =SUM(H15:AW15) -> 14.25 | D15: =E15/2.5 -> 0 | E15: =SUM(H15+N15+T15+Z15+AF15+AL15+AR15) -> 0 | F15: =C15-E15 -> 14.25 | G15: Мирный | I15: 2 | M15: Мирный | O15: 2.5 | S15: Мирный | U15: 2.25 | Y15: Дон | AA15: 1.25 | AE15: Мирный | AG15: 2.75 | AK15: Мирный | AM15: 1.75 | AQ15: Мирный | AS15: 1.75
A16: Штраф | G16: 1.9472222 | M16: 2.1722222 | S16: 1.6673611
A17: Мафия
A18: Шериф | G18: Победа мафии 2в2 | M18: Победа мафии 1в1 | S18: Победа мафии 2в2 | Y18: Победа города в угадайке | AE18: Победа мафии 2в2 | AK18: Победа мафии 3в3 | AQ18: Победа мафии 3в3
A19: Дон
A20: ПУ
A21: У/Победа - победа игрока в угадайке
A22: У/Проигрыш - проигрыш игрока в угадайке
A24: Игра | B24: Игровой Ник | C24: Вид штрафа | D24: Штрафной балл
A26: 1 | B26: Чешир | C26: Желтая карточка | D26: -0.5
A27: 2 | B27: Шоу Бой | C27: Желтая карточка | D27: -0.5
A28: 2 | B28: Чешир | C28: Желтая карточка | D28: -1
A29: 3 | B29: Stacy | C29: Желтая карточка | D29: -0.5
A30: 4 | B30: Нелли | C30: Желтая карточка | D30: -0.5
A31: 6 | B31: Чешир | C31: Желтая карточка | D31: -1.5
A32: 6 | B32: Бастурма | C32: Желтая карточка | D32: -0.5

Sheet 10 Серия
A2: Результаты отборочных серий Турнира "5 Элемент", 2 раунд. Серия №10
A4: Место | B4: Игровой ник | C4: Сумма баллов | D4: Количество побед | E4: Баллы за победу | F4: Доп. Баллы (с ЛХ и Ci) | G4: Игра 1 | M4: Игра 2 | S4: Игра 3 | Y4: Игра 4 | AE4: Игра 5 | AK4: Игра 6 | AQ4: Игра 7 | AW4: Дисциплинарный штраф
G5: Роль | H5: Баллы за победу | I5: Баллы от ведущих | J5: Инфо | K5: ЛХ | L5: Ci | M5: Роль | N5: Баллы за победу | O5: Баллы от ведущих | P5: Инфо | Q5: ЛХ | R5: Ci | S5: Роль | T5: Баллы за победу | U5: Баллы от ведущих | V5: Инфо | W5: ЛХ | X5: Ci | Y5: Роль | Z5: Баллы за победу | AA5: Баллы от ведущих | AB5: Доп | AC5: ЛХ | AD5: Ci | AE5: Роль | AF5: Баллы за победу | AG5: Баллы от ведущих | AH5: Инфо | AI5: ЛХ | AJ5: Ci | AK5: Роль | AL5: Баллы за победу | AM5: Баллы от ведущих | AN5: Доп | AO5: ЛХ | AP5: Ci | AQ5: Роль | AR5: Баллы за победу | AS5: Баллы от ведущих | AT5: Инфо | AU5: ЛХ | AV5: Ci
A6: 1 | B6: Армен 24 | C6: =SUM(H6:AW6) -> 32 | D6: =E6/2.5 -> 4 | E6: =SUM(H6+N6+T6+Z6+AF6+AL6+AR6) -> 10 | F6: =C6-E6 -> 22 | G6: Мирный | I6: 1.75 | M6: Мирный | N6: 2.5 | O6: 4.25 | P6: У/Победа | S6: Мафия | T6: 2.5 | U6: 3.75 | Y6: Мирный | Z6: 2.5 | AA6: 3 | AB6: ПУ | AC6: 0.5 | AD6: 0.5 | AE6: Мирный | AF6: 2.5 | AG6: 3.25 | AK6: Мирный | AM6: 2 | AQ6: Мирный | AS6: 3
A7: 2 | B7: Букля | C7: =SUM(H7:AW7) -> 31 | D7: =E7/2.5 -> 4 | E7: =SUM(H7+N7+T7+Z7+AF7+AL7+AR7) -> 10 | F7: =C7-E7 -> 21 | G7: Дон | H7: 2.5 | I7: 4 | M7: Мирный | N7: 2.5 | O7: 1.25 | S7: Мирный | U7: 2.75 | V7: ПУ | X7: 0.5 | Y7: Дон | AA7: 3 | AE7: Дон | AG7: 2.25 | AK7: Мафия | AL7: 2.5 | AM7: 3.75 | AQ7: Мафия | AR7: 2.5 | AS7: 3.5 | AT7: У/Победа
A8: 3 | B8: Хамилка | C8: =SUM(H8:AW8) -> 30.25 | D8: =E8/2.5 -> 4 | E8: =SUM(H8+N8+T8+Z8+AF8+AL8+AR8) -> 10 | F8: =C8-E8 -> 20.25 | G8: Мирный | I8: 1.5 | M8: Дон | O8: 2 | P8: У/Проигрыш | S8: Дон | T8: 2.5 | U8: 4 | Y8: Мафия | AA8: 2 | AE8: Мирный | AF8: 2.5 | AG8: 2.5 | AK8: Дон | AL8: 2.5 | AM8: 4.25 | AQ8: Дон | AR8: 2.5 | AS8: 4
A9: 4 | B9: Bublik | C9: =SUM(H9:AW9) -> 30 | D9: =E9/2.5 -> 4 | E9: =SUM(H9+N9+T9+Z9+AF9+AL9+AR9) -> 10 | F9: =C9-E9 -> 20 | G9: Шериф | I9: 3.25 | J9: ПУ | K9: 0.5 | L9: 0.5 | M9: Мирный | N9: 2.5 | O9: 3.75 | S9: Мафия | T9: 2.5 | U9: 3.5 | Y9: Мафия | AA9: 1.25 | AE9: Мирный | AF9: 2.5 | AG9: 2 | AH9: ПУ | AJ9: 1 | AK9: Мирный | AM9: 1.75 | AQ9: Мафия | AR9: 2.5 | AS9: 2.5
A10: 5 | B10: Ketamin | C10: =SUM(H10:AW10) -> 29.25 | D10: =E10/2.5 -> 4 | E10: =SUM(H10+N10+T10+Z10+AF10+AL10+AR10) -> 10 | F10: =C10-E10 -> 19.25 | G10: Мафия | H10: 2.5 | I10: 3.25 | M10: Мирный | N10: 2.5 | O10: 1.75 | P10: ПУ | R10: 0.5 | S10: Шериф | U10: 1.75 | Y10: Мирный | Z10: 2.5 | AA10: 2.75 | AE10: Мирный | AF10: 2.5 | AG10: 3 | AK10: Мирный | AM10: 3.75 | AQ10: Мирный | AS10: 2.5
A11: 6 | B11: Никнейм | C11: =SUM(H11:AW11) -> 27.5 | D11: =E11/2.5 -> 4 | E11: =SUM(H11+N11+T11+Z11+AF11+AL11+AR11) -> 10 | F11: =C11-E11 -> 17.5 | G11: Мафия | H11: 2.5 | I11: 2.75 | M11: Шериф | N11: 2.5 | O11: 4 | S11: Мирный | U11: 1.5 | Y11: Мирный | Z11: 2.5 | AA11: 3.25 | AE11: Мирный | AF11: 2.5 | AG11: 2.5 | AK11: Мирный | AM11: 1.75 | AQ11: Мирный | AS11: 1.75
A12: 7 | B12: Спирит | C12: =SUM(H12:AW12) -> 22.75 | D12: =E12/2.5 -> 3 | E12: =SUM(H12+N12+T12+Z12+AF12+AL12+AR12) -> 7.5 | F12: =C12-E12 -> 15.25 | G12: Мирный | I12: 3 | M12: Мирный | N12: 2.5 | O12: 2 | P12: У/Победа | S12: Мирный | U12: 2 | Y12: Мирный | Z12: 2.5 | AA12: 2.25 | AE12: Мафия | AG12: 1.5 | AK12: Мафия | AL12: 2.5 | AM12: 3.5 | AQ12: Шериф | AS12: 1 | AT12: У/Проигрыш
A13: 8 | B13: Махинатор | C13: =SUM(H13:AW13) -> 22.75 | D13: =E13/2.5 -> 2 | E13: =SUM(H13+N13+T13+Z13+AF13+AL13+AR13) -> 5 | F13: =C13-E13 -> 17.75 | G13: Мирный | I13: 1.5 | M13: Мафия | O13: 2 | S13: Мирный | U13: 2.25 | Y13: Мирный | Z13: 2.5 | AA13: 3.5 | AE13: Мирный | AF13: 2.5 | AG13: 3.25 | AK13: Шериф | AM13: 2.25 | AQ13: Мирный | AS13: 3
A14: 9 | B14: Рыжая | C14: =SUM(H14:AW14) -> 22.75 | D14: =E14/2.5 -> 2 | E14: =SUM(H14+N14+T14+Z14+AF14+AL14+AR14) -> 5 | F14: =C14-E14 -> 17.75 | G14: Мирный | I14: 1.75 | M14: Мирный | N14: 2.5 | O14: 3 | S14: Мирный | U14: 1.75 | Y14: Шериф | Z14: 2.5 | AA14: 3.25 | AE14: Мафия | AG14: 2.5 | AK14: Мирный | AM14: 2.5 | AN14: ПУ | AO14: 0.5 | AP14: 0.5 | AQ14: Мирный | AS14: 2 | AT14: У/Проигрыш
A15: 10 | B15: Домовой | C15: =SUM(H15:AW15) -> 21.5 | D15: =E15/2.5 -> 2 | E15: =SUM(H15+N15+T15+Z15+AF15+AL15+AR15) -> 5 | F15: =C15-E15 -> 16.5 | G15: Мирный | I15: 2 | M15: Мафия | O15: 2.25 | S15: Мирный | U15: 2 | Y15: Мирный | Z15: 2.5 | AA15: 2.5 | AE15: Шериф | AF15: 2.5 | AG15: 2.75 | AK15: Мирный | AM15: 1.75 | AQ15: Мирный | AS15: 2.75 | AT15: ПУ | AV15: 0.5
A16: Штраф | G16: 1.9583333 | M16: 2.375 | S16: 1.375 | Y16: 56:00:00.000 | AE16: 2 | AK16: 1.8333333 | AQ16: 3.0833333
A17: Мафия
A18: Шериф | G18: Победа мафии 2в2 | M18: Победа города в угадайке | S18: Победа мафии 3в3 | Y18: Победа города на круг при пятерых | AE18: Сухая победа города | AK18: Победа мафии 3в3 | AQ18: Победа мафии 1в1
A19: Дон
A20: ПУ
A21: У/Победа - победа игрока в угадайке
A22: У/Проигрыш - проигрыш игрока в угадайке
A24: Игра | B24: Игровой Ник | C24: Вид штрафа | D24: Штрафной балл
A26: 1 | B26: Махинатор | C26: Желтая карточка | D26: -0.5
A27: 5 | B27: Спирит | C27: Удаление | D27: -1
A28: 6 | B28: Махинатор | C28: Желтая карточка | D28: -1
A29: 7 | B29: Армен 24 | C29: Удаление | D29: -1
A30: 7 | B30: Махинатор | C30: Желтая карточка | D30: -1.5
A31: 7 | B31: Ketamin | C31: Желтая карточка | D31: -0.5

Sheet 11 Серия
A2: Результаты отборочных серий Турнира "5 Элемент", 2 раунд. Серия №11
A4: Место | B4: Игровой ник | C4: Сумма баллов | D4: Количество побед | E4: Баллы за победу | F4: Доп. Баллы (с ЛХ и Ci) | G4: Игра 1 | M4: Игра 2 | S4: Игра 3 | Y4: Игра 4 | AE4: Игра 5 | AK4: Игра 6 | AQ4: Игра 7 | AW4: Дисциплинарный штраф
G5: Роль | H5: Баллы за победу | I5: Баллы от ведущих | J5: Инфо | K5: ЛХ | L5: Ci | M5: Роль | N5: Баллы за победу | O5: Баллы от ведущих | P5: Инфо | Q5: ЛХ | R5: Ci | S5: Роль | T5: Баллы за победу | U5: Баллы от ведущих | V5: Инфо | W5: ЛХ | X5: Ci | Y5: Роль | Z5: Баллы за победу | AA5: Баллы от ведущих | AB5: Доп | AC5: ЛХ | AD5: Ci | AE5: Роль | AF5: Баллы за победу | AG5: Баллы от ведущих | AH5: Инфо | AI5: ЛХ | AJ5: Ci | AK5: Роль | AL5: Баллы за победу | AM5: Баллы от ведущих | AN5: Доп | AO5: ЛХ | AP5: Ci | AQ5: Роль | AR5: Баллы за победу | AS5: Баллы от ведущих | AT5: Инфо | AU5: ЛХ | AV5: Ci
A6: 1 | B6: Армен 24 | C6: =SUM(H6:AW6) -> 37.25 | D6: =E6/2.5 -> 4 | E6: =SUM(H6+N6+T6+Z6+AF6+AL6+AR6) -> 10 | F6: =C6-E6 -> 27.25 | G6: Мафия | I6: 3.5 | M6: Шериф | N6: 2.5 | O6: 4.75 | P6: ПУ | Q6: 1 | R6: 0.5 | S6: Мирный | T6: 2.5 | U6: 3.75 | Y6: Мирный | AA6: 2 | AB6: У/Проигрыш | AE6: Дон | AF6: 2.5 | AG6: 4.5 | AH6: У/Победа | AK6: Мирный | AL6: 2.5 | AM6: 4 | AN6: ПУ | AP6: 1 | AQ6: Мирный | AS6: 2.25
A7: 2 | B7: Махинатор | C7: =SUM(H7:AW7) -> 37.25 | D7: =E7/2.5 -> 5 | E7: =SUM(H7+N7+T7+Z7+AF7+AL7+AR7) -> 12.5 | F7: =C7-E7 -> 24.75 | G7: Шериф | H7: 2.5 | I7: 3.5 | M7: Мирный | N7: 2.5 | O7: 4.25 | S7: Мирный | T7: 2.5 | U7: 3.75 | V7: У/Победа | Y7: Мирный | AA7: 3.5 | AB7: ПУ | AC7: 0.5 | AD7: 0.5 | AE7: Мирный | AG7: 1.25 | AK7: Мирный | AL7: 2.5 | AM7: 3.75 | AQ7: Мафия | AR7: 2.5 | AS7: 3.75
A8: 3 | B8: Домовой | C8: =SUM(H8:AW8) -> 30.5 | D8: =E8/2.5 -> 5 | E8: =SUM(H8+N8+T8+Z8+AF8+AL8+AR8) -> 12.5 | F8: =C8-E8 -> 18 | G8: Мирный | H8: 2.5 | I8: 2 | M8: Мирный | N8: 2.5 | O8: 3.5 | S8: Мафия | U8: 2 | V8: У/Проигрыш | Y8: Мафия | Z8: 2.5 | AA8: 1.75 | AE8: Мафия | AF8: 2.5 | AG8: 2.75 | AK8: Мирный | AL8: 2.5 | AM8: 4.25 | AQ8: Мирный | AS8: 1.75
A9: 4 | B9: Никнейм | C9: =SUM(H9:AW9) -> 30.5 | D9: =E9/2.5 -> 4 | E9: =SUM(H9+N9+T9+Z9+AF9+AL9+AR9) -> 10 | F9: =C9-E9 -> 20.5 | G9: Мирный | H9: 2.5 | I9: 2 | J9: ПУ | L9: 0.5 | M9: Мирный | N9: 2.5 | O9: 3 | S9: Мирный | T9: 2.5 | U9: 3 | V9: У/Победа | Y9: Мирный | AA9: 3.5 | AB9: У/Проигрыш | AE9: Шериф | AG9: 2 | AH9: У/Проигрыш | AK9: Мирный | AL9: 2.5 | AM9: 4 | AQ9: Мирный | AS9: 2.5
A10: 5 | B10: Natsy | C10: =SUM(H10:AW10) -> 30 | D10: =E10/2.5 -> 4 | E10: =SUM(H10+N10+T10+Z10+AF10+AL10+AR10) -> 10 | F10: =C10-E10 -> 20 | G10: Мирный | H10: 2.5 | I10: 3.5 | M10: Дон | O10: 2 | S10: Шериф | T10: 2.5 | U10: 3.5 | V10: ПУ | W10: 0.5 | X10: 0.5 | Y10: Дон | Z10: 2.5 | AA10: 2 | AE10: Мирный | AG10: 1.75 | AH10: ПУ | AJ10: 1 | AK10: Дон | AM10: 2 | AQ10: Мафия | AR10: 2.5 | AS10: 3.25
A11: 6 | B11: Рыжая | C11: =SUM(H11:AW11) -> 30 | D11: =E11/2.5 -> 4 | E11: =SUM(H11+N11+T11+Z11+AF11+AL11+AR11) -> 10 | F11: =C11-E11 -> 20 | G11: Мирный | H11: 2.5 | I11: 2.5 | M11: Мирный | N11: 2.5 | O11: 3.75 | S11: Дон | U11: 3 | Y11: Мафия | Z11: 2.5 | AA11: 4 | AB11: У/Победа | AE11: Мирный | AG11: 1.75 | AH11: У/Проигрыш | AK11: Мирный | AL11: 2.5 | AM11: 2.25 | AQ11: Мирный | AS11: 2.75
A12: 7 | B12: Sr | C12: =SUM(H12:AW12) -> 28 | D12: =E12/2.5 -> 3 | E12: =SUM(H12+N12+T12+Z12+AF12+AL12+AR12) -> 7.5 | F12: =C12-E12 -> 20.5 | G12: Мафия | I12: 2.75 | M12: Мирный | N12: 2.5 | O12: 3.25 | S12: Мирный | T12: 2.5 | U12: 3.5 | Y12: Мирный | AA12: 3.25 | AB12: У/Проигрыш | AE12: Мирный | AG12: 3 | AK12: Мирный | AL12: 2.5 | AM12: 3.25 | AQ12: Мирный | AS12: 1.5
A13: 8 | B13: Букля | C13: =SUM(H13:AW13) -> 28 | D13: =E13/2.5 -> 3 | E13: =SUM(H13+N13+T13+Z13+AF13+AL13+AR13) -> 7.5 | F13: =C13-E13 -> 20.5 | G13: Мирный | H13: 2.5 | I13: 4 | M13: Мафия | O13: 1.75 | S13: Мирный | T13: 2.5 | U13: 3.25 | Y13: Мирный | AA13: 1.5 | AE13: Мирный | AG13: 3.75 | AK13: Шериф | AL13: 2.5 | AM13: 3 | AQ13: Шериф | AS13: 2.75 | AT13: ПУ | AV13: 0.5
A14: 9 | B14: Спирит | C14: =SUM(H14:AW14) -> 22.5 | D14: =E14/2.5 -> 2 | E14: =SUM(H14+N14+T14+Z14+AF14+AL14+AR14) -> 5 | F14: =C14-E14 -> 17.5 | G14: Мирный | H14: 2.5 | I14: 2.5 | M14: Мафия | O14: 2.25 | S14: Мафия | U14: 2.75 | Y14: Мирный | AA14: 2.5 | AE14: Мирный | AG14: 1.75 | AK14: Мафия | AM14: 2.5 | AQ14: Дон | AR14: 2.5 | AS14: 3.25
A15: 10 | B15: Мона | C15: =SUM(H15:AW15) -> 21 | D15: =E15/2.5 -> 3 | E15: =SUM(H15+N15+T15+Z15+AF15+AL15+AR15) -> 7.5 | F15: =C15-E15 -> 13.5 | G15: Дон | I15: 0 | M15: Мирный | N15: 2.5 | O15: 2.5 | S15: Мирный | T15: 2.5 | U15: 0.5 | Y15: Шериф | AA15: 3 | AE15: Мафия | AF15: 2.5 | AG15: 3 | AK15: Мафия | AM15: 2.25 | AQ15: Мирный | AS15: 2.25
A16: Штраф | G16: время: 53 мин | M16: время: 41 мин | S16: время: 43 мин | Y16: время: 55 мин
A17: Мафия
A18: Шериф | G18: Победа города на круг при шестерых | M18: Сухая победа города | S18: Победа города в угадайке | Y18: Победа мафии 1в1 | AE18: Победа мафии 1в1 | AK18: Победа города на круг при пятерых | AQ18: Победа мафии 2в2
A19: Дон
A20: ПУ
A21: У/Победа - победа игрока в угадайке
A22: У/Проигрыш - проигрыш игрока в угадайке
A24: Игра | B24: Игровой Ник | C24: Вид штрафа | D24: Штрафной балл
A26: 1 | B26: Мона | C26: Удаление | D26: -1
A27: 2 | B27: Букля | C27: Удаление | D27: -1
A28: 3 | B28: Мона | C28: Удаление | D28: -1
A29: 7 | B29: Рыжая | C29: Желтая карточка | D29: -0.5

Sheet 12 Серия
A2: Результаты отборочных серий Турнира "5 Элемент", 2 раунд. Серия №12
A4: Место | B4: Игровой ник | C4: Сумма баллов | D4: Количество побед | E4: Баллы за победу | F4: Доп. Баллы (с ЛХ и Ci) | G4: Игра 1 | M4: Игра 2 | S4: Игра 3 | Y4: Игра 4 | AE4: Игра 5 | AK4: Игра 6 | AQ4: Игра 7 | AW4: Дисциплинарный штраф
G5: Роль | H5: Баллы за победу | I5: Баллы от ведущих | J5: Инфо | K5: ЛХ | L5: Ci | M5: Роль | N5: Баллы за победу | O5: Баллы от ведущих | P5: Инфо | Q5: ЛХ | R5: Ci | S5: Роль | T5: Баллы за победу | U5: Баллы от ведущих | V5: Инфо | W5: ЛХ | X5: Ci | Y5: Роль | Z5: Баллы за победу | AA5: Баллы от ведущих | AB5: Доп | AC5: ЛХ | AD5: Ci | AE5: Роль | AF5: Баллы за победу | AG5: Баллы от ведущих | AH5: Инфо | AI5: ЛХ | AJ5: Ci | AK5: Роль | AL5: Баллы за победу | AM5: Баллы от ведущих | AN5: Доп | AO5: ЛХ | AP5: Ci | AQ5: Роль | AR5: Баллы за победу | AS5: Баллы от ведущих | AT5: Инфо | AU5: ЛХ | AV5: Ci
A6: 1 | B6: Махинатор | C6: =SUM(H6:AW6) -> 41.75 | D6: =E6/2.5 -> 7 | E6: =SUM(H6+N6+T6+Z6+AF6+AL6+AR6) -> 17.5 | F6: =C6-E6 -> 24.25 | G6: Мирный | H6: 2.5 | I6: 3.5 | M6: Мирный | N6: 2.5 | O6: 2.5 | S6: Шериф | T6: 2.5 | U6: 3.25 | Y6: Дон | Z6: 2.5 | AA6: 3.5 | AE6: Дон | AF6: 2.5 | AG6: 4 | AK6: Мафия | AL6: 2.5 | AM6: 4.25 | AQ6: Мафия | AR6: 2.5 | AS6: 3.25
A7: 2 | B7: Мона | C7: =SUM(H7:AW7) -> 30.5 | D7: =E7/2.5 -> 4 | E7: =SUM(H7+N7+T7+Z7+AF7+AL7+AR7) -> 10 | F7: =C7-E7 -> 20.5 | G7: Мирный | H7: 2.5 | I7: 3 | M7: Мирный | N7: 2.5 | O7: 3.25 | S7: Мирный | T7: 2.5 | U7: 3.75 | V7: У/Победа | Y7: Мирный | AA7: 2.5 | AB7: ПУ | AD7: 0.5 | AE7: Мирный | AG7: 1.5 | AK7: Мирный | AM7: 2.75 | AQ7: Мафия | AR7: 2.5 | AS7: 3.25
A8: 3 | B8: Natsy | C8: =SUM(H8:AW8) -> 29.75 | D8: =E8/2.5 -> 4 | E8: =SUM(H8+N8+T8+Z8+AF8+AL8+AR8) -> 10 | F8: =C8-E8 -> 19.75 | G8: Мирный | H8: 2.5 | I8: 3 | M8: Мирный | N8: 2.5 | O8: 4 | S8: Мирный | T8: 2.5 | U8: 2.75 | Y8: Мирный | AA8: 2.5 | AE8: Мафия | AF8: 2.5 | AG8: 2.5 | AK8: Мирный | AM8: 2.75 | AQ8: Мирный | AS8: 2.25
A9: 4 | B9: Круэлла | C9: =SUM(H9:AW9) -> 29.5 | D9: =E9/2.5 -> 3 | E9: =SUM(H9+N9+T9+Z9+AF9+AL9+AR9) -> 7.5 | F9: =C9-E9 -> 22 | G9: Мирный | H9: 2.5 | I9: 3 | J9: У/Победа | M9: Мирный | N9: 2.5 | O9: 3 | P9: ПУ | Q9: 0.5 | R9: 0.5 | S9: Мирный | T9: 2.5 | U9: 3.25 | Y9: Мирный | AA9: 1.5 | AE9: Мирный | AG9: 3.75 | AK9: Мирный | AM9: 1.75 | AQ9: Шериф | AS9: 3.25 | AT9: ПУ | AU9: 0.5 | AV9: 1
A10: 5 | B10: Луна | C10: =SUM(H10:AW10) -> 28.5 | D10: =E10/2.5 -> 4 | E10: =SUM(H10+N10+T10+Z10+AF10+AL10+AR10) -> 10 | F10: =C10-E10 -> 18.5 | G10: Мирный | H10: 2.5 | I10: 2.75 | J10: ПУ | L10: 0.5 | M10: Шериф | N10: 2.5 | O10: 3.25 | S10: Мафия | U10: 1.5 | Y10: Мирный | AA10: 2.5 | AE10: Мирный | AG10: 2 | AK10: Мафия | AL10: 2.5 | AM10: 3.5 | AQ10: Дон | AR10: 2.5 | AS10: 2.5
A11: 6 | B11: Сахарочек | C11: =SUM(H11:AW11) -> 26.5 | D11: =E11/2.5 -> 4 | E11: =SUM(H11+N11+T11+Z11+AF11+AL11+AR11) -> 10 | F11: =C11-E11 -> 16.5 | G11: Мафия | I11: 1.5 | M11: Мирный | N11: 2.5 | O11: 2.75 | S11: Мирный | T11: 2.5 | U11: 3 | V11: У/Победа | Y11: Шериф | AA11: 2.75 | AE11: Мафия | AF11: 2.5 | AG11: 2 | AK11: Дон | AL11: 2.5 | AM11: 3 | AQ11: Мирный | AS11: 1.5
A12: 7 | B12: Никнейм | C12: =SUM(H12:AW12) -> 23 | D12: =E12/2.5 -> 2 | E12: =SUM(H12+N12+T12+Z12+AF12+AL12+AR12) -> 5 | F12: =C12-E12 -> 18 | G12: Шериф | H12: 2.5 | I12: 3.25 | J12: У/Победа | M12: Мафия | O12: 2 | S12: Мирный | T12: 2.5 | U12: 3.5 | V12: У/Победа | Y12: Мирный | AA12: 1.5 | AE12: Мирный | AG12: 2 | AK12: Мирный | AM12: 2.5 | AN12: ПУ | AP12: 0.5 | AQ12: Мирный | AS12: 2.75
A13: 8 | B13: Дракарис | C13: =SUM(H13:AW13) -> 22 | D13: =E13/2.5 -> 1 | E13: =SUM(H13+N13+T13+Z13+AF13+AL13+AR13) -> 2.5 | F13: =C13-E13 -> 19.5 | G13: Мафия | I13: 2.25 | M13: Мафия | O13: 2.25 | S13: Мирный | T13: 2.5 | U13: 2.5 | V13: ПУ | X13: 0.5 | Y13: Мирный | AA13: 2.25 | AE13: Шериф | AG13: 2.5 | AJ13: 1 | AK13: Мирный | AM13: 3.25 | AQ13: Мирный | AS13: 3
A14: 9 | B14: Домовенок | C14: =SUM(H14:AW14) -> 22 | D14: =E14/2.5 -> 2 | E14: =SUM(H14+N14+T14+Z14+AF14+AL14+AR14) -> 5 | F14: =C14-E14 -> 17 | G14: Мирный | H14: 2.5 | I14: 1.75 | M14: Дон | O14: 1.25 | S14: Мафия | U14: 2.5 | V14: У/Проигрыш | Y14: Мафия | Z14: 2.5 | AA14: 2.75 | AE14: Мирный | AG14: 3.5 | AK14: Шериф | AM14: 2.25 | AQ14: Мирный | AS14: 3
A15: 10 | B15: Sr | C15: =SUM(H15:AW15) -> 21.25 | D15: =E15/2.5 -> 2 | E15: =SUM(H15+N15+T15+Z15+AF15+AL15+AR15) -> 5 | F15: =C15-E15 -> 16.25 | G15: Дон | I15: 1.75 | J15: У/Проигрыш | M15: Мирный | N15: 2.5 | O15: 3.25 | S15: Дон | U15: 1.5 | Y15: Мафия | Z15: 2.5 | AA15: 3.25 | AE15: Мирный | AG15: 2.5 | AK15: Мирный | AM15: 1.5 | AQ15: Мирный | AS15: 2.5
A16: Штраф
A17: Мафия
A18: Шериф | G18: Победа города в угадайке | M18: Сухая победа города | S18: Победа города в угадайке при четверых | Y18: Победа мафии 1в1 | AE18: Победа мафии 2в2 | AK18: Победа мафии 3в3 | AQ18: Победа мафии 2в2
A19: Дон
A20: ПУ
A21: У/Победа - победа игрока в угадайке
A22: У/Проигрыш - проигрыш игрока в угадайке
A24: Игра | B24: Игровой Ник | C24: Вид штрафа | D24: Штрафной балл
A26: 3 | B26: Sr | C26: Желтая карточка | D26: -0.5
A27: 5 | B27: Мона | C27: Желтая карточка | D27: -0.5
A28: 5 | B28: Сахарочек | C28: Желтая карточка | D28: -0.5
A29: 7 | B29: Махинатор | C29: Желтая карточка | D29: -0.5

Sheet 13 Серия
A2: Результаты отборочных серий Турнира "5 Элемент", 2 раунд. Серия №13
A4: Место | B4: Игровой ник | C4: Сумма баллов | D4: Количество побед | E4: Баллы за победу | F4: Доп. Баллы (с ЛХ и Ci) | G4: Игра 1 | M4: Игра 2 | S4: Игра 3 | Y4: Игра 4 | AE4: Игра 5 | AK4: Игра 6 | AQ4: Игра 7 | AW4: Дисциплинарный штраф
G5: Роль | H5: Баллы за победу | I5: Баллы от ведущих | J5: Инфо | K5: ЛХ | L5: Ci | M5: Роль | N5: Баллы за победу | O5: Баллы от ведущих | P5: Инфо | Q5: ЛХ | R5: Ci | S5: Роль | T5: Баллы за победу | U5: Баллы от ведущих | V5: Инфо | W5: ЛХ | X5: Ci | Y5: Роль | Z5: Баллы за победу | AA5: Баллы от ведущих | AB5: Доп | AC5: ЛХ | AD5: Ci | AE5: Роль | AF5: Баллы за победу | AG5: Баллы от ведущих | AH5: Инфо | AI5: ЛХ | AJ5: Ci | AK5: Роль | AL5: Баллы за победу | AM5: Баллы от ведущих | AN5: Доп | AO5: ЛХ | AP5: Ci | AQ5: Роль | AR5: Баллы за победу | AS5: Баллы от ведущих | AT5: Инфо | AU5: ЛХ | AV5: Ci
A6: 1 | B6: Арс | C6: =SUM(H6:AW6) -> 30.5 | D6: =E6/2.5 -> 4 | E6: =SUM(H6+N6+T6+Z6+AF6+AL6+AR6) -> 10 | F6: =C6-E6 -> 20.5 | G6: Мирный | I6: 1.75 | M6: Мафия | N6: 2.5 | O6: 3.75 | S6: Мирный | T6: 2.5 | U6: 4.25 | Y6: Дон | Z6: 2.5 | AA6: 3.25 | AE6: Мирный | AF6: 2.5 | AG6: 2.75 | AK6: Мафия | AM6: 2.75 | AN6: У/Проигрыш | AQ6: Мирный | AS6: 2
A7: 2 | B7: Алкарис | C7: =SUM(H7:AW7) -> 30.5 | D7: =E7/2.5 -> 4 | E7: =SUM(H7+N7+T7+Z7+AF7+AL7+AR7) -> 10 | F7: =C7-E7 -> 20.5 | G7: Шериф | I7: 3.25 | J7: У/Проигрыш | M7: Мирный | O7: 2.25 | S7: Мирный | T7: 2.5 | U7: 3.25 | Y7: Мафия | Z7: 2.5 | AA7: 3.5 | AE7: Мирный | AF7: 2.5 | AG7: 2.5 | AK7: Мирный | AL7: 2.5 | AM7: 4 | AQ7: Мирный | AS7: 1.75
A8: 3 | B8: Физик | C8: =SUM(H8:AW8) -> 30.25 | D8: =E8/2.5 -> 4 | E8: =SUM(H8+N8+T8+Z8+AF8+AL8+AR8) -> 10 | F8: =C8-E8 -> 20.25 | G8: Мафия | H8: 2.5 | I8: 4.25 | M8: Мирный | O8: 2.25 | S8: Мафия | U8: 1.25 | Y8: Мирный | AA8: 2.25 | AE8: Мирный | AF8: 2.5 | AG8: 3.25 | AK8: Мирный | AL8: 2.5 | AM8: 3.5 | AN8: У/Победа | AQ8: Дон | AR8: 2.5 | AS8: 3.5
A9: 4 | B9: Крестный отец | C9: =SUM(H9:AW9) -> 29.75 | D9: =E9/2.5 -> 4 | E9: =SUM(H9+N9+T9+Z9+AF9+AL9+AR9) -> 10 | F9: =C9-E9 -> 19.75 | G9: Мирный | I9: 3 | M9: Мирный | O9: 3 | S9: Мирный | T9: 2.5 | U9: 3 | V9: ПУ | W9: 0.5 | X9: 0.5 | Y9: Мафия | Z9: 2.5 | AA9: 3.5 | AE9: Мирный | AF9: 2.5 | AG9: 2.25 | AK9: Мирный | AL9: 2.5 | AM9: 2 | AQ9: Мирный | AS9: 2
A10: 5 | B10: Слепой Часовщик | C10: =SUM(H10:AW10) -> 28.75 | D10: =E10/2.5 -> 3 | E10: =SUM(H10+N10+T10+Z10+AF10+AL10+AR10) -> 7.5 | F10: =C10-E10 -> 21.25 | G10: Мирный | I10: 3.5 | M10: Шериф | O10: 2.75 | P10: ПУ | Q10: 0.5 | R10: 0.5 | S10: Шериф | T10: 2.5 | U10: 2.5 | Y10: Мирный | AA10: 1.75 | AE10: Мирный | AF10: 2.5 | AG10: 3.75 | AK10: Мирный | AL10: 2.5 | AM10: 2.5 | AQ10: Мирный | AS10: 2.5 | AV10: 1
A11: 6 | B11: Красавчик | C11: =SUM(H11:AW11) -> 28.5 | D11: =E11/2.5 -> 4 | E11: =SUM(H11+N11+T11+Z11+AF11+AL11+AR11) -> 10 | F11: =C11-E11 -> 18.5 | G11: Дон | H11: 2.5 | I11: 3.75 | J11: У/Победа | M11: Дон | N11: 2.5 | O11: 3.75 | S11: Мирный | T11: 2.5 | U11: 2.75 | Y11: Шериф | AA11: 2.5 | AE11: Мафия | AG11: 2.5 | AK11: Шериф | AL11: 2.5 | AM11: 2.25 | AN11: ПУ | AP11: 0.5 | AQ11: Шериф | AS11: 2 | AW11: -1.5
A12: 7 | B12: SEO | C12: =SUM(H12:AW12) -> 27.5 | D12: =E12/2.5 -> 3 | E12: =SUM(H12+N12+T12+Z12+AF12+AL12+AR12) -> 7.5 | F12: =C12-E12 -> 20 | G12: Мирный | I12: 1.75 | M12: Мирный | O12: 2.25 | S12: Мирный | T12: 2.5 | U12: 3.5 | Y12: Мирный | AA12: 2.75 | AE12: Мафия | AG12: 2.5 | AK12: Мирный | AL12: 2.5 | AM12: 3.5 | AN12: У/Победа | AQ12: Мафия | AR12: 2.5 | AS12: 3.75
A13: 8 | B13: Juventini | C13: =SUM(H13:AW13) -> 25 | D13: =E13/2.5 -> 4 | E13: =SUM(H13+N13+T13+Z13+AF13+AL13+AR13) -> 10 | F13: =C13-E13 -> 15 | G13: Мафия | H13: 2.5 | I13: 2 | M13: Мирный | O13: 1.5 | S13: Мирный | T13: 2.5 | U13: 2.75 | Y13: Мирный | AA13: 2 | AB13: ПУ | AD13: 0.5 | AE13: Шериф | AF13: 2.5 | AG13: 2.5 | AK13: Дон | AM13: 1.75 | AQ13: Мафия | AR13: 2.5 | AS13: 2
A14: 9 | B14: Венеция | C14: =SUM(H14:AW14) -> 23.5 | D14: =E14/2.5 -> 3 | E14: =SUM(H14+N14+T14+Z14+AF14+AL14+AR14) -> 7.5 | F14: =C14-E14 -> 16 | G14: Мирный | I14: 1.75 | J14: У/Проигрыш | M14: Мафия | N14: 2.5 | O14: 2.25 | S14: Мафия | U14: 1.75 | Y14: Мирный | AA14: 2 | AE14: Мирный | AF14: 2.5 | AG14: 2.5 | AK14: Мирный | AL14: 2.5 | AM14: 3.75 | AQ14: Мирный | AS14: 2
A15: 10 | B15: Castor Troy | C15: =SUM(H15:AW15) -> 12.5 | D15: =E15/2.5 -> 0 | E15: =SUM(H15+N15+T15+Z15+AF15+AL15+AR15) -> 0 | F15: =C15-E15 -> 12.5 | G15: Мирный | I15: 3 | M15: Мирный | O15: 1.75 | S15: Дон | U15: 2.5 | Y15: Мирный | AA15: 1 | AE15: Дон | AG15: 0.5 | AK15: Мафия | AM15: 2.5 | AQ15: Мирный | AS15: 1.25
A16: Штраф
A17: Мафия
A18: Шериф | G18: Победа мафии 1в1 | M18: Победа мафии 2в2 | S18: Победа города на круг при шестерых | Y18: Победа мафии 2в2 | AE18: Победа города на круг при шестерых | AK18: Победа города в угадайке | AQ18: Победа мафии 3в3
A19: Дон
A20: ПУ
A21: У/Победа - победа игрока в угадайке
A22: У/Проигрыш - проигрыш игрока в угадайке
A24: Игра | B24: Игровой Ник | C24: Вид штрафа | D24: Штрафной балл
A26: 3 | B26: Слепой Часовщик | C26: Желтая карточка | D26: -0.5
A27: 3 | B27: Венеция | C27: Желтая карточка | D27: -0.5
A28: 6 | B28: Juventini | C28: Желтая карточка | D28: -0.5
A29: 7 | B29: Juventini | C29: Желтая карточка | D29: -1
B30: Красавчик | C30: Дисциплинарный | D30: -1.5

Sheet 14 Серия
A2: Результаты отборочных серий Турнира "5 Элемент", 2 раунд. Серия №14
A4: Место | B4: Игровой ник | C4: Сумма баллов | D4: Количество побед | E4: Баллы за победу | F4: Доп. Баллы (с ЛХ и Ci) | G4: Игра 1 | M4: Игра 2 | S4: Игра 3 | Y4: Игра 4 | AE4: Игра 5 | AK4: Игра 6 | AQ4: Игра 7 | AW4: Дисциплинарный штраф
G5: Роль | H5: Баллы за победу | I5: Баллы от ведущих | J5: Инфо | K5: ЛХ | L5: Ci | M5: Роль | N5: Баллы за победу | O5: Баллы от ведущих | P5: Инфо | Q5: ЛХ | R5: Ci | S5: Роль | T5: Баллы за победу | U5: Баллы от ведущих | V5: Инфо | W5: ЛХ | X5: Ci | Y5: Роль | Z5: Баллы за победу | AA5: Баллы от ведущих | AB5: Доп | AC5: ЛХ | AD5: Ci | AE5: Роль | AF5: Баллы за победу | AG5: Баллы от ведущих | AH5: Инфо | AI5: ЛХ | AJ5: Ci | AK5: Роль | AL5: Баллы за победу | AM5: Баллы от ведущих | AN5: Доп | AO5: ЛХ | AP5: Ci | AQ5: Роль | AR5: Баллы за победу | AS5: Баллы от ведущих | AT5: Инфо | AU5: ЛХ | AV5: Ci
A6: 1 | B6: Curly | C6: =SUM(H6:AW6) -> 32 | D6: =E6/2.5 -> 5 | E6: =SUM(H6+N6+T6+Z6+AF6+AL6+AR6) -> 12.5 | F6: =C6-E6 -> 19.5 | G6: Мафия | H6: 2.5 | I6: 3.5 | M6: Мирный | O6: 3 | S6: Мирный | T6: 2.5 | U6: 3 | Y6: Мафия | Z6: 2.5 | AA6: 2.25 | AE6: Мирный | AF6: 2.5 | AG6: 2.25 | AK6: Мафия | AL6: 2.5 | AM6: 3 | AQ6: Мафия | AS6: 2.5
A7: 2 | B7: Infinity | C7: =SUM(H7:AW7) -> 31.25 | D7: =E7/2.5 -> 4 | E7: =SUM(H7+N7+T7+Z7+AF7+AL7+AR7) -> 10 | F7: =C7-E7 -> 21.25 | G7: Мирный | I7: 3.25 | J7: ПУ | K7: 0.5 | L7: 0.5 | M7: Мирный | O7: 0.75 | S7: Мирный | T7: 2.5 | U7: 4.5 | Y7: Мафия | Z7: 2.5 | AA7: 3.75 | AB7: У/Победа | AE7: Шериф | AF7: 2.5 | AG7: 3.25 | AK7: Мирный | AM7: 1.5 | AQ7: Шериф | AR7: 2.5 | AS7: 3.25
A8: 3 | B8: Писатель | C8: =SUM(H8:AW8) -> 31 | D8: =E8/2.5 -> 4 | E8: =SUM(H8+N8+T8+Z8+AF8+AL8+AR8) -> 10 | F8: =C8-E8 -> 21 | G8: Дон | H8: 2.5 | I8: 3.5 | M8: Дон | N8: 2.5 | O8: 3.25 | S8: Мирный | T8: 2.5 | U8: 2.5 | V8: ПУ | X8: 0.5 | Y8: Мирный | AA8: 4.5 | AE8: Мирный | AF8: 2.5 | AG8: 1.75 | AH8: ПУ | AJ8: 1 | AK8: Мирный | AM8: 2 | AQ8: Мафия | AS8: 2
A9: 4 | B9: Оладушек | C9: =SUM(H9:AW9) -> 28.75 | D9: =E9/2.5 -> 4 | E9: =SUM(H9+N9+T9+Z9+AF9+AL9+AR9) -> 10 | F9: =C9-E9 -> 18.75 | G9: Мирный | I9: 3.25 | M9: Шериф | O9: 1.75 | S9: Мирный | T9: 2.5 | U9: 3 | Y9: Дон | Z9: 2.5 | AA9: 1.75 | AE9: Мирный | AF9: 2.5 | AG9: 2.75 | AK9: Мирный | AM9: 2.75 | AQ9: Мирный | AR9: 2.5 | AS9: 3.5
A10: 5 | B10: Арс | C10: =SUM(H10:AW10) -> 27 | D10: =E10/2.5 -> 3 | E10: =SUM(H10+N10+T10+Z10+AF10+AL10+AR10) -> 7.5 | F10: =C10-E10 -> 19.5 | G10: Мафия | H10: 2.5 | I10: 4 | M10: Мирный | O10: 2.75 | S10: Дон | U10: 1.75 | Y10: Мирный | AA10: 2.75 | AB10: У/Проигрыш | AE10: Мирный | AF10: 2.5 | AG10: 2.75 | AK10: Мирный | AM10: 3.5 | AQ10: Мирный | AR10: 2.5 | AS10: 2
A11: 6 | B11: SEO | C11: =SUM(H11:AW11) -> 26.5 | D11: =E11/2.5 -> 3 | E11: =SUM(H11+N11+T11+Z11+AF11+AL11+AR11) -> 7.5 | F11: =C11-E11 -> 19 | G11: Мирный | I11: 1.5 | M11: Мирный | O11: 2.75 | S11: Мирный | T11: 2.5 | U11: 3 | Y11: Шериф | AA11: 3.5 | AE11: Мирный | AF11: 2.5 | AG11: 2.25 | AK11: Мирный | AM11: 2.5 | AN11: ПУ | AP11: 0.5 | AQ11: Мирный | AR11: 2.5 | AS11: 3
A12: 7 | B12: Слепой Часовщик | C12: =SUM(H12:AW12) -> 26.25 | D12: =E12/2.5 -> 3 | E12: =SUM(H12+N12+T12+Z12+AF12+AL12+AR12) -> 7.5 | F12: =C12-E12 -> 18.75 | G12: Шериф | I12: 1.5 | M12: Мафия | N12: 2.5 | O12: 3.5 | S12: Мирный | T12: 2.5 | U12: 4.5 | Y12: Мирный | AA12: 2 | AB12: ПУ | AD12: 0.5 | AE12: Мафия | AG12: 2 | AK12: Шериф | AM12: 1 | AQ12: Мирный | AR12: 2.5 | AS12: 3.75
A13: 8 | B13: Love | C13: =SUM(H13:AW13) -> 26.25 | D13: =E13/2.5 -> 3 | E13: =SUM(H13+N13+T13+Z13+AF13+AL13+AR13) -> 7.5 | F13: =C13-E13 -> 18.75 | G13: Мирный | I13: 1.75 | M13: Мирный | O13: 2.75 | S13: Мафия | U13: 2.5 | Y13: Мирный | AA13: 4.25 | AE13: Мирный | AF13: 2.5 | AG13: 2.5 | AK13: Дон | AL13: 2.5 | AM13: 4 | AQ13: Мирный | AR13: 2.5 | AS13: 2 | AW13: -1
A14: 9 | B14: Алкарис | C14: =SUM(H14:AW14) -> 22.75 | D14: =E14/2.5 -> 2 | E14: =SUM(H14+N14+T14+Z14+AF14+AL14+AR14) -> 5 | F14: =C14-E14 -> 17.75 | G14: Мирный | I14: 2.75 | M14: Мирный | O14: 2.5 | P14: ПУ | R14: 0.5 | S14: Шериф | T14: 2.5 | U14: 4 | Y14: Мирный | AA14: 2 | AB14: У/Проигрыш | AE14: Дон | AG14: 1.5 | AK14: Мафия | AL14: 2.5 | AM14: 2.5 | AQ14: Дон | AS14: 2
A15: 10 | B15: Сахарочек | C15: =SUM(H15:AW15) -> 21.75 | D15: =E15/2.5 -> 2 | E15: =SUM(H15+N15+T15+Z15+AF15+AL15+AR15) -> 5 | F15: =C15-E15 -> 16.75 | G15: Мирный | I15: 2.75 | M15: Мафия | N15: 2.5 | O15: 2.75 | S15: Мафия | U15: 2 | Y15: Мирный | AA15: 1.75 | AB15: У/Проигрыш | AE15: Мафия | AG15: 2 | AK15: Мирный | AM15: 2 | AQ15: Мирный | AR15: 2.5 | AS15: 2.5 | AT15: ПУ | AU15: 0.5 | AV15: 0.5
A16: Штраф | G16: РПродолжительность игры: 48.27 | M16: Продолжительность игры: 45.39 | S16: Продолжительность игры: 40.00 | Y16: Продолжительность игры: 59.00 | AE16: Продолжительность игры: 46.06 | AK16: Продолжительность игры: 37.13 | AQ16: Продолжительность игры: 49.12
A17: Мафия
A18: Шериф | G18: Победа мафии 2в2 | M18: Победа мафии 2в2 | S18: Сухая победа города | Y18: Победа мафии 1в1 | AE18: Сухая победа города | AK18: Победа мафии 3в3 | AQ18: Победа города на круг при шестерых
A19: Дон
A20: ПУ
A21: У/Победа - победа игрока в угадайке
A22: У/Проигрыш - проигрыш игрока в угадайке
A24: Игра | B24: Игровой Ник | C24: Вид штрафа | D24: Штрафной балл
B26: Love | C26: Дисциплинарный | D26: -1
A27: 1 | B27: Слепой Часовщик | C27: Желтая карточка | D27: -0.5
A28: 2 | B28: Infinity | C28: Удаление | D28: -1
A29: 6 | B29: Слепой Часовщик | C29: Желтая карточка | D29: -1

Sheet 15 Серия
A2: Результаты отборочных серий Турнира "5 Элемент", 2 раунд. Серия №15
A4: Место | B4: Игровой ник | C4: Сумма баллов | D4: Количество побед | E4: Баллы за победу | F4: Доп. Баллы (с ЛХ и Ci) | G4: Игра 1 | M4: Игра 2 | S4: Игра 3 | Y4: Игра 4 | AE4: Игра 5 | AK4: Игра 6 | AQ4: Игра 7 | AW4: Дисциплинарный штраф
G5: Роль | H5: Баллы за победу | I5: Баллы от ведущих | J5: Инфо | K5: ЛХ | L5: Ci | M5: Роль | N5: Баллы за победу | O5: Баллы от ведущих | P5: Инфо | Q5: ЛХ | R5: Ci | S5: Роль | T5: Баллы за победу | U5: Баллы от ведущих | V5: Инфо | W5: ЛХ | X5: Ci | Y5: Роль | Z5: Баллы за победу | AA5: Баллы от ведущих | AB5: Доп | AC5: ЛХ | AD5: Ci | AE5: Роль | AF5: Баллы за победу | AG5: Баллы от ведущих | AH5: Инфо | AI5: ЛХ | AJ5: Ci | AK5: Роль | AL5: Баллы за победу | AM5: Баллы от ведущих | AN5: Доп | AO5: ЛХ | AP5: Ci | AQ5: Роль | AR5: Баллы за победу | AS5: Баллы от ведущих | AT5: Инфо | AU5: ЛХ | AV5: Ci
A6: 1 | B6: UFO | C6: =SUM(H6:AW6) -> 32 | D6: =E6/2.5 -> 4 | E6: =SUM(H6+N6+T6+Z6+AF6+AL6+AR6) -> 10 | F6: =C6-E6 -> 22 | G6: Мирный | H6: 2.5 | I6: 4.25 | M6: Мирный | O6: 2.25 | S6: Мирный | U6: 2.5 | V6: ПУ | X6: 0.5 | Y6: Мирный | Z6: 2.5 | AA6: 3.5 | AE6: Шериф | AG6: 3 | AK6: Мирный | AL6: 2.5 | AM6: 2.75 | AQ6: Мафия | AR6: 2.5 | AS6: 3.25
A7: 2 | B7: Продюсер | C7: =SUM(H7:AW7) -> 30 | D7: =E7/2.5 -> 3 | E7: =SUM(H7+N7+T7+Z7+AF7+AL7+AR7) -> 7.5 | F7: =C7-E7 -> 22.5 | G7: Мафия | I7: 2.5 | M7: Мирный | O7: 1.75 | P7: ПУ | R7: 0.5 | S7: Мафия | T7: 2.5 | U7: 4.5 | Y7: Мафия | AA7: 2.75 | AE7: Мирный | AG7: 3.75 | AK7: Мирный | AL7: 2.5 | AM7: 2.75 | AQ7: Мафия | AR7: 2.5 | AS7: 4
A8: 3 | B8: Jazz | C8: =SUM(H8:AW8) -> 29 | D8: =E8/2.5 -> 4 | E8: =SUM(H8+N8+T8+Z8+AF8+AL8+AR8) -> 10 | F8: =C8-E8 -> 19 | G8: Мирный | H8: 2.5 | I8: 3 | M8: Мирный | O8: 1.25 | S8: Мафия | T8: 2.5 | U8: 3.25 | Y8: Мирный | Z8: 2.5 | AA8: 3.25 | AB8: ПУ | AC8: 0.5 | AD8: 0.5 | AE8: Дон | AF8: 2.5 | AG8: 3.75 | AK8: Дон | AM8: 2 | AQ8: Мирный | AS8: 1.5
A9: 4 | B9: Infinity | C9: =SUM(H9:AW9) -> 28.75 | D9: =E9/2.5 -> 3 | E9: =SUM(H9+N9+T9+Z9+AF9+AL9+AR9) -> 7.5 | F9: =C9-E9 -> 21.25 | G9: Дон | I9: 3 | M9: Мирный | O9: 2.75 | S9: Дон | T9: 2.5 | U9: 4 | Y9: Дон | AA9: 2.5 | AE9: Мафия | AF9: 2.5 | AG9: 3.25 | AK9: Мирный | AL9: 2.5 | AM9: 2.25 | AN9: ПУ | AP9: 0.5 | AQ9: Мирный | AS9: 2 | AT9: ПУ | AV9: 1
A10: 5 | B10: Love | C10: =SUM(H10:AW10) -> 27.75 | D10: =E10/2.5 -> 3 | E10: =SUM(H10+N10+T10+Z10+AF10+AL10+AR10) -> 7.5 | F10: =C10-E10 -> 20.25 | G10: Мирный | H10: 2.5 | I10: 3.25 | J10: У/Победа | M10: Мафия | N10: 2.5 | O10: 4.5 | S10: Мирный | U10: 1 | Y10: Мафия | AA10: 2 | AE10: Мирный | AG10: 3 | AK10: Мафия | AM10: 2.5 | AQ10: Дон | AR10: 2.5 | AS10: 4
A11: 6 | B11: Параселена | C11: =SUM(H11:AW11) -> 26.75 | D11: =E11/2.5 -> 3 | E11: =SUM(H11+N11+T11+Z11+AF11+AL11+AR11) -> 7.5 | F11: =C11-E11 -> 19.25 | G11: Шериф | H11: 2.5 | I11: 2.25 | M11: Мирный | O11: 2.25 | S11: Мирный | U11: 1.75 | Y11: Мирный | Z11: 2.5 | AA11: 3.75 | AE11: Мирный | AG11: 2.5 | AH11: ПУ | AJ11: 0.5 | AK11: Мирный | AL11: 2.5 | AM11: 3.25 | AQ11: Мирный | AS11: 3
A12: 7 | B12: Teslex | C12: =SUM(H12:AW12) -> 26.25 | D12: =E12/2.5 -> 4 | E12: =SUM(H12+N12+T12+Z12+AF12+AL12+AR12) -> 10 | F12: =C12-E12 -> 16.25 | G12: Мирный | H12: 2.5 | I12: 3 | J12: У/Победа | M12: Мирный | O12: 1.5 | S12: Мирный | U12: 1.75 | Y12: Мирный | Z12: 2.5 | AA12: 1.75 | AE12: Мафия | AF12: 2.5 | AG12: 3.25 | AK12: Мирный | AL12: 2.5 | AM12: 4 | AQ12: Мирный | AS12: 1
A13: 8 | B13: Рыжая | C13: =SUM(H13:AW13) -> 25.5 | D13: =E13/2.5 -> 4 | E13: =SUM(H13+N13+T13+Z13+AF13+AL13+AR13) -> 10 | F13: =C13-E13 -> 15.5 | G13: Мирный | H13: 2.5 | I13: 2.25 | M13: Мафия | N13: 2.5 | O13: 3.5 | S13: Мирный | U13: 3 | Y13: Мирный | Z13: 2.5 | AA13: 1.5 | AE13: Мирный | AG13: 1.5 | AK13: Мирный | AL13: 2.5 | AM13: 2.5 | AQ13: Мирный | AS13: 1.25
A14: 9 | B14: Сахарочек | C14: =SUM(H14:AW14) -> 25.25 | D14: =E14/2.5 -> 3 | E14: =SUM(H14+N14+T14+Z14+AF14+AL14+AR14) -> 7.5 | F14: =C14-E14 -> 17.75 | G14: Мафия | I14: 2.25 | J14: У/Проигрыш | M14: Дон | N14: 2.5 | O14: 3.5 | S14: Мирный | U14: 1.75 | Y14: Мирный | Z14: 2.5 | AA14: 3 | AE14: Мирный | AG14: 1.75 | AK14: Шериф | AL14: 2.5 | AM14: 2.75 | AQ14: Мирный | AS14: 2.75
A15: 10 | B15: БМ | C15: =SUM(H15:AW15) -> 21 | D15: =E15/2.5 -> 2 | E15: =SUM(H15+N15+T15+Z15+AF15+AL15+AR15) -> 5 | F15: =C15-E15 -> 16 | G15: Мирный | H15: 2.5 | I15: 2.75 | J15: ПУ | L15: 0.5 | M15: Шериф | O15: 2 | S15: Шериф | U15: 2 | Y15: Шериф | Z15: 2.5 | AA15: 2.25 | AE15: Мирный | AG15: 3 | AK15: Мафия | AM15: 2.5 | AQ15: Шериф | AS15: 1
A16: Штраф | G16: 2.1666667 | M16: 1.75 | S16: 2.1666667 | Y16: 62 мин | AE16: 40 мин | AK16: 46 мин | AQ16: 40 мин
A17: Мафия
A18: Шериф | G18: Победа города в угадайке | M18: Победа мафии 3в3 | S18: Победа мафии 2в2 | Y18: Победа города на круг при пятерых | AE18: Победа мафии 3в3 | AK18: Победа города на круг при пятерых | AQ18: Победа мафии 3в3
A19: Дон
A20: ПУ
A21: У/Победа - победа игрока в угадайке
A22: У/Проигрыш - проигрыш игрока в угадайке
A24: Игра | B24: Игровой Ник | C24: Вид штрафа | D24: Штрафной балл
A26: 4 | B26: БМ | C26: Желтая карточка | D26: -0.5
A27: 7 | B27: БМ | C27: Желтая карточка | D27: -1

Sheet 16 Серия
A2: Результаты отборочных серий Турнира "5 Элемент", 2 раунд. Серия №16
A4: Место | B4: Игровой ник | C4: Сумма баллов | D4: Количество побед | E4: Баллы за победу | F4: Доп. Баллы (с ЛХ и Ci) | G4: Игра 1 | M4: Игра 2 | S4: Игра 3 | Y4: Игра 4 | AE4: Игра 5 | AK4: Игра 6 | AQ4: Игра 7 | AW4: Дисциплинарный штраф
G5: Роль | H5: Баллы за победу | I5: Баллы от ведущих | J5: Инфо | K5: ЛХ | L5: Ci | M5: Роль | N5: Баллы за победу | O5: Баллы от ведущих | P5: Инфо | Q5: ЛХ | R5: Ci | S5: Роль | T5: Баллы за победу | U5: Баллы от ведущих | V5: Инфо | W5: ЛХ | X5: Ci | Y5: Роль | Z5: Баллы за победу | AA5: Баллы от ведущих | AB5: Доп | AC5: ЛХ | AD5: Ci | AE5: Роль | AF5: Баллы за победу | AG5: Баллы от ведущих | AH5: Инфо | AI5: ЛХ | AJ5: Ci | AK5: Роль | AL5: Баллы за победу | AM5: Баллы от ведущих | AN5: Доп | AO5: ЛХ | AP5: Ci | AQ5: Роль | AR5: Баллы за победу | AS5: Баллы от ведущих | AT5: Инфо | AU5: ЛХ | AV5: Ci
A6: 1 | B6: Луна | C6: =SUM(H6:AW6) -> 33.75 | D6: =E6/2.5 -> 5 | E6: =SUM(H6+N6+T6+Z6+AF6+AL6+AR6) -> 12.5 | F6: =C6-E6 -> 21.25 | G6: Дон | H6: 2.5 | I6: 2 | M6: Мафия | N6: 2.5 | O6: 3.75 | P6: У/Победа | S6: Шериф | T6: 2.5 | U6: 3.75 | Y6: Мирный | Z6: 2.5 | AA6: 3.5 | AE6: Мафия | AG6: 2.25 | AK6: Мафия | AL6: 2.5 | AM6: 3.75 | AN6: У/Победа | AQ6: Мирный | AS6: 2.25
A7: 2 | B7: Рыжая | C7: =SUM(H7:AW7) -> 31.75 | D7: =E7/2.5 -> 5 | E7: =SUM(H7+N7+T7+Z7+AF7+AL7+AR7) -> 12.5 | F7: =C7-E7 -> 19.25 | G7: Мафия | H7: 2.5 | I7: 3 | J7: У/Победа | M7: Мирный | O7: 2.5 | P7: У/Проигрыш | S7: Мирный | T7: 2.5 | U7: 2 | V7: ПУ | X7: 0.5 | Y7: Шериф | Z7: 2.5 | AA7: 3 | AE7: Мирный | AF7: 2.5 | AG7: 2.75 | AK7: Мирный | AM7: 2 | AN7: У/Проигрыш | AQ7: Дон | AR7: 2.5 | AS7: 3.5
A8: 3 | B8: Параселена | C8: =SUM(H8:AW8) -> 30.25 | D8: =E8/2.5 -> 4 | E8: =SUM(H8+N8+T8+Z8+AF8+AL8+AR8) -> 10 | F8: =C8-E8 -> 20.25 | G8: Мирный | I8: 2.25 | M8: Мирный | O8: 2.5 | P8: ПУ | R8: 0.5 | S8: Мирный | T8: 2.5 | U8: 2.5 | Y8: Мирный | Z8: 2.5 | AA8: 3.75 | AE8: Мирный | AF8: 2.5 | AG8: 2.75 | AK8: Дон | AL8: 2.5 | AM8: 2.25 | AQ8: Мирный | AS8: 2.25 | AT8: ПУ | AU8: 0.5 | AV8: 1
A9: 4 | B9: Продюсер | C9: =SUM(H9:AW9) -> 29.25 | D9: =E9/2.5 -> 4 | E9: =SUM(H9+N9+T9+Z9+AF9+AL9+AR9) -> 10 | F9: =C9-E9 -> 19.25 | G9: Мафия | H9: 2.5 | I9: 4.25 | M9: Мафия | N9: 2.5 | O9: 2.75 | S9: Мирный | T9: 2.5 | U9: 3.5 | Y9: Мафия | AA9: 1.75 | AE9: Дон | AG9: 0.75 | AK9: Мирный | AM9: 1.75 | AQ9: Мафия | AR9: 2.5 | AS9: 4.5
A10: 5 | B10: Love | C10: =SUM(H10:AW10) -> 29.25 | D10: =E10/2.5 -> 4 | E10: =SUM(H10+N10+T10+Z10+AF10+AL10+AR10) -> 10 | F10: =C10-E10 -> 19.25 | G10: Мирный | I10: 1.5 | J10: У/Проигрыш | M10: Мирный | O10: 2 | P10: У/Проигрыш | S10: Мирный | T10: 2.5 | U10: 3.75 | Y10: Мирный | Z10: 2.5 | AA10: 2.75 | AE10: Мирный | AF10: 2.5 | AG10: 3.5 | AK10: Мафия | AL10: 2.5 | AM10: 3.25 | AQ10: Мирный | AS10: 2.5
A11: 6 | B11: БМ | C11: =SUM(H11:AW11) -> 29 | D11: =E11/2.5 -> 3 | E11: =SUM(H11+N11+T11+Z11+AF11+AL11+AR11) -> 7.5 | F11: =C11-E11 -> 21.5 | G11: Шериф | I11: 2.75 | M11: Мирный | O11: 2 | S11: Мафия | U11: 1.5 | Y11: Мирный | Z11: 2.5 | AA11: 4.5 | AE11: Мирный | AF11: 2.5 | AG11: 2.5 | AH11: ПУ | AI11: 0.5 | AJ11: 0.5 | AK11: Шериф | AM11: 3.5 | AQ11: Мафия | AR11: 2.5 | AS11: 3.75
A12: 7 | B12: Домовенок | C12: =SUM(H12:AW12) -> 26.5 | D12: =E12/2.5 -> 3 | E12: =SUM(H12+N12+T12+Z12+AF12+AL12+AR12) -> 7.5 | F12: =C12-E12 -> 19 | G12: Мирный | I12: 2.25 | M12: Мирный | O12: 1.5 | S12: Мирный | T12: 2.5 | U12: 3 | Y12: Мирный | Z12: 2.5 | AA12: 3 | AE12: Мирный | AF12: 2.5 | AG12: 3.5 | AK12: Мирный | AM12: 2.75 | AQ12: Шериф | AS12: 3
A13: 8 | B13: Tardis | C13: =SUM(H13:AW13) -> 20.25 | D13: =E13/2.5 -> 2 | E13: =SUM(H13+N13+T13+Z13+AF13+AL13+AR13) -> 5 | F13: =C13-E13 -> 15.25 | G13: Мирный | I13: 2 | J13: У/Проигрыш | M13: Дон | N13: 2.5 | O13: 2.25 | S13: Мирный | T13: 2.5 | U13: 2.75 | Y13: Мафия | AA13: 1.75 | AE13: Мафия | AG13: 2.25 | AK13: Мирный | AM13: 2.25 | AN13: У/Проигрыш | AQ13: Мирный | AS13: 2
A14: 9 | B14: UFO | C14: =SUM(H14:AW14) -> 20.25 | D14: =E14/2.5 -> 1 | E14: =SUM(H14+N14+T14+Z14+AF14+AL14+AR14) -> 2.5 | F14: =C14-E14 -> 17.75 | G14: Мирный | I14: 2.75 | M14: Мирный | O14: 2 | S14: Дон | U14: 1.5 | Y14: Дон | AA14: 1.5 | AE14: Шериф | AF14: 2.5 | AG14: 2.5 | AK14: Мирный | AM14: 3.25 | AN14: ПУ | AO14: 0.5 | AP14: 0.5 | AQ14: Мирный | AS14: 3.25
A15: 10 | B15: Хрум | C15: =SUM(H15:AW15) -> 20 | D15: =E15/2.5 -> 2 | E15: =SUM(H15+N15+T15+Z15+AF15+AL15+AR15) -> 5 | F15: =C15-E15 -> 15 | G15: Мирный | J15: ПУ | M15: Шериф | O15: 2.5 | S15: Мафия | U15: 2.5 | Y15: Мирный | Z15: 2.5 | AA15: 1.75 | AB15: ПУ | AD15: 0.5 | AE15: Мирный | AF15: 2.5 | AG15: 3.5 | AK15: Мирный | AM15: 3.25 | AQ15: Мирный | AS15: 1
A16: Штраф | G16: В первой игре играла Грибочки, поэтому 0 в этой игре
A17: Мафия
A18: Шериф | G18: Победа мафии 1в1 | M18: Победа мафии 1в1 | S18: Сухая победа города | Y18: Победа города на круг при пятерых | AE18: Сухая победа города | AK18: Победа мафии 1в1 | AQ18: Победа мафии 3в3
A19: Дон
A20: ПУ
A21: У/Победа - победа игрока в угадайке
A22: У/Проигрыш - проигрыш игрока в угадайке
A24: Игра | B24: Игровой Ник | C24: Вид штрафа | D24: Штрафной балл
A26: 2 | B26: UFO | C26: Желтая карточка | D26: -0.5
A27: 3 | B27: Параселена | C27: Желтая карточка | D27: -0.5

Sheet Полуфинал раб
A2: Состав полуфиналов Турнира "5 Элемент", 1 раунд
A4: Место | B4: Игрок | C4: Сумма баллов | D4: Серия | G4: Игроки, занявшие 2 место в своих сериях
A5: 1 | B5: =Лист3!A3 -> Coach | C5: =Лист3!B3 -> 42.25 | D5: 1 | G5: Место | H5: Игрок | I5: Сумма баллов | J5: Серия
A6: 2 | B6: =Лист3!D3 -> Дракарис | C6: =Лист3!E3 -> 34.75 | D6: 2 | G6: 1 | H6: {=sort(Лист3!AX3:AZ18,2,FALSE())} -> #NAME? | I6: #NAME? | J6: #NAME?
A7: 3 | B7: =Лист3!G3 -> Админ | C7: =Лист3!H3 -> 34.5 | D7: 3 | G7: 2 | H7: #NAME? | I7: #NAME? | J7: #NAME?
A8: 4 | B8: =Лист3!J3 -> Cristo | C8: =IF(Лист3!K$3,"0"," ") -> 0 | D8: 4 | G8: 3 | H8: #NAME? | I8: #NAME? | J8: #NAME?
A9: 5 | C9: =IF(Лист3!N$3,"0"," ") -> 0 | D9: 5 | G9: 4 | H9: #NAME? | I9: #NAME? | J9: #NAME?
A10: 6 | C10: =IF(Лист3!Q$3,"0"," ") -> 0 | D10: 6 | G10: 5 | H10: #NAME? | I10: #NAME? | J10: #NAME?
A11: 7 | C11: =IF(Лист3!T$3,"0"," ") -> 0 | D11: 7 | G11: 6 | H11: #NAME? | I11: #NAME? | J11: #NAME?
A12: 8 | C12: =IF(Лист3!W$3,"0"," ") -> 0 | D12: 8 | G12: 7 | H12: #NAME? | I12: #NAME? | J12: #NAME?
A13: 9 | C13: =IF(Лист3!Z$3,"0"," ") -> 0 | D13: 9 | G13: 8 | H13: #NAME? | I13: #NAME? | J13: #NAME?
A14: 10 | C14: =IF(Лист3!AC$3,"0"," ") -> 0 | D14: 10 | G14: 9 | H14: #NAME? | I14: #NAME? | J14: #NAME?
A15: 11 | C15: =IF(Лист3!AF$3,"0"," ") -> 0 | D15: 11 | G15: 10 | H15: #NAME? | I15: #NAME? | J15: #NAME?
A16: 12 | C16: =IF(Лист3!AI$3,"0"," ") -> 0 | D16: 12 | G16: 11 | H16: #NAME? | I16: #NAME? | J16: #NAME?
A17: 13 | C17: =IF(Лист3!AL$3,"0"," ") -> 0 | D17: 13 | G17: 12 | H17: #NAME? | I17: #NAME? | J17: #NAME?
A18: 14 | C18: =IF(Лист3!AO$3,"0"," ") -> 0 | D18: 14 | G18: 13 | H18: #NAME? | I18: #NAME? | J18: #NAME?
A19: 15 | C19: =IF(Лист3!AR$3,"0"," ") -> 0 | D19: 15 | G19: 14 | H19: #NAME? | I19: #NAME? | J19: #NAME?
A20: 16 | C20: =IF(Лист3!AU$3,"0"," ") -> 0 | D20: 16 | G20: 15 | H20: #NAME? | I20: #NAME? | J20: #NAME?
A21: 17 | B21: =H6 -> #NAME? | C21: =I6 -> #NAME? | D21: =J6 -> #NAME? | G21: 16 | H21: #NAME? | I21: #NAME? | J21: #NAME?
A22: 18
A23: 19
A24: 20

Sheet Лист3
