Workbook

Sheet Турнирная таблица по Алфавиту
D1: Турнирная таблица Лиги "7+3"
B6: Место | C6: Игрок | D6: Количество игр | E6: Итоговый балл | F6: Средний балл за серию | G6: Средний доп балл (баллы от ведущих+ЛХ+Ci) | H6: Баллы за победу | I6: Баллы от ведущих | J6: ЛХ | K6: Ci | L6: ПУ | M6: Количество побед | N6: Победы за активные роли (Ш+Д) | O6: Проигрыши за активные роли (Ш+Д) | P6: ППК | Q6: Желтая карточка | R6: Штрафы по сумме всех карточек | S6: Штрафы дисциплинарные, опоздания, др. | T6: 1 серия | U6: 2 серия | V6: 3 серия | W6: 4 серия | X6: 5 серия | Y6: 6 серия | Z6: 7 серия | AA6: 8 серия | AB6: 9 серия | AC6: 10 серия | AD6: 11 серия | AE6: 12 серия | AF6: 13 серия | AG6: 14 серия | AH6: 15 серия | AI6: 16 серия | AJ6: 17 серия | AK6: 18 серия | AL6: 19 серия | AM6: 20 серия | AN6: 21 серия | AO6: 22 серия | AP6: 23 серия | AQ6: 24 серия | AR6: 25 серия | AS6: 26 серия | AT6: 27 серия | AU6: 28 серия | AV6: 29 серия | AW6: 30 серия | AX6: 31 серия | AY6: 32 серия | AZ6: 33 серия | BA6: 34 серия | BB6: 35 серия | BC6: 36 серия | BD6: 37 серия | BE6: 38 серия | BF6: 39 серия | BG6: 40 серия | BH6: 41 серия | BI6: 42 серия | BJ6: 43 серия | BK6: 44 серия | BL6: 45 серия | BM6: 46 серия | BN6: 47 серия | BO6: 48 серия | BP6: 49 серия | BQ6: 50 серия | BR6: 51 серия | BS6: 52 серия | BT6: 53 серия | BU6: 54 серия | BV6: 55 серия | BW6: 56 серия | BX6: 57 серия | BY6: 58 серия | BZ6: 59 серия | CA6: 60 серия
B7: =ROW()-6 -> 1 | C7: Авраам | D7: ='Игроки статистика'!B5 -> 50 | E7: =SUM(T7:CAZ7)-R7-S7 -> 191.5 | F7: =IFERROR((((E7)/D7)*5), ) -> 19.15 | G7: =IFERROR(((I7+J7+K7)/D7), ) -> 2.63 | H7: =SUMIFS('Все игры'!C$3:C1011,'Все игры'!A$3:A1011,C7) -> 60 | I7: =E7-H7-J7-K7 -> 128.5 | J7: =SUMIFS('Все игры'!F$3:F1011,'Все игры'!A$3:A1011,C7) -> 1 | K7: =SUMIFS('Все игры'!G$3:G1011,'Все игры'!A$3:A1011,C7) -> 2 | L7: ='Игроки статистика'!G5 -> 4 | M7: =H7/2.5 -> 24 | N7: =SUM('Игроки статистика'!O5,'Игроки статистика'!Q5) -> 5 | O7: =SUM('Игроки статистика'!P5,'Игроки статистика'!R5) -> 4 | P7: =IFERROR(__xludf.DUMMYFUNCTION("IFNA(SUM(FILTER('Штрафы'!$D$5:$D1011,'Штрафы'!$C$5:$C1011=C7)), )"),"") | Q7: =IFERROR(__xludf.DUMMYFUNCTION("IFNA(SUM(FILTER('Штрафы'!$F$5:$F1011,'Штрафы'!$C$5:$C1011=C7)), )"),"") | T7: =IFERROR(__xludf.DUMMYFUNCTION("IFNA(SUM(FILTER('1 серия'!$B$6:$C$15,'1 серия'!$B$6:$B$15=C7)), )"),"") | U7: =IFERROR(__xludf.DUMMYFUNCTION("IFNA(SUM(FILTER('2 серия'!$B$6:$C$15,'2 серия'!$B$6:$B$15=C7)), ) "),"") | V7: =IFERROR(__xludf.DUMMYFUNCTION("IFNA(SUM(FILTER('3 серия'!$B$6:$C$15,'3 серия'!$B$6:$B$15=C7)), ) "),"") | W7: =IFERROR(__xludf.DUMMYFUNCTION("IFNA(SUM(FILTER('4 серия'!$B$6:$C$15,'4 серия'!$B$6:$B$15=C7)), )"),22.75) -> 22.75 | X7: =IFERROR(__xludf.DUMMYFUNCTION("IFNA(SUM(FILTER('5 серия'!$B$6:$C$15,'5 серия'!$B$6:$B$15=C7)), )"),"") | Y7: =IFERROR(__xludf.DUMMYFUNCTION("IFNA(SUM(FILTER('6 серия'!$B$6:$C$15,'6 серия'!$B$6:$B$15=C7)), )"),"") | Z7: =IFERROR(__xludf.DUMMYFUNCTION("IFNA(SUM(FILTER('7 серия'!$B$6:$C$15,'7 серия'!$B$6:$B$15=C7)), )"),"") | AA7: =IFERROR(__xludf.DUMMYFUNCTION("IFNA(SUM(FILTER('8 серия'!$B$6:$C$15,'8 серия'!$B$6:$B$15=C7)), )"),"") | AB7: =IFERROR(__xludf.DUMMYFUNCTION("IFNA(SUM(FILTER('9 серия'!$B$7:$C$16,'9 серия'!$B$7:$B$16=C7)), )"),27.0) -> 27 | AC7: =IFERROR(__xludf.DUMMYFUNCTION("IFNA(SUM(FILTER('10 серия'!$B$6:$C$15,'10 серия'!$B$6:$B$15=C7)), )"),"") | AD7: =IFERROR(__xludf.DUMMYFUNCTION("IFNA(SUM(FILTER('11 серия'!$B$6:$C$15,'11 серия'!$B$6:$B$15=C7)), )"),"") | AE7: =IFERROR(__xludf.DUMMYFUNCTION("IFNA(SUM(FILTER('12 серия'!$B$6:$C$15,'12 серия'!$B$6:$B$15=C7)), )"),"") | AF7: =IFERROR(__xludf.DUMMYFUNCTION("IFNA(SUM(FILTER('13 серия'!$B$6:$C$15,'13 серия'!$B$6:$B$15=C7)), )"),"") | AG7: =IFERROR(__xludf.DUMMYFUNCTION("IFNA(SUM(FILTER('14 серия'!$B$6:$C$15,'14 серия'!$B$6:$B$15=C7)), )"),"") | AH7: =IFERROR(__xludf.DUMMYFUNCTION("IFNA(SUM(FILTER('15 серия'!$B$6:$C$15,'15 серия'!$B$6:$B$15=C7)), )"),"") | AI7: =IFERROR(__xludf.DUMMYFUNCTION("IFNA(SUM(FILTER('16 серия'!$B$6:$C$15,'16 серия'!$B$6:$B$15=C7)), )"),20.75) -> 20.75 | AJ7: =IFERROR(__xludf.DUMMYFUNCTION("IFNA(SUM(FILTER('17 серия'!$B$6:$C$15,'17 серия'!$B$6:$B$15=C7)), )"),"") | AK7: =IFERROR(__xludf.DUMMYFUNCTION("IFNA(SUM(FILTER('18 серия'!$B$6:$C$15,'18 серия'!$B$6:$B$15=C7)), )"),"") | AL7: =IFERROR(__xludf.DUMMYFUNCTION("IFNA(SUM(FILTER('19 серия'!$B$6:$C$15,'19 серия'!$B$6:$B$15=C7)), )"),"") | AM7: =IFERROR(__xludf.DUMMYFUNCTION("IFNA(SUM(FILTER('20 серия'!$B$6:$C$15,'20 серия'!$B$6:$B$15=C7)), )"),"") | AN7: =IFERROR(__xludf.DUMMYFUNCTION("IFNA(SUM(FILTER('21 серия'!$B$6:$C$15,'21 серия'!$B$6:$B$15=C7)), )"),"") | AO7: =IFERROR(__xludf.DUMMYFUNCTION("IFNA(SUM(FILTER('22 серия'!$B$6:$C$15,'22 серия'!$B$6:$B$15=C7)), )"),"") | AP7: =IFERROR(__xludf.DUMMYFUNCTION("IFNA(SUM(FILTER('23 серия'!$B$6:$C$15,'23 серия'!$B$6:$B$15=C7)), )"),"") | AQ7: =IFERROR(__xludf.DUMMYFUNCTION("IFNA(SUM(FILTER('24 серия'!$B$6:$C$15,'24 серия'!$B$6:$B$15=C7)), )"),"") | AR7: =IFERROR(__xludf.DUMMYFUNCTION("IFNA(SUM(FILTER('25 серия'!$B$6:$C$15,'25 серия'!$B$6:$B$15=C7)), )"),"") | AS7: =IFERROR(__xludf.DUMMYFUNCTION("IFNA(SUM(FILTER('26 серия'!$B$6:$C$15,'26 серия'!$B$6:$B$15=C7)), )"),15.75) -> 15.75 | AT7: =IFERROR(__xludf.DUMMYFUNCTION("IFNA(SUM(FILTER('27 серия'!$B$6:$C$15,'27 серия'!$B$6:$B$15=C7)), )"),"") | AU7: =IFERROR(__xludf.DUMMYFUNCTION("IFNA(SUM(FILTER('28 серия'!$B$6:$C$15,'28 серия'!$B$6:$B$15=C7)), )"),"") | AV7: =IFERROR(__xludf.DUMMYFUNCTION("IFNA(SUM(FILTER('29 серия'!$B$6:$C$15,'29 серия'!$B$6:$B$15=C7)), )"),"") | AW7: =IFERROR(__xludf.DUMMYFUNCTION("IFNA(SUM(FILTER('30 серия'!$B$6:$C$15,'30 серия'!$B$6:$B$15=C7)), )"),"") | AX7: =IFERROR(__xludf.DUMMYFUNCTION("IFNA(SUM(FILTER('31 серия'!$B$6:$C$15,'31 серия'!$B$6:$B$15=C7)), )"),18.25) -> 18.25 | AY7: =IFERROR(__xludf.DUMMYFUNCTION("IFNA(SUM(FILTER('32 серия'!$B$6:$C$15,'32 серия'!$B$6:$B$15=C7)), )"),"") | AZ7: =IFERROR(__xludf.DUMMYFUNCTION("IFNA(SUM(FILTER('33 серия'!$B$6:$C$15,'33 серия'!$B$6:$B$15=C7)), )"),"") | BA7: =IFERROR(__xludf.DUMMYFUNCTION("IFNA(SUM(FILTER('34 серия'!$B$6:$C$15,'34 серия'!$B$6:$B$15=C7)), )"),"") | BB7: =IFERROR(__xludf.DUMMYFUNCTION("IFNA(SUM(FILTER('35 серия'!$B$6:$C$15,'35 серия'!$B$6:$B$15=C7)), )"),"") | BC7: =IFERROR(__xludf.DUMMYFUNCTION("IFNA(SUM(FILTER('36 серия'!$B$6:$C$15,'36 серия'!$B$6:$B$15=C7)), )"),16.75) -> 16.75 | BD7: =IFERROR(__xludf.DUMMYFUNCTION("IFNA(SUM(FILTER('37 серия'!$B$6:$C$15,'37 серия'!$B$6:$B$15=C7)), )"),"") | BE7: =IFERROR(__xludf.DUMMYFUNCTION("IFNA(SUM(FILTER('38 серия'!$B$6:$C$15,'38 серия'!$B$6:$B$15=C7)), )"),"") | BF7: =IFERROR(__xludf.DUMMYFUNCTION("IFNA(SUM(FILTER('39 серия'!$B$6:$C$15,'39 серия'!$B$6:$B$15=C7)), )"),"") | BG7: =IFERROR(__xludf.DUMMYFUNCTION("IFNA(SUM(FILTER('40 серия'!$B$6:$C$15,'40 серия'!$B$6:$B$15=C7)), )"),20.5) -> 20.5 | BH7: =IFERROR(__xludf.DUMMYFUNCTION("IFNA(SUM(FILTER('41 серия'!$B$6:$C$15,'41 серия'!$B$6:$B$15=C7)), )"),"") | BI7: =IFERROR(__xludf.DUMMYFUNCTION("IFNA(SUM(FILTER('42 серия'!$B$6:$C$15,'42 серия'!$B$6:$B$15=C7)), )"),"") | BJ7: =IFERROR(__xludf.DUMMYFUNCTION("IFNA(SUM(FILTER('43 серия'!$B$6:$C$15,'43 серия'!$B$6:$B$15=C7)), )"),"") | BK7: =IFERROR(__xludf.DUMMYFUNCTION("IFNA(SUM(FILTER('44 серия'!$B$6:$C$15,'44 серия'!$B$6:$B$15=C7)), )"),17.5) -> 17.5 | BL7: =IFERROR(__xludf.DUMMYFUNCTION("IFNA(SUM(FILTER('45 серия'!$B$6:$C$15,'45 серия'!$B$6:$B$15=C7)), )"),"") | BM7: =IFERROR(__xludf.DUMMYFUNCTION("IFNA(SUM(FILTER('46 серия'!$B$6:$C$15,'46 серия'!$B$6:$B$15=C7)), )"),"") | BN7: =IFERROR(__xludf.DUMMYFUNCTION("IFNA(SUM(FILTER('47 серия'!$B$6:$C$15,'47 серия'!$B$6:$B$15=C7)), )"),"") | BO7: =IFERROR(__xludf.DUMMYFUNCTION("IFNA(SUM(FILTER('48 серия'!$B$6:$C$15,'48 серия'!$B$6:$B$15=$C7)), )"),"") | BP7: =IFERROR(__xludf.DUMMYFUNCTION("IFNA(SUM(FILTER('49 серия'!$B$6:$C$15,'49 серия'!$B$6:$B$15=$C7)), )"),"") | BQ7: =IFERROR(__xludf.DUMMYFUNCTION("IFNA(SUM(FILTER('50 серия'!$B$6:$C$15,'50 серия'!$B$6:$B$15=$C7)), )"),"") | BR7: =IFERROR(__xludf.DUMMYFUNCTION("IFNA(SUM(FILTER('51 серия'!$B$6:$C$15,'51 серия'!$B$6:$B$15=$C7)), )"),16.5) -> 16.5 | BS7: =IFERROR(__xludf.DUMMYFUNCTION("IFNA(SUM(FILTER('52 серия'!$B$6:$C$15,'52 серия'!$B$6:$B$15=C7)), )"),"") | BT7: =IFERROR(__xludf.DUMMYFUNCTION("IFNA(SUM(FILTER('53 серия'!$B$6:$C$15,'53 серия'!$B$6:$B$15=$C7)), )"),15.75) -> 15.75 | BU7: =IFERROR(__xludf.DUMMYFUNCTION("IFNA(SUM(FILTER('54 серия'!$B$6:$C$15,'54 серия'!$B$6:$B$15=$C7)), )"),"") | BV7: =IFERROR(__xludf.DUMMYFUNCTION("IFNA(SUM(FILTER('55 серия'!$B$6:$C$15,'55 серия'!$B$6:$B$15=$C7)), )"),"") | BW7: =IFERROR(__xludf.DUMMYFUNCTION("IFNA(SUM(FILTER('56 серия'!$B$6:$C$15,'56 серия'!$B$6:$B$15=$C7)), )"),"") | BX7: =IFERROR(__xludf.DUMMYFUNCTION("IFNA(SUM(FILTER('57 серия'!$B$6:$C$15,'57 серия'!$B$6:$B$15=$C7)), )"),"") | BY7: =IFERROR(__xludf.DUMMYFUNCTION("IFNA(SUM(FILTER('58 серия'!$B$6:$C$15,'58 серия'!$B$6:$B$15=$C7)), )"),"") | BZ7: =IFERROR(__xludf.DUMMYFUNCTION("IFNA(SUM(FILTER('59 серия'!$B$6:$C$15,'59 серия'!$B$6:$B$15=C7)), )"),"") | CA7: =IFERROR(__xludf.DUMMYFUNCTION("IFNA(SUM(FILTER('60 серия'!$B$6:$C$15,'60 серия'!$B$6:$B$15=$C7)), )"),"")
B8: =ROW()-6 -> 2 | C8: Админ | D8: ='Игроки статистика'!B6 -> 50 | E8: =SUM(T8:CAZ8)-R8-S8 -> 217.75 | F8: =IFERROR((((E8)/D8)*5), ) -> 21.775 | G8: =IFERROR(((I8+J8+K8)/D8), ) -> 3.005 | H8: =SUMIFS('Все игры'!C$3:C1011,'Все игры'!A$3:A1011,C8) -> 67.5 | I8: =E8-H8-J8-K8 -> 144.25 | J8: =SUMIFS('Все игры'!F$3:F1011,'Все игры'!A$3:A1011,C8) -> 2 | K8: =SUMIFS('Все игры'!G$3:G1011,'Все игры'!A$3:A1011,C8) -> 4 | L8: ='Игроки статистика'!G6 -> 7 | M8: =H8/2.5 -> 27 | N8: =SUM('Игроки статистика'!O6,'Игроки статистика'!Q6) -> 6 | O8: =SUM('Игроки статистика'!P6,'Игроки статистика'!R6) -> 6 | P8: =IFERROR(__xludf.DUMMYFUNCTION("IFNA(SUM(FILTER('Штрафы'!$D$5:$D1011,'Штрафы'!$C$5:$C1011=C8)), )"),"") | Q8: =IFERROR(__xludf.DUMMYFUNCTION("IFNA(SUM(FILTER('Штрафы'!$F$5:$F1011,'Штрафы'!$C$5:$C1011=C8)), )"),"") | T8: =IFERROR(__xludf.DUMMYFUNCTION("IFNA(SUM(FILTER('1 серия'!$B$6:$C$15,'1 серия'!$B$6:$B$15=C8)), )"),"") | U8: =IFERROR(__xludf.DUMMYFUNCTION("IFNA(SUM(FILTER('2 серия'!$B$6:$C$15,'2 серия'!$B$6:$B$15=C8)), ) "),"") | V8: =IFERROR(__xludf.DUMMYFUNCTION("IFNA(SUM(FILTER('3 серия'!$B$6:$C$15,'3 серия'!$B$6:$B$15=C8)), ) "),"") | W8: =IFERROR(__xludf.DUMMYFUNCTION("IFNA(SUM(FILTER('4 серия'!$B$6:$C$15,'4 серия'!$B$6:$B$15=C8)), )"),"") | X8: =IFERROR(__xludf.DUMMYFUNCTION("IFNA(SUM(FILTER('5 серия'!$B$6:$C$15,'5 серия'!$B$6:$B$15=C8)), )"),"") | Y8: =IFERROR(__xludf.DUMMYFUNCTION("IFNA(SUM(FILTER('6 серия'!$B$6:$C$15,'6 серия'!$B$6:$B$15=C8)), )"),"") | Z8: =IFERROR(__xludf.DUMMYFUNCTION("IFNA(SUM(FILTER('7 серия'!$B$6:$C$15,'7 серия'!$B$6:$B$15=C8)), )"),"") | AA8: =IFERROR(__xludf.DUMMYFUNCTION("IFNA(SUM(FILTER('8 серия'!$B$6:$C$15,'8 серия'!$B$6:$B$15=C8)), )"),"") | AB8: =IFERROR(__xludf.DUMMYFUNCTION("IFNA(SUM(FILTER('9 серия'!$B$7:$C$16,'9 серия'!$B$7:$B$16=C8)), )"),"") | AC8: =IFERROR(__xludf.DUMMYFUNCTION("IFNA(SUM(FILTER('10 серия'!$B$6:$C$15,'10 серия'!$B$6:$B$15=C8)), )"),"") | AD8: =IFERROR(__xludf.DUMMYFUNCTION("IFNA(SUM(FILTER('11 серия'!$B$6:$C$15,'11 серия'!$B$6:$B$15=C8)), )"),"") | AE8: =IFERROR(__xludf.DUMMYFUNCTION("IFNA(SUM(FILTER('12 серия'!$B$6:$C$15,'12 серия'!$B$6:$B$15=C8)), )"),"") | AF8: =IFERROR(__xludf.DUMMYFUNCTION("IFNA(SUM(FILTER('13 серия'!$B$6:$C$15,'13 серия'!$B$6:$B$15=C8)), )"),"") | AG8: =IFERROR(__xludf.DUMMYFUNCTION("IFNA(SUM(FILTER('14 серия'!$B$6:$C$15,'14 серия'!$B$6:$B$15=C8)), )"),"") | AH8: =IFERROR(__xludf.DUMMYFUNCTION("IFNA(SUM(FILTER('15 серия'!$B$6:$C$15,'15 серия'!$B$6:$B$15=C8)), )"),"") | AI8: =IFERROR(__xludf.DUMMYFUNCTION("IFNA(SUM(FILTER('16 серия'!$B$6:$C$15,'16 серия'!$B$6:$B$15=C8)), )"),"") | AJ8: =IFERROR(__xludf.DUMMYFUNCTION("IFNA(SUM(FILTER('17 серия'!$B$6:$C$15,'17 серия'!$B$6:$B$15=C8)), )"),"") | AK8: =IFERROR(__xludf.DUMMYFUNCTION("IFNA(SUM(FILTER('18 серия'!$B$6:$C$15,'18 серия'!$B$6:$B$15=C8)), )"),"") | AL8: =IFERROR(__xludf.DUMMYFUNCTION("IFNA(SUM(FILTER('19 серия'!$B$6:$C$15,'19 серия'!$B$6:$B$15=C8)), )"),"") | AM8: =IFERROR(__xludf.DUMMYFUNCTION("IFNA(SUM(FILTER('20 серия'!$B$6:$C$15,'20 серия'!$B$6:$B$15=C8)), )"),"") | AN8: =IFERROR(__xludf.DUMMYFUNCTION("IFNA(SUM(FILTER('21 серия'!$B$6:$C$15,'21 серия'!$B$6:$B$15=C8)), )"),"") | AO8: =IFERROR(__xludf.DUMMYFUNCTION("IFNA(SUM(FILTER('22 серия'!$B$6:$C$15,'22 серия'!$B$6:$B$15=C8)), )"),"") | AP8: =IFERROR(__xludf.DUMMYFUNCTION("IFNA(SUM(FILTER('23 серия'!$B$6:$C$15,'23 серия'!$B$6:$B$15=C8)), )"),"") | AQ8: =IFERROR(__xludf.DUMMYFUNCTION("IFNA(SUM(FILTER('24 серия'!$B$6:$C$15,'24 серия'!$B$6:$B$15=C8)), )"),"") | AR8: =IFERROR(__xludf.DUMMYFUNCTION("IFNA(SUM(FILTER('25 серия'!$B$6:$C$15,'25 серия'!$B$6:$B$15=C8)), )"),26.5) -> 26.5 | AS8: =IFERROR(__xludf.DUMMYFUNCTION("IFNA(SUM(FILTER('26 серия'!$B$6:$C$15,'26 серия'!$B$6:$B$15=C8)), )"),27.0) -> 27 | AT8: =IFERROR(__xludf.DUMMYFUNCTION("IFNA(SUM(FILTER('27 серия'!$B$6:$C$15,'27 серия'!$B$6:$B$15=C8)), )"),18.0) -> 18 | AU8: =IFERROR(__xludf.DUMMYFUNCTION("IFNA(SUM(FILTER('28 серия'!$B$6:$C$15,'28 серия'!$B$6:$B$15=C8)), )"),24.25) -> 24.25 | AV8: =IFERROR(__xludf.DUMMYFUNCTION("IFNA(SUM(FILTER('29 серия'!$B$6:$C$15,'29 серия'!$B$6:$B$15=C8)), )"),14.25) -> 14.25 | AW8: =IFERROR(__xludf.DUMMYFUNCTION("IFNA(SUM(FILTER('30 серия'!$B$6:$C$15,'30 серия'!$B$6:$B$15=C8)), )"),14.0) -> 14 | AX8: =IFERROR(__xludf.DUMMYFUNCTION("IFNA(SUM(FILTER('31 серия'!$B$6:$C$15,'31 серия'!$B$6:$B$15=C8)), )"),25.75) -> 25.75 | AY8: =IFERROR(__xludf.DUMMYFUNCTION("IFNA(SUM(FILTER('32 серия'!$B$6:$C$15,'32 серия'!$B$6:$B$15=C8)), )"),22.5) -> 22.5 | AZ8: =IFERROR(__xludf.DUMMYFUNCTION("IFNA(SUM(FILTER('33 серия'!$B$6:$C$15,'33 серия'!$B$6:$B$15=C8)), )"),21.5) -> 21.5 | BA8: =IFERROR(__xludf.DUMMYFUNCTION("IFNA(SUM(FILTER('34 серия'!$B$6:$C$15,'34 серия'!$B$6:$B$15=C8)), )"),24.0) -> 24 | BB8: =IFERROR(__xludf.DUMMYFUNCTION("IFNA(SUM(FILTER('35 серия'!$B$6:$C$15,'35 серия'!$B$6:$B$15=C8)), )"),"") | BC8: =IFERROR(__xludf.DUMMYFUNCTION("IFNA(SUM(FILTER('36 серия'!$B$6:$C$15,'36 серия'!$B$6:$B$15=C8)), )"),"") | BD8: =IFERROR(__xludf.DUMMYFUNCTION("IFNA(SUM(FILTER('37 серия'!$B$6:$C$15,'37 серия'!$B$6:$B$15=C8)), )"),"") | BE8: =IFERROR(__xludf.DUMMYFUNCTION("IFNA(SUM(FILTER('38 серия'!$B$6:$C$15,'38 серия'!$B$6:$B$15=C8)), )"),"") | BF8: =IFERROR(__xludf.DUMMYFUNCTION("IFNA(SUM(FILTER('39 серия'!$B$6:$C$15,'39 серия'!$B$6:$B$15=C8)), )"),"") | BG8: =IFERROR(__xludf.DUMMYFUNCTION("IFNA(SUM(FILTER('40 серия'!$B$6:$C$15,'40 серия'!$B$6:$B$15=C8)), )"),"") | BH8: =IFERROR(__xludf.DUMMYFUNCTION("IFNA(SUM(FILTER('41 серия'!$B$6:$C$15,'41 серия'!$B$6:$B$15=C8)), )"),"") | BI8: =IFERROR(__xludf.DUMMYFUNCTION("IFNA(SUM(FILTER('42 серия'!$B$6:$C$15,'42 серия'!$B$6:$B$15=C8)), )"),"") | BJ8: =IFERROR(__xludf.DUMMYFUNCTION("IFNA(SUM(FILTER('43 серия'!$B$6:$C$15,'43 серия'!$B$6:$B$15=C8)), )"),"") | BK8: =IFERROR(__xludf.DUMMYFUNCTION("IFNA(SUM(FILTER('44 серия'!$B$6:$C$15,'44 серия'!$B$6:$B$15=C8)), )"),"") | BL8: =IFERROR(__xludf.DUMMYFUNCTION("IFNA(SUM(FILTER('45 серия'!$B$6:$C$15,'45 серия'!$B$6:$B$15=C8)), )"),"") | BM8: =IFERROR(__xludf.DUMMYFUNCTION("IFNA(SUM(FILTER('46 серия'!$B$6:$C$15,'46 серия'!$B$6:$B$15=C8)), )"),"") | BN8: =IFERROR(__xludf.DUMMYFUNCTION("IFNA(SUM(FILTER('47 серия'!$B$6:$C$15,'47 серия'!$B$6:$B$15=C8)), )"),"") | BO8: =IFERROR(__xludf.DUMMYFUNCTION("IFNA(SUM(FILTER('48 серия'!$B$6:$C$15,'48 серия'!$B$6:$B$15=$C8)), )"),"") | BP8: =IFERROR(__xludf.DUMMYFUNCTION("IFNA(SUM(FILTER('49 серия'!$B$6:$C$15,'49 серия'!$B$6:$B$15=$C8)), )"),"") | BQ8: =IFERROR(__xludf.DUMMYFUNCTION("IFNA(SUM(FILTER('50 серия'!$B$6:$C$15,'50 серия'!$B$6:$B$15=$C8)), )"),"") | BR8: =IFERROR(__xludf.DUMMYFUNCTION("IFNA(SUM(FILTER('51 серия'!$B$6:$C$15,'51 серия'!$B$6:$B$15=$C8)), )"),"") | BS8: =IFERROR(__xludf.DUMMYFUNCTION("IFNA(SUM(FILTER('52 серия'!$B$6:$C$15,'52 серия'!$B$6:$B$15=C8)), )"),"") | BT8: =IFERROR(__xludf.DUMMYFUNCTION("IFNA(SUM(FILTER('53 серия'!$B$6:$C$15,'53 серия'!$B$6:$B$15=$C8)), )"),"") | BU8: =IFERROR(__xludf.DUMMYFUNCTION("IFNA(SUM(FILTER('54 серия'!$B$6:$C$15,'54 серия'!$B$6:$B$15=$C8)), )"),"") | BV8: =IFERROR(__xludf.DUMMYFUNCTION("IFNA(SUM(FILTER('55 серия'!$B$6:$C$15,'55 серия'!$B$6:$B$15=$C8)), )"),"") | BW8: =IFERROR(__xludf.DUMMYFUNCTION("IFNA(SUM(FILTER('56 серия'!$B$6:$C$15,'56 серия'!$B$6:$B$15=$C8)), )"),"") | BX8: =IFERROR(__xludf.DUMMYFUNCTION("IFNA(SUM(FILTER('57 серия'!$B$6:$C$15,'57 серия'!$B$6:$B$15=$C8)), )"),"") | BY8: =IFERROR(__xludf.DUMMYFUNCTION("IFNA(SUM(FILTER('58 серия'!$B$6:$C$15,'58 серия'!$B$6:$B$15=$C8)), )"),"") | BZ8: =IFERROR(__xludf.DUMMYFUNCTION("IFNA(SUM(FILTER('59 серия'!$B$6:$C$15,'59 серия'!$B$6:$B$15=C8)), )"),"") | CA8: =IFERROR(__xludf.DUMMYFUNCTION("IFNA(SUM(FILTER('60 серия'!$B$6:$C$15,'60 серия'!$B$6:$B$15=$C8)), )"),"")
B9: =ROW()-6 -> 3 | C9: Андерсен | D9: ='Игроки статистика'!B7 -> 50 | E9: =SUM(T9:CAZ9)-R9-S9 -> 196.5 | F9: =IFERROR((((E9)/D9)*5), ) -> 19.65 | G9: =IFERROR(((I9+J9+K9)/D9), ) -> 2.73 | H9: =SUMIFS('Все игры'!C$3:C1011,'Все игры'!A$3:A1011,C9) -> 60 | I9: =E9-H9-J9-K9 -> 132 | J9: =SUMIFS('Все игры'!F$3:F1011,'Все игры'!A$3:A1011,C9) -> 1.5 | K9: =SUMIFS('Все игры'!G$3:G1011,'Все игры'!A$3:A1011,C9) -> 3 | L9: ='Игроки статистика'!G7 -> 5 | M9: =H9/2.5 -> 24 | N9: =SUM('Игроки статистика'!O7,'Игроки статистика'!Q7) -> 4 | O9: =SUM('Игроки статистика'!P7,'Игроки статистика'!R7) -> 6 | P9: =IFERROR(__xludf.DUMMYFUNCTION("IFNA(SUM(FILTER('Штрафы'!$D$5:$D1011,'Штрафы'!$C$5:$C1011=C9)), )"),"") | Q9: =IFERROR(__xludf.DUMMYFUNCTION("IFNA(SUM(FILTER('Штрафы'!$F$5:$F1011,'Штрафы'!$C$5:$C1011=C9)), )"),"") | T9: =IFERROR(__xludf.DUMMYFUNCTION("IFNA(SUM(FILTER('1 серия'!$B$6:$C$15,'1 серия'!$B$6:$B$15=C9)), )"),"") | U9: =IFERROR(__xludf.DUMMYFUNCTION("IFNA(SUM(FILTER('2 серия'!$B$6:$C$15,'2 серия'!$B$6:$B$15=C9)), ) "),20.0) -> 20 | V9: =IFERROR(__xludf.DUMMYFUNCTION("IFNA(SUM(FILTER('3 серия'!$B$6:$C$15,'3 серия'!$B$6:$B$15=C9)), ) "),"") | W9: =IFERROR(__xludf.DUMMYFUNCTION("IFNA(SUM(FILTER('4 серия'!$B$6:$C$15,'4 серия'!$B$6:$B$15=C9)), )"),"") | X9: =IFERROR(__xludf.DUMMYFUNCTION("IFNA(SUM(FILTER('5 серия'!$B$6:$C$15,'5 серия'!$B$6:$B$15=C9)), )"),"") | Y9: =IFERROR(__xludf.DUMMYFUNCTION("IFNA(SUM(FILTER('6 серия'!$B$6:$C$15,'6 серия'!$B$6:$B$15=C9)), )"),"") | Z9: =IFERROR(__xludf.DUMMYFUNCTION("IFNA(SUM(FILTER('7 серия'!$B$6:$C$15,'7 серия'!$B$6:$B$15=C9)), )"),"") | AA9: =IFERROR(__xludf.DUMMYFUNCTION("IFNA(SUM(FILTER('8 серия'!$B$6:$C$15,'8 серия'!$B$6:$B$15=C9)), )"),"") | AB9: =IFERROR(__xludf.DUMMYFUNCTION("IFNA(SUM(FILTER('9 серия'!$B$7:$C$16,'9 серия'!$B$7:$B$16=C9)), )"),"") | AC9: =IFERROR(__xludf.DUMMYFUNCTION("IFNA(SUM(FILTER('10 серия'!$B$6:$C$15,'10 серия'!$B$6:$B$15=C9)), )"),22.0) -> 22 | AD9: =IFERROR(__xludf.DUMMYFUNCTION("IFNA(SUM(FILTER('11 серия'!$B$6:$C$15,'11 серия'!$B$6:$B$15=C9)), )"),25.0) -> 25 | AE9: =IFERROR(__xludf.DUMMYFUNCTION("IFNA(SUM(FILTER('12 серия'!$B$6:$C$15,'12 серия'!$B$6:$B$15=C9)), )"),"") | AF9: =IFERROR(__xludf.DUMMYFUNCTION("IFNA(SUM(FILTER('13 серия'!$B$6:$C$15,'13 серия'!$B$6:$B$15=C9)), )"),"") | AG9: =IFERROR(__xludf.DUMMYFUNCTION("IFNA(SUM(FILTER('14 серия'!$B$6:$C$15,'14 серия'!$B$6:$B$15=C9)), )"),"") | AH9: =IFERROR(__xludf.DUMMYFUNCTION("IFNA(SUM(FILTER('15 серия'!$B$6:$C$15,'15 серия'!$B$6:$B$15=C9)), )"),"") | AI9: =IFERROR(__xludf.DUMMYFUNCTION("IFNA(SUM(FILTER('16 серия'!$B$6:$C$15,'16 серия'!$B$6:$B$15=C9)), )"),"") | AJ9: =IFERROR(__xludf.DUMMYFUNCTION("IFNA(SUM(FILTER('17 серия'!$B$6:$C$15,'17 серия'!$B$6:$B$15=C9)), )"),20.5) -> 20.5 | AK9: =IFERROR(__xludf.DUMMYFUNCTION("IFNA(SUM(FILTER('18 серия'!$B$6:$C$15,'18 серия'!$B$6:$B$15=C9)), )"),"") | AL9: =IFERROR(__xludf.DUMMYFUNCTION("IFNA(SUM(FILTER('19 серия'!$B$6:$C$15,'19 серия'!$B$6:$B$15=C9)), )"),"") | AM9: =IFERROR(__xludf.DUMMYFUNCTION("IFNA(SUM(FILTER('20 серия'!$B$6:$C$15,'20 серия'!$B$6:$B$15=C9)), )"),"") | AN9: =IFERROR(__xludf.DUMMYFUNCTION("IFNA(SUM(FILTER('21 серия'!$B$6:$C$15,'21 серия'!$B$6:$B$15=C9)), )"),"") | AO9: =IFERROR(__xludf.DUMMYFUNCTION("IFNA(SUM(FILTER('22 серия'!$B$6:$C$15,'22 серия'!$B$6:$B$15=C9)), )"),"") | AP9: =IFERROR(__xludf.DUMMYFUNCTION("IFNA(SUM(FILTER('23 серия'!$B$6:$C$15,'23 серия'!$B$6:$B$15=C9)), )"),"") | AQ9: =IFERROR(__xludf.DUMMYFUNCTION("IFNA(SUM(FILTER('24 серия'!$B$6:$C$15,'24 серия'!$B$6:$B$15=C9)), )"),"") | AR9: =IFERROR(__xludf.DUMMYFUNCTION("IFNA(SUM(FILTER('25 серия'!$B$6:$C$15,'25 серия'!$B$6:$B$15=C9)), )"),16.0) -> 16 | AS9: =IFERROR(__xludf.DUMMYFUNCTION("IFNA(SUM(FILTER('26 серия'!$B$6:$C$15,'26 серия'!$B$6:$B$15=C9)), )"),"") | AT9: =IFERROR(__xludf.DUMMYFUNCTION("IFNA(SUM(FILTER('27 серия'!$B$6:$C$15,'27 серия'!$B$6:$B$15=C9)), )"),"") | AU9: =IFERROR(__xludf.DUMMYFUNCTION("IFNA(SUM(FILTER('28 серия'!$B$6:$C$15,'28 серия'!$B$6:$B$15=C9)), )"),"") | AV9: =IFERROR(__xludf.DUMMYFUNCTION("IFNA(SUM(FILTER('29 серия'!$B$6:$C$15,'29 серия'!$B$6:$B$15=C9)), )"),19.25) -> 19.25 | AW9: =IFERROR(__xludf.DUMMYFUNCTION("IFNA(SUM(FILTER('30 серия'!$B$6:$C$15,'30 серия'!$B$6:$B$15=C9)), )"),"") | AX9: =IFERROR(__xludf.DUMMYFUNCTION("IFNA(SUM(FILTER('31 серия'!$B$6:$C$15,'31 серия'!$B$6:$B$15=C9)), )"),"") | AY9: =IFERROR(__xludf.DUMMYFUNCTION("IFNA(SUM(FILTER('32 серия'!$B$6:$C$15,'32 серия'!$B$6:$B$15=C9)), )"),"") | AZ9: =IFERROR(__xludf.DUMMYFUNCTION("IFNA(SUM(FILTER('33 серия'!$B$6:$C$15,'33 серия'!$B$6:$B$15=C9)), )"),"") | BA9: =IFERROR(__xludf.DUMMYFUNCTION("IFNA(SUM(FILTER('34 серия'!$B$6:$C$15,'34 серия'!$B$6:$B$15=C9)), )"),"") | BB9: =IFERROR(__xludf.DUMMYFUNCTION("IFNA(SUM(FILTER('35 серия'!$B$6:$C$15,'35 серия'!$B$6:$B$15=C9)), )"),18.75) -> 18.75 | BC9: =IFERROR(__xludf.DUMMYFUNCTION("IFNA(SUM(FILTER('36 серия'!$B$6:$C$15,'36 серия'!$B$6:$B$15=C9)), )"),"") | BD9: =IFERROR(__xludf.DUMMYFUNCTION("IFNA(SUM(FILTER('37 серия'!$B$6:$C$15,'37 серия'!$B$6:$B$15=C9)), )"),"") | BE9: =IFERROR(__xludf.DUMMYFUNCTION("IFNA(SUM(FILTER('38 серия'!$B$6:$C$15,'38 серия'!$B$6:$B$15=C9)), )"),"") | BF9: =IFERROR(__xludf.DUMMYFUNCTION("IFNA(SUM(FILTER('39 серия'!$B$6:$C$15,'39 серия'!$B$6:$B$15=C9)), )"),"") | BG9: =IFERROR(__xludf.DUMMYFUNCTION("IFNA(SUM(FILTER('40 серия'!$B$6:$C$15,'40 серия'!$B$6:$B$15=C9)), )"),"") | BH9: =IFERROR(__xludf.DUMMYFUNCTION("IFNA(SUM(FILTER('41 серия'!$B$6:$C$15,'41 серия'!$B$6:$B$15=C9)), )"),"") | BI9: =IFERROR(__xludf.DUMMYFUNCTION("IFNA(SUM(FILTER('42 серия'!$B$6:$C$15,'42 серия'!$B$6:$B$15=C9)), )"),"") | BJ9: =IFERROR(__xludf.DUMMYFUNCTION("IFNA(SUM(FILTER('43 серия'!$B$6:$C$15,'43 серия'!$B$6:$B$15=C9)), )"),"") | BK9: =IFERROR(__xludf.DUMMYFUNCTION("IFNA(SUM(FILTER('44 серия'!$B$6:$C$15,'44 серия'!$B$6:$B$15=C9)), )"),"") | BL9: =IFERROR(__xludf.DUMMYFUNCTION("IFNA(SUM(FILTER('45 серия'!$B$6:$C$15,'45 серия'!$B$6:$B$15=C9)), )"),"") | BM9: =IFERROR(__xludf.DUMMYFUNCTION("IFNA(SUM(FILTER('46 серия'!$B$6:$C$15,'46 серия'!$B$6:$B$15=C9)), )"),21.25) -> 21.25 | BN9: =IFERROR(__xludf.DUMMYFUNCTION("IFNA(SUM(FILTER('47 серия'!$B$6:$C$15,'47 серия'!$B$6:$B$15=C9)), )"),"") | BO9: =IFERROR(__xludf.DUMMYFUNCTION("IFNA(SUM(FILTER('48 серия'!$B$6:$C$15,'48 серия'!$B$6:$B$15=$C9)), )"),13.25) -> 13.25 | BP9: =IFERROR(__xludf.DUMMYFUNCTION("IFNA(SUM(FILTER('49 серия'!$B$6:$C$15,'49 серия'!$B$6:$B$15=$C9)), )"),"") | BQ9: =IFERROR(__xludf.DUMMYFUNCTION("IFNA(SUM(FILTER('50 серия'!$B$6:$C$15,'50 серия'!$B$6:$B$15=$C9)), )"),"") | BR9: =IFERROR(__xludf.DUMMYFUNCTION("IFNA(SUM(FILTER('51 серия'!$B$6:$C$15,'51 серия'!$B$6:$B$15=$C9)), )"),"") | BS9: =IFERROR(__xludf.DUMMYFUNCTION("IFNA(SUM(FILTER('52 серия'!$B$6:$C$15,'52 серия'!$B$6:$B$15=C9)), )"),"") | BT9: =IFERROR(__xludf.DUMMYFUNCTION("IFNA(SUM(FILTER('53 серия'!$B$6:$C$15,'53 серия'!$B$6:$B$15=$C9)), )"),"") | BU9: =IFERROR(__xludf.DUMMYFUNCTION("IFNA(SUM(FILTER('54 серия'!$B$6:$C$15,'54 серия'!$B$6:$B$15=$C9)), )"),"") | BV9: =IFERROR(__xludf.DUMMYFUNCTION("IFNA(SUM(FILTER('55 серия'!$B$6:$C$15,'55 серия'!$B$6:$B$15=$C9)), )"),"") | BW9: =IFERROR(__xludf.DUMMYFUNCTION("IFNA(SUM(FILTER('56 серия'!$B$6:$C$15,'56 серия'!$B$6:$B$15=$C9)), )"),"") | BX9: =IFERROR(__xludf.DUMMYFUNCTION("IFNA(SUM(FILTER('57 серия'!$B$6:$C$15,'57 серия'!$B$6:$B$15=$C9)), )"),"") | BY9: =IFERROR(__xludf.DUMMYFUNCTION("IFNA(SUM(FILTER('58 серия'!$B$6:$C$15,'58 серия'!$B$6:$B$15=$C9)), )"),20.5) -> 20.5 | BZ9: =IFERROR(__xludf.DUMMYFUNCTION("IFNA(SUM(FILTER('59 серия'!$B$6:$C$15,'59 серия'!$B$6:$B$15=C9)), )"),"") | CA9: =IFERROR(__xludf.DUMMYFUNCTION("IFNA(SUM(FILTER('60 серия'!$B$6:$C$15,'60 серия'!$B$6:$B$15=$C9)), )"),"")
B10: =ROW()-6 -> 4 | C10: Артик | D10: ='Игроки статистика'!B8 -> 50 | E10: =SUM(T10:CAZ10)-R10-S10 -> 244.5 | F10: =IFERROR((((E10)/D10)*5), ) -> 24.45 | G10: =IFERROR(((I10+J10+K10)/D10), ) -> 3.29 | H10: =SUMIFS('Все игры'!C$3:C1011,'Все игры'!A$3:A1011,C10) -> 80 | I10: =E10-H10-J10-K10 -> 153.5 | J10: =SUMIFS('Все игры'!F$3:F1011,'Все игры'!A$3:A1011,C10) -> 1.5 | K10: =SUMIFS('Все игры'!G$3:G1011,'Все игры'!A$3:A1011,C10) -> 9.5 | L10: ='Игроки статистика'!G8 -> 14 | M10: =H10/2.5 -> 32 | N10: =SUM('Игроки статистика'!O8,'Игроки статистика'!Q8) -> 7 | O10: =SUM('Игроки статистика'!P8,'Игроки статистика'!R8) -> 4 | P10: =IFERROR(__xludf.DUMMYFUNCTION("IFNA(SUM(FILTER('Штрафы'!$D$5:$D1011,'Штрафы'!$C$5:$C1011=C10)), )"),"") | Q10: =IFERROR(__xludf.DUMMYFUNCTION("IFNA(SUM(FILTER('Штрафы'!$F$5:$F1011,'Штрафы'!$C$5:$C1011=C10)), )"),"") | T10: =IFERROR(__xludf.DUMMYFUNCTION("IFNA(SUM(FILTER('1 серия'!$B$6:$C$15,'1 серия'!$B$6:$B$15=C10)), )"),27.5) -> 27.5 | U10: =IFERROR(__xludf.DUMMYFUNCTION("IFNA(SUM(FILTER('2 серия'!$B$6:$C$15,'2 серия'!$B$6:$B$15=C10)), ) "),"") | V10: =IFERROR(__xludf.DUMMYFUNCTION("IFNA(SUM(FILTER('3 серия'!$B$6:$C$15,'3 серия'!$B$6:$B$15=C10)), ) "),"") | W10: =IFERROR(__xludf.DUMMYFUNCTION("IFNA(SUM(FILTER('4 серия'!$B$6:$C$15,'4 серия'!$B$6:$B$15=C10)), )"),"") | X10: =IFERROR(__xludf.DUMMYFUNCTION("IFNA(SUM(FILTER('5 серия'!$B$6:$C$15,'5 серия'!$B$6:$B$15=C10)), )"),"") | Y10: =IFERROR(__xludf.DUMMYFUNCTION("IFNA(SUM(FILTER('6 серия'!$B$6:$C$15,'6 серия'!$B$6:$B$15=C10)), )"),15.5) -> 15.5 | Z10: =IFERROR(__xludf.DUMMYFUNCTION("IFNA(SUM(FILTER('7 серия'!$B$6:$C$15,'7 серия'!$B$6:$B$15=C10)), )"),"") | AA10: =IFERROR(__xludf.DUMMYFUNCTION("IFNA(SUM(FILTER('8 серия'!$B$6:$C$15,'8 серия'!$B$6:$B$15=C10)), )"),"") | AB10: =IFERROR(__xludf.DUMMYFUNCTION("IFNA(SUM(FILTER('9 серия'!$B$7:$C$16,'9 серия'!$B$7:$B$16=C10)), )"),"") | AC10: =IFERROR(__xludf.DUMMYFUNCTION("IFNA(SUM(FILTER('10 серия'!$B$6:$C$15,'10 серия'!$B$6:$B$15=C10)), )"),"") | AD10: =IFERROR(__xludf.DUMMYFUNCTION("IFNA(SUM(FILTER('11 серия'!$B$6:$C$15,'11 серия'!$B$6:$B$15=C10)), )"),"") | AE10: =IFERROR(__xludf.DUMMYFUNCTION("IFNA(SUM(FILTER('12 серия'!$B$6:$C$15,'12 серия'!$B$6:$B$15=C10)), )"),"") | AF10: =IFERROR(__xludf.DUMMYFUNCTION("IFNA(SUM(FILTER('13 серия'!$B$6:$C$15,'13 серия'!$B$6:$B$15=C10)), )"),"") | AG10: =IFERROR(__xludf.DUMMYFUNCTION("IFNA(SUM(FILTER('14 серия'!$B$6:$C$15,'14 серия'!$B$6:$B$15=C10)), )"),29.25) -> 29.25 | AH10: =IFERROR(__xludf.DUMMYFUNCTION("IFNA(SUM(FILTER('15 серия'!$B$6:$C$15,'15 серия'!$B$6:$B$15=C10)), )"),28.0) -> 28 | AI10: =IFERROR(__xludf.DUMMYFUNCTION("IFNA(SUM(FILTER('16 серия'!$B$6:$C$15,'16 серия'!$B$6:$B$15=C10)), )"),"") | AJ10: =IFERROR(__xludf.DUMMYFUNCTION("IFNA(SUM(FILTER('17 серия'!$B$6:$C$15,'17 серия'!$B$6:$B$15=C10)), )"),"") | AK10: =IFERROR(__xludf.DUMMYFUNCTION("IFNA(SUM(FILTER('18 серия'!$B$6:$C$15,'18 серия'!$B$6:$B$15=C10)), )"),"") | AL10: =IFERROR(__xludf.DUMMYFUNCTION("IFNA(SUM(FILTER('19 серия'!$B$6:$C$15,'19 серия'!$B$6:$B$15=C10)), )"),"") | AM10: =IFERROR(__xludf.DUMMYFUNCTION("IFNA(SUM(FILTER('20 серия'!$B$6:$C$15,'20 серия'!$B$6:$B$15=C10)), )"),"") | AN10: =IFERROR(__xludf.DUMMYFUNCTION("IFNA(SUM(FILTER('21 серия'!$B$6:$C$15,'21 серия'!$B$6:$B$15=C10)), )"),"") | AO10: =IFERROR(__xludf.DUMMYFUNCTION("IFNA(SUM(FILTER('22 серия'!$B$6:$C$15,'22 серия'!$B$6:$B$15=C10)), )"),"") | AP10: =IFERROR(__xludf.DUMMYFUNCTION("IFNA(SUM(FILTER('23 серия'!$B$6:$C$15,'23 серия'!$B$6:$B$15=C10)), )"),"") | AQ10: =IFERROR(__xludf.DUMMYFUNCTION("IFNA(SUM(FILTER('24 серия'!$B$6:$C$15,'24 серия'!$B$6:$B$15=C10)), )"),"") | AR10: =IFERROR(__xludf.DUMMYFUNCTION("IFNA(SUM(FILTER('25 серия'!$B$6:$C$15,'25 серия'!$B$6:$B$15=C10)), )"),"") | AS10: =IFERROR(__xludf.DUMMYFUNCTION("IFNA(SUM(FILTER('26 серия'!$B$6:$C$15,'26 серия'!$B$6:$B$15=C10)), )"),"") | AT10: =IFERROR(__xludf.DUMMYFUNCTION("IFNA(SUM(FILTER('27 серия'!$B$6:$C$15,'27 серия'!$B$6:$B$15=C10)), )"),"") | AU10: =IFERROR(__xludf.DUMMYFUNCTION("IFNA(SUM(FILTER('28 серия'!$B$6:$C$15,'28 серия'!$B$6:$B$15=C10)), )"),"") | AV10: =IFERROR(__xludf.DUMMYFUNCTION("IFNA(SUM(FILTER('29 серия'!$B$6:$C$15,'29 серия'!$B$6:$B$15=C10)), )"),"") | AW10: =IFERROR(__xludf.DUMMYFUNCTION("IFNA(SUM(FILTER('30 серия'!$B$6:$C$15,'30 серия'!$B$6:$B$15=C10)), )"),"") | AX10: =IFERROR(__xludf.DUMMYFUNCTION("IFNA(SUM(FILTER('31 серия'!$B$6:$C$15,'31 серия'!$B$6:$B$15=C10)), )"),"") | AY10: =IFERROR(__xludf.DUMMYFUNCTION("IFNA(SUM(FILTER('32 серия'!$B$6:$C$15,'32 серия'!$B$6:$B$15=C10)), )"),"") | AZ10: =IFERROR(__xludf.DUMMYFUNCTION("IFNA(SUM(FILTER('33 серия'!$B$6:$C$15,'33 серия'!$B$6:$B$15=C10)), )"),"") | BA10: =IFERROR(__xludf.DUMMYFUNCTION("IFNA(SUM(FILTER('34 серия'!$B$6:$C$15,'34 серия'!$B$6:$B$15=C10)), )"),24.5) -> 24.5 | BB10: =IFERROR(__xludf.DUMMYFUNCTION("IFNA(SUM(FILTER('35 серия'!$B$6:$C$15,'35 серия'!$B$6:$B$15=C10)), )"),"") | BC10: =IFERROR(__xludf.DUMMYFUNCTION("IFNA(SUM(FILTER('36 серия'!$B$6:$C$15,'36 серия'!$B$6:$B$15=C10)), )"),22.25) -> 22.25 | BD10: =IFERROR(__xludf.DUMMYFUNCTION("IFNA(SUM(FILTER('37 серия'!$B$6:$C$15,'37 серия'!$B$6:$B$15=C10)), )"),"") | BE10: =IFERROR(__xludf.DUMMYFUNCTION("IFNA(SUM(FILTER('38 серия'!$B$6:$C$15,'38 серия'!$B$6:$B$15=C10)), )"),"") | BF10: =IFERROR(__xludf.DUMMYFUNCTION("IFNA(SUM(FILTER('39 серия'!$B$6:$C$15,'39 серия'!$B$6:$B$15=C10)), )"),"") | BG10: =IFERROR(__xludf.DUMMYFUNCTION("IFNA(SUM(FILTER('40 серия'!$B$6:$C$15,'40 серия'!$B$6:$B$15=C10)), )"),28.0) -> 28 | BH10: =IFERROR(__xludf.DUMMYFUNCTION("IFNA(SUM(FILTER('41 серия'!$B$6:$C$15,'41 серия'!$B$6:$B$15=C10)), )"),"") | BI10: =IFERROR(__xludf.DUMMYFUNCTION("IFNA(SUM(FILTER('42 серия'!$B$6:$C$15,'42 серия'!$B$6:$B$15=C10)), )"),"") | BJ10: =IFERROR(__xludf.DUMMYFUNCTION("IFNA(SUM(FILTER('43 серия'!$B$6:$C$15,'43 серия'!$B$6:$B$15=C10)), )"),"") | BK10: =IFERROR(__xludf.DUMMYFUNCTION("IFNA(SUM(FILTER('44 серия'!$B$6:$C$15,'44 серия'!$B$6:$B$15=C10)), )"),"") | BL10: =IFERROR(__xludf.DUMMYFUNCTION("IFNA(SUM(FILTER('45 серия'!$B$6:$C$15,'45 серия'!$B$6:$B$15=C10)), )"),"") | BM10: =IFERROR(__xludf.DUMMYFUNCTION("IFNA(SUM(FILTER('46 серия'!$B$6:$C$15,'46 серия'!$B$6:$B$15=C10)), )"),"") | BN10: =IFERROR(__xludf.DUMMYFUNCTION("IFNA(SUM(FILTER('47 серия'!$B$6:$C$15,'47 серия'!$B$6:$B$15=C10)), )"),"") | BO10: =IFERROR(__xludf.DUMMYFUNCTION("IFNA(SUM(FILTER('48 серия'!$B$6:$C$15,'48 серия'!$B$6:$B$15=$C10)), )"),"") | BP10: =IFERROR(__xludf.DUMMYFUNCTION("IFNA(SUM(FILTER('49 серия'!$B$6:$C$15,'49 серия'!$B$6:$B$15=$C10)), )"),16.0) -> 16 | BQ10: =IFERROR(__xludf.DUMMYFUNCTION("IFNA(SUM(FILTER('50 серия'!$B$6:$C$15,'50 серия'!$B$6:$B$15=$C10)), )"),"") | BR10: =IFERROR(__xludf.DUMMYFUNCTION("IFNA(SUM(FILTER('51 серия'!$B$6:$C$15,'51 серия'!$B$6:$B$15=$C10)), )"),"") | BS10: =IFERROR(__xludf.DUMMYFUNCTION("IFNA(SUM(FILTER('52 серия'!$B$6:$C$15,'52 серия'!$B$6:$B$15=C10)), )"),"") | BT10: =IFERROR(__xludf.DUMMYFUNCTION("IFNA(SUM(FILTER('53 серия'!$B$6:$C$15,'53 серия'!$B$6:$B$15=$C10)), )"),"") | BU10: =IFERROR(__xludf.DUMMYFUNCTION("IFNA(SUM(FILTER('54 серия'!$B$6:$C$15,'54 серия'!$B$6:$B$15=$C10)), )"),27.0) -> 27 | BV10: =IFERROR(__xludf.DUMMYFUNCTION("IFNA(SUM(FILTER('55 серия'!$B$6:$C$15,'55 серия'!$B$6:$B$15=$C10)), )"),"") | BW10: =IFERROR(__xludf.DUMMYFUNCTION("IFNA(SUM(FILTER('56 серия'!$B$6:$C$15,'56 серия'!$B$6:$B$15=$C10)), )"),"") | BX10: =IFERROR(__xludf.DUMMYFUNCTION("IFNA(SUM(FILTER('57 серия'!$B$6:$C$15,'57 серия'!$B$6:$B$15=$C10)), )"),"") | BY10: =IFERROR(__xludf.DUMMYFUNCTION("IFNA(SUM(FILTER('58 серия'!$B$6:$C$15,'58 серия'!$B$6:$B$15=$C10)), )"),"") | BZ10: =IFERROR(__xludf.DUMMYFUNCTION("IFNA(SUM(FILTER('59 серия'!$B$6:$C$15,'59 серия'!$B$6:$B$15=C10)), )"),26.5) -> 26.5 | CA10: =IFERROR(__xludf.DUMMYFUNCTION("IFNA(SUM(FILTER('60 серия'!$B$6:$C$15,'60 серия'!$B$6:$B$15=$C10)), )"),"")
B11: =ROW()-6 -> 5 | C11: Астория | D11: ='Игроки статистика'!B9 -> 50 | E11: =SUM(T11:CAZ11)-R11-S11 -> 206 | F11: =IFERROR((((E11)/D11)*5), ) -> 20.6 | G11: =IFERROR(((I11+J11+K11)/D11), ) -> 2.82 | H11: =SUMIFS('Все игры'!C$3:C1011,'Все игры'!A$3:A1011,C11) -> 65 | I11: =E11-H11-J11-K11 -> 139 | J11: =SUMIFS('Все игры'!F$3:F1011,'Все игры'!A$3:A1011,C11) -> 0.5 | K11: =SUMIFS('Все игры'!G$3:G1011,'Все игры'!A$3:A1011,C11) -> 1.5 | L11: ='Игроки статистика'!G9 -> 3 | M11: =H11/2.5 -> 26 | N11: =SUM('Игроки статистика'!O9,'Игроки статистика'!Q9) -> 4 | O11: =SUM('Игроки статистика'!P9,'Игроки статистика'!R9) -> 5 | P11: =IFERROR(__xludf.DUMMYFUNCTION("IFNA(SUM(FILTER('Штрафы'!$D$5:$D1011,'Штрафы'!$C$5:$C1011=C11)), )"),"") | Q11: =IFERROR(__xludf.DUMMYFUNCTION("IFNA(SUM(FILTER('Штрафы'!$F$5:$F1011,'Штрафы'!$C$5:$C1011=C11)), )"),"") | T11: =IFERROR(__xludf.DUMMYFUNCTION("IFNA(SUM(FILTER('1 серия'!$B$6:$C$15,'1 серия'!$B$6:$B$15=C11)), )"),"") | U11: =IFERROR(__xludf.DUMMYFUNCTION("IFNA(SUM(FILTER('2 серия'!$B$6:$C$15,'2 серия'!$B$6:$B$15=C11)), ) "),"") | V11: =IFERROR(__xludf.DUMMYFUNCTION("IFNA(SUM(FILTER('3 серия'!$B$6:$C$15,'3 серия'!$B$6:$B$15=C11)), ) "),"") | W11: =IFERROR(__xludf.DUMMYFUNCTION("IFNA(SUM(FILTER('4 серия'!$B$6:$C$15,'4 серия'!$B$6:$B$15=C11)), )"),"") | X11: =IFERROR(__xludf.DUMMYFUNCTION("IFNA(SUM(FILTER('5 серия'!$B$6:$C$15,'5 серия'!$B$6:$B$15=C11)), )"),"") | Y11: =IFERROR(__xludf.DUMMYFUNCTION("IFNA(SUM(FILTER('6 серия'!$B$6:$C$15,'6 серия'!$B$6:$B$15=C11)), )"),"") | Z11: =IFERROR(__xludf.DUMMYFUNCTION("IFNA(SUM(FILTER('7 серия'!$B$6:$C$15,'7 серия'!$B$6:$B$15=C11)), )"),"") | AA11: =IFERROR(__xludf.DUMMYFUNCTION("IFNA(SUM(FILTER('8 серия'!$B$6:$C$15,'8 серия'!$B$6:$B$15=C11)), )"),"") | AB11: =IFERROR(__xludf.DUMMYFUNCTION("IFNA(SUM(FILTER('9 серия'!$B$7:$C$16,'9 серия'!$B$7:$B$16=C11)), )"),"") | AC11: =IFERROR(__xludf.DUMMYFUNCTION("IFNA(SUM(FILTER('10 серия'!$B$6:$C$15,'10 серия'!$B$6:$B$15=C11)), )"),"") | AD11: =IFERROR(__xludf.DUMMYFUNCTION("IFNA(SUM(FILTER('11 серия'!$B$6:$C$15,'11 серия'!$B$6:$B$15=C11)), )"),"") | AE11: =IFERROR(__xludf.DUMMYFUNCTION("IFNA(SUM(FILTER('12 серия'!$B$6:$C$15,'12 серия'!$B$6:$B$15=C11)), )"),"") | AF11: =IFERROR(__xludf.DUMMYFUNCTION("IFNA(SUM(FILTER('13 серия'!$B$6:$C$15,'13 серия'!$B$6:$B$15=C11)), )"),"") | AG11: =IFERROR(__xludf.DUMMYFUNCTION("IFNA(SUM(FILTER('14 серия'!$B$6:$C$15,'14 серия'!$B$6:$B$15=C11)), )"),"") | AH11: =IFERROR(__xludf.DUMMYFUNCTION("IFNA(SUM(FILTER('15 серия'!$B$6:$C$15,'15 серия'!$B$6:$B$15=C11)), )"),"") | AI11: =IFERROR(__xludf.DUMMYFUNCTION("IFNA(SUM(FILTER('16 серия'!$B$6:$C$15,'16 серия'!$B$6:$B$15=C11)), )"),"") | AJ11: =IFERROR(__xludf.DUMMYFUNCTION("IFNA(SUM(FILTER('17 серия'!$B$6:$C$15,'17 серия'!$B$6:$B$15=C11)), )"),17.75) -> 17.75 | AK11: =IFERROR(__xludf.DUMMYFUNCTION("IFNA(SUM(FILTER('18 серия'!$B$6:$C$15,'18 серия'!$B$6:$B$15=C11)), )"),19.5) -> 19.5 | AL11: =IFERROR(__xludf.DUMMYFUNCTION("IFNA(SUM(FILTER('19 серия'!$B$6:$C$15,'19 серия'!$B$6:$B$15=C11)), )"),11.25) -> 11.25 | AM11: =IFERROR(__xludf.DUMMYFUNCTION("IFNA(SUM(FILTER('20 серия'!$B$6:$C$15,'20 серия'!$B$6:$B$15=C11)), )"),23.0) -> 23 | AN11: =IFERROR(__xludf.DUMMYFUNCTION("IFNA(SUM(FILTER('21 серия'!$B$6:$C$15,'21 серия'!$B$6:$B$15=C11)), )"),"") | AO11: =IFERROR(__xludf.DUMMYFUNCTION("IFNA(SUM(FILTER('22 серия'!$B$6:$C$15,'22 серия'!$B$6:$B$15=C11)), )"),"") | AP11: =IFERROR(__xludf.DUMMYFUNCTION("IFNA(SUM(FILTER('23 серия'!$B$6:$C$15,'23 серия'!$B$6:$B$15=C11)), )"),"") | AQ11: =IFERROR(__xludf.DUMMYFUNCTION("IFNA(SUM(FILTER('24 серия'!$B$6:$C$15,'24 серия'!$B$6:$B$15=C11)), )"),"") | AR11: =IFERROR(__xludf.DUMMYFUNCTION("IFNA(SUM(FILTER('25 серия'!$B$6:$C$15,'25 серия'!$B$6:$B$15=C11)), )"),"") | AS11: =IFERROR(__xludf.DUMMYFUNCTION("IFNA(SUM(FILTER('26 серия'!$B$6:$C$15,'26 серия'!$B$6:$B$15=C11)), )"),"") | AT11: =IFERROR(__xludf.DUMMYFUNCTION("IFNA(SUM(FILTER('27 серия'!$B$6:$C$15,'27 серия'!$B$6:$B$15=C11)), )"),"") | AU11: =IFERROR(__xludf.DUMMYFUNCTION("IFNA(SUM(FILTER('28 серия'!$B$6:$C$15,'28 серия'!$B$6:$B$15=C11)), )"),"") | AV11: =IFERROR(__xludf.DUMMYFUNCTION("IFNA(SUM(FILTER('29 серия'!$B$6:$C$15,'29 серия'!$B$6:$B$15=C11)), )"),"") | AW11: =IFERROR(__xludf.DUMMYFUNCTION("IFNA(SUM(FILTER('30 серия'!$B$6:$C$15,'30 серия'!$B$6:$B$15=C11)), )"),"") | AX11: =IFERROR(__xludf.DUMMYFUNCTION("IFNA(SUM(FILTER('31 серия'!$B$6:$C$15,'31 серия'!$B$6:$B$15=C11)), )"),"") | AY11: =IFERROR(__xludf.DUMMYFUNCTION("IFNA(SUM(FILTER('32 серия'!$B$6:$C$15,'32 серия'!$B$6:$B$15=C11)), )"),"") | AZ11: =IFERROR(__xludf.DUMMYFUNCTION("IFNA(SUM(FILTER('33 серия'!$B$6:$C$15,'33 серия'!$B$6:$B$15=C11)), )"),"") | BA11: =IFERROR(__xludf.DUMMYFUNCTION("IFNA(SUM(FILTER('34 серия'!$B$6:$C$15,'34 серия'!$B$6:$B$15=C11)), )"),"") | BB11: =IFERROR(__xludf.DUMMYFUNCTION("IFNA(SUM(FILTER('35 серия'!$B$6:$C$15,'35 серия'!$B$6:$B$15=C11)), )"),"") | BC11: =IFERROR(__xludf.DUMMYFUNCTION("IFNA(SUM(FILTER('36 серия'!$B$6:$C$15,'36 серия'!$B$6:$B$15=C11)), )"),"") | BD11: =IFERROR(__xludf.DUMMYFUNCTION("IFNA(SUM(FILTER('37 серия'!$B$6:$C$15,'37 серия'!$B$6:$B$15=C11)), )"),"") | BE11: =IFERROR(__xludf.DUMMYFUNCTION("IFNA(SUM(FILTER('38 серия'!$B$6:$C$15,'38 серия'!$B$6:$B$15=C11)), )"),"") | BF11: =IFERROR(__xludf.DUMMYFUNCTION("IFNA(SUM(FILTER('39 серия'!$B$6:$C$15,'39 серия'!$B$6:$B$15=C11)), )"),"") | BG11: =IFERROR(__xludf.DUMMYFUNCTION("IFNA(SUM(FILTER('40 серия'!$B$6:$C$15,'40 серия'!$B$6:$B$15=C11)), )"),"") | BH11: =IFERROR(__xludf.DUMMYFUNCTION("IFNA(SUM(FILTER('41 серия'!$B$6:$C$15,'41 серия'!$B$6:$B$15=C11)), )"),"") | BI11: =IFERROR(__xludf.DUMMYFUNCTION("IFNA(SUM(FILTER('42 серия'!$B$6:$C$15,'42 серия'!$B$6:$B$15=C11)), )"),"") | BJ11: =IFERROR(__xludf.DUMMYFUNCTION("IFNA(SUM(FILTER('43 серия'!$B$6:$C$15,'43 серия'!$B$6:$B$15=C11)), )"),"") | BK11: =IFERROR(__xludf.DUMMYFUNCTION("IFNA(SUM(FILTER('44 серия'!$B$6:$C$15,'44 серия'!$B$6:$B$15=C11)), )"),"") | BL11: =IFERROR(__xludf.DUMMYFUNCTION("IFNA(SUM(FILTER('45 серия'!$B$6:$C$15,'45 серия'!$B$6:$B$15=C11)), )"),21.25) -> 21.25 | BM11: =IFERROR(__xludf.DUMMYFUNCTION("IFNA(SUM(FILTER('46 серия'!$B$6:$C$15,'46 серия'!$B$6:$B$15=C11)), )"),25.0) -> 25 | BN11: =IFERROR(__xludf.DUMMYFUNCTION("IFNA(SUM(FILTER('47 серия'!$B$6:$C$15,'47 серия'!$B$6:$B$15=C11)), )"),19.25) -> 19.25 | BO11: =IFERROR(__xludf.DUMMYFUNCTION("IFNA(SUM(FILTER('48 серия'!$B$6:$C$15,'48 серия'!$B$6:$B$15=$C11)), )"),"") | BP11: =IFERROR(__xludf.DUMMYFUNCTION("IFNA(SUM(FILTER('49 серия'!$B$6:$C$15,'49 серия'!$B$6:$B$15=$C11)), )"),"") | BQ11: =IFERROR(__xludf.DUMMYFUNCTION("IFNA(SUM(FILTER('50 серия'!$B$6:$C$15,'50 серия'!$B$6:$B$15=$C11)), )"),"") | BR11: =IFERROR(__xludf.DUMMYFUNCTION("IFNA(SUM(FILTER('51 серия'!$B$6:$C$15,'51 серия'!$B$6:$B$15=$C11)), )"),"") | BS11: =IFERROR(__xludf.DUMMYFUNCTION("IFNA(SUM(FILTER('52 серия'!$B$6:$C$15,'52 серия'!$B$6:$B$15=C11)), )"),"") | BT11: =IFERROR(__xludf.DUMMYFUNCTION("IFNA(SUM(FILTER('53 серия'!$B$6:$C$15,'53 серия'!$B$6:$B$15=$C11)), )"),"") | BU11: =IFERROR(__xludf.DUMMYFUNCTION("IFNA(SUM(FILTER('54 серия'!$B$6:$C$15,'54 серия'!$B$6:$B$15=$C11)), )"),17.25) -> 17.25 | BV11: =IFERROR(__xludf.DUMMYFUNCTION("IFNA(SUM(FILTER('55 серия'!$B$6:$C$15,'55 серия'!$B$6:$B$15=$C11)), )"),25.5) -> 25.5 | BW11: =IFERROR(__xludf.DUMMYFUNCTION("IFNA(SUM(FILTER('56 серия'!$B$6:$C$15,'56 серия'!$B$6:$B$15=$C11)), )"),26.25) -> 26.25 | BX11: =IFERROR(__xludf.DUMMYFUNCTION("IFNA(SUM(FILTER('57 серия'!$B$6:$C$15,'57 серия'!$B$6:$B$15=$C11)), )"),"") | BY11: =IFERROR(__xludf.DUMMYFUNCTION("IFNA(SUM(FILTER('58 серия'!$B$6:$C$15,'58 серия'!$B$6:$B$15=$C11)), )"),"") | BZ11: =IFERROR(__xludf.DUMMYFUNCTION("IFNA(SUM(FILTER('59 серия'!$B$6:$C$15,'59 серия'!$B$6:$B$15=C11)), )"),"") | CA11: =IFERROR(__xludf.DUMMYFUNCTION("IFNA(SUM(FILTER('60 серия'!$B$6:$C$15,'60 серия'!$B$6:$B$15=$C11)), )"),"")
B12: =ROW()-6 -> 6 | C12: Аш | D12: ='Игроки статистика'!B10 -> 50 | E12: =SUM(T12:CAZ12)-R12-S12 -> 194.75 | F12: =IFERROR((((E12)/D12)*5), ) -> 19.475 | G12: =IFERROR(((I12+J12+K12)/D12), ) -> 2.745 | H12: =SUMIFS('Все игры'!C$3:C1011,'Все игры'!A$3:A1011,C12) -> 57.5 | I12: =E12-H12-J12-K12 -> 135.75 | J12: =SUMIFS('Все игры'!F$3:F1011,'Все игры'!A$3:A1011,C12) -> 0.5 | K12: =SUMIFS('Все игры'!G$3:G1011,'Все игры'!A$3:A1011,C12) -> 1 | L12: ='Игроки статистика'!G10 -> 2 | M12: =H12/2.5 -> 23 | N12: =SUM('Игроки статистика'!O10,'Игроки статистика'!Q10) -> 5 | O12: =SUM('Игроки статистика'!P10,'Игроки статистика'!R10) -> 4 | P12: =IFERROR(__xludf.DUMMYFUNCTION("IFNA(SUM(FILTER('Штрафы'!$D$5:$D1011,'Штрафы'!$C$5:$C1011=C12)), )"),"") | Q12: =IFERROR(__xludf.DUMMYFUNCTION("IFNA(SUM(FILTER('Штрафы'!$F$5:$F1011,'Штрафы'!$C$5:$C1011=C12)), )"),"") | T12: =IFERROR(__xludf.DUMMYFUNCTION("IFNA(SUM(FILTER('1 серия'!$B$6:$C$15,'1 серия'!$B$6:$B$15=C12)), )"),"") | U12: =IFERROR(__xludf.DUMMYFUNCTION("IFNA(SUM(FILTER('2 серия'!$B$6:$C$15,'2 серия'!$B$6:$B$15=C12)), ) "),"") | V12: =IFERROR(__xludf.DUMMYFUNCTION("IFNA(SUM(FILTER('3 серия'!$B$6:$C$15,'3 серия'!$B$6:$B$15=C12)), ) "),"") | W12: =IFERROR(__xludf.DUMMYFUNCTION("IFNA(SUM(FILTER('4 серия'!$B$6:$C$15,'4 серия'!$B$6:$B$15=C12)), )"),"") | X12: =IFERROR(__xludf.DUMMYFUNCTION("IFNA(SUM(FILTER('5 серия'!$B$6:$C$15,'5 серия'!$B$6:$B$15=C12)), )"),"") | Y12: =IFERROR(__xludf.DUMMYFUNCTION("IFNA(SUM(FILTER('6 серия'!$B$6:$C$15,'6 серия'!$B$6:$B$15=C12)), )"),"") | Z12: =IFERROR(__xludf.DUMMYFUNCTION("IFNA(SUM(FILTER('7 серия'!$B$6:$C$15,'7 серия'!$B$6:$B$15=C12)), )"),"") | AA12: =IFERROR(__xludf.DUMMYFUNCTION("IFNA(SUM(FILTER('8 серия'!$B$6:$C$15,'8 серия'!$B$6:$B$15=C12)), )"),"") | AB12: =IFERROR(__xludf.DUMMYFUNCTION("IFNA(SUM(FILTER('9 серия'!$B$7:$C$16,'9 серия'!$B$7:$B$16=C12)), )"),"") | AC12: =IFERROR(__xludf.DUMMYFUNCTION("IFNA(SUM(FILTER('10 серия'!$B$6:$C$15,'10 серия'!$B$6:$B$15=C12)), )"),"") | AD12: =IFERROR(__xludf.DUMMYFUNCTION("IFNA(SUM(FILTER('11 серия'!$B$6:$C$15,'11 серия'!$B$6:$B$15=C12)), )"),"") | AE12: =IFERROR(__xludf.DUMMYFUNCTION("IFNA(SUM(FILTER('12 серия'!$B$6:$C$15,'12 серия'!$B$6:$B$15=C12)), )"),"") | AF12: =IFERROR(__xludf.DUMMYFUNCTION("IFNA(SUM(FILTER('13 серия'!$B$6:$C$15,'13 серия'!$B$6:$B$15=C12)), )"),"") | AG12: =IFERROR(__xludf.DUMMYFUNCTION("IFNA(SUM(FILTER('14 серия'!$B$6:$C$15,'14 серия'!$B$6:$B$15=C12)), )"),"") | AH12: =IFERROR(__xludf.DUMMYFUNCTION("IFNA(SUM(FILTER('15 серия'!$B$6:$C$15,'15 серия'!$B$6:$B$15=C12)), )"),"") | AI12: =IFERROR(__xludf.DUMMYFUNCTION("IFNA(SUM(FILTER('16 серия'!$B$6:$C$15,'16 серия'!$B$6:$B$15=C12)), )"),"") | AJ12: =IFERROR(__xludf.DUMMYFUNCTION("IFNA(SUM(FILTER('17 серия'!$B$6:$C$15,'17 серия'!$B$6:$B$15=C12)), )"),17.75) -> 17.75 | AK12: =IFERROR(__xludf.DUMMYFUNCTION("IFNA(SUM(FILTER('18 серия'!$B$6:$C$15,'18 серия'!$B$6:$B$15=C12)), )"),23.25) -> 23.25 | AL12: =IFERROR(__xludf.DUMMYFUNCTION("IFNA(SUM(FILTER('19 серия'!$B$6:$C$15,'19 серия'!$B$6:$B$15=C12)), )"),19.5) -> 19.5 | AM12: =IFERROR(__xludf.DUMMYFUNCTION("IFNA(SUM(FILTER('20 серия'!$B$6:$C$15,'20 серия'!$B$6:$B$15=C12)), )"),"") | AN12: =IFERROR(__xludf.DUMMYFUNCTION("IFNA(SUM(FILTER('21 серия'!$B$6:$C$15,'21 серия'!$B$6:$B$15=C12)), )"),"") | AO12: =IFERROR(__xludf.DUMMYFUNCTION("IFNA(SUM(FILTER('22 серия'!$B$6:$C$15,'22 серия'!$B$6:$B$15=C12)), )"),"") | AP12: =IFERROR(__xludf.DUMMYFUNCTION("IFNA(SUM(FILTER('23 серия'!$B$6:$C$15,'23 серия'!$B$6:$B$15=C12)), )"),"") | AQ12: =IFERROR(__xludf.DUMMYFUNCTION("IFNA(SUM(FILTER('24 серия'!$B$6:$C$15,'24 серия'!$B$6:$B$15=C12)), )"),"") | AR12: =IFERROR(__xludf.DUMMYFUNCTION("IFNA(SUM(FILTER('25 серия'!$B$6:$C$15,'25 серия'!$B$6:$B$15=C12)), )"),"") | AS12: =IFERROR(__xludf.DUMMYFUNCTION("IFNA(SUM(FILTER('26 серия'!$B$6:$C$15,'26 серия'!$B$6:$B$15=C12)), )"),"") | AT12: =IFERROR(__xludf.DUMMYFUNCTION("IFNA(SUM(FILTER('27 серия'!$B$6:$C$15,'27 серия'!$B$6:$B$15=C12)), )"),"") | AU12: =IFERROR(__xludf.DUMMYFUNCTION("IFNA(SUM(FILTER('28 серия'!$B$6:$C$15,'28 серия'!$B$6:$B$15=C12)), )"),21.0) -> 21 | AV12: =IFERROR(__xludf.DUMMYFUNCTION("IFNA(SUM(FILTER('29 серия'!$B$6:$C$15,'29 серия'!$B$6:$B$15=C12)), )"),27.0) -> 27 | AW12: =IFERROR(__xludf.DUMMYFUNCTION("IFNA(SUM(FILTER('30 серия'!$B$6:$C$15,'30 серия'!$B$6:$B$15=C12)), )"),17.25) -> 17.25 | AX12: =IFERROR(__xludf.DUMMYFUNCTION("IFNA(SUM(FILTER('31 серия'!$B$6:$C$15,'31 серия'!$B$6:$B$15=C12)), )"),"") | AY12: =IFERROR(__xludf.DUMMYFUNCTION("IFNA(SUM(FILTER('32 серия'!$B$6:$C$15,'32 серия'!$B$6:$B$15=C12)), )"),"") | AZ12: =IFERROR(__xludf.DUMMYFUNCTION("IFNA(SUM(FILTER('33 серия'!$B$6:$C$15,'33 серия'!$B$6:$B$15=C12)), )"),"") | BA12: =IFERROR(__xludf.DUMMYFUNCTION("IFNA(SUM(FILTER('34 серия'!$B$6:$C$15,'34 серия'!$B$6:$B$15=C12)), )"),"") | BB12: =IFERROR(__xludf.DUMMYFUNCTION("IFNA(SUM(FILTER('35 серия'!$B$6:$C$15,'35 серия'!$B$6:$B$15=C12)), )"),"") | BC12: =IFERROR(__xludf.DUMMYFUNCTION("IFNA(SUM(FILTER('36 серия'!$B$6:$C$15,'36 серия'!$B$6:$B$15=C12)), )"),"") | BD12: =IFERROR(__xludf.DUMMYFUNCTION("IFNA(SUM(FILTER('37 серия'!$B$6:$C$15,'37 серия'!$B$6:$B$15=C12)), )"),"") | BE12: =IFERROR(__xludf.DUMMYFUNCTION("IFNA(SUM(FILTER('38 серия'!$B$6:$C$15,'38 серия'!$B$6:$B$15=C12)), )"),17.75) -> 17.75 | BF12: =IFERROR(__xludf.DUMMYFUNCTION("IFNA(SUM(FILTER('39 серия'!$B$6:$C$15,'39 серия'!$B$6:$B$15=C12)), )"),15.75) -> 15.75 | BG12: =IFERROR(__xludf.DUMMYFUNCTION("IFNA(SUM(FILTER('40 серия'!$B$6:$C$15,'40 серия'!$B$6:$B$15=C12)), )"),13.75) -> 13.75 | BH12: =IFERROR(__xludf.DUMMYFUNCTION("IFNA(SUM(FILTER('41 серия'!$B$6:$C$15,'41 серия'!$B$6:$B$15=C12)), )"),21.75) -> 21.75 | BI12: =IFERROR(__xludf.DUMMYFUNCTION("IFNA(SUM(FILTER('42 серия'!$B$6:$C$15,'42 серия'!$B$6:$B$15=C12)), )"),"") | BJ12: =IFERROR(__xludf.DUMMYFUNCTION("IFNA(SUM(FILTER('43 серия'!$B$6:$C$15,'43 серия'!$B$6:$B$15=C12)), )"),"") | BK12: =IFERROR(__xludf.DUMMYFUNCTION("IFNA(SUM(FILTER('44 серия'!$B$6:$C$15,'44 серия'!$B$6:$B$15=C12)), )"),"") | BL12: =IFERROR(__xludf.DUMMYFUNCTION("IFNA(SUM(FILTER('45 серия'!$B$6:$C$15,'45 серия'!$B$6:$B$15=C12)), )"),"") | BM12: =IFERROR(__xludf.DUMMYFUNCTION("IFNA(SUM(FILTER('46 серия'!$B$6:$C$15,'46 серия'!$B$6:$B$15=C12)), )"),"") | BN12: =IFERROR(__xludf.DUMMYFUNCTION("IFNA(SUM(FILTER('47 серия'!$B$6:$C$15,'47 серия'!$B$6:$B$15=C12)), )"),"") | BO12: =IFERROR(__xludf.DUMMYFUNCTION("IFNA(SUM(FILTER('48 серия'!$B$6:$C$15,'48 серия'!$B$6:$B$15=$C12)), )"),"") | BP12: =IFERROR(__xludf.DUMMYFUNCTION("IFNA(SUM(FILTER('49 серия'!$B$6:$C$15,'49 серия'!$B$6:$B$15=$C12)), )"),"") | BQ12: =IFERROR(__xludf.DUMMYFUNCTION("IFNA(SUM(FILTER('50 серия'!$B$6:$C$15,'50 серия'!$B$6:$B$15=$C12)), )"),"") | BR12: =IFERROR(__xludf.DUMMYFUNCTION("IFNA(SUM(FILTER('51 серия'!$B$6:$C$15,'51 серия'!$B$6:$B$15=$C12)), )"),"") | BS12: =IFERROR(__xludf.DUMMYFUNCTION("IFNA(SUM(FILTER('52 серия'!$B$6:$C$15,'52 серия'!$B$6:$B$15=C12)), )"),"") | BT12: =IFERROR(__xludf.DUMMYFUNCTION("IFNA(SUM(FILTER('53 серия'!$B$6:$C$15,'53 серия'!$B$6:$B$15=$C12)), )"),"") | BU12: =IFERROR(__xludf.DUMMYFUNCTION("IFNA(SUM(FILTER('54 серия'!$B$6:$C$15,'54 серия'!$B$6:$B$15=$C12)), )"),"") | BV12: =IFERROR(__xludf.DUMMYFUNCTION("IFNA(SUM(FILTER('55 серия'!$B$6:$C$15,'55 серия'!$B$6:$B$15=$C12)), )"),"") | BW12: =IFERROR(__xludf.DUMMYFUNCTION("IFNA(SUM(FILTER('56 серия'!$B$6:$C$15,'56 серия'!$B$6:$B$15=$C12)), )"),"") | BX12: =IFERROR(__xludf.DUMMYFUNCTION("IFNA(SUM(FILTER('57 серия'!$B$6:$C$15,'57 серия'!$B$6:$B$15=$C12)), )"),"") | BY12: =IFERROR(__xludf.DUMMYFUNCTION("IFNA(SUM(FILTER('58 серия'!$B$6:$C$15,'58 серия'!$B$6:$B$15=$C12)), )"),"") | BZ12: =IFERROR(__xludf.DUMMYFUNCTION("IFNA(SUM(FILTER('59 серия'!$B$6:$C$15,'59 серия'!$B$6:$B$15=C12)), )"),"") | CA12: =IFERROR(__xludf.DUMMYFUNCTION("IFNA(SUM(FILTER('60 серия'!$B$6:$C$15,'60 серия'!$B$6:$B$15=$C12)), )"),"")
B13: =ROW()-6 -> 7 | C13: Бамблби | D13: ='Игроки статистика'!B11 -> 50 | E13: =SUM(T13:CAZ13)-R13-S13 -> 162.5 | F13: =IFERROR((((E13)/D13)*5), ) -> 16.25 | G13: =IFERROR(((I13+J13+K13)/D13), ) -> 2.5 | H13: =SUMIFS('Все игры'!C$3:C1011,'Все игры'!A$3:A1011,C13) -> 37.5 | I13: =E13-H13-J13-K13 -> 122.5 | J13: =SUMIFS('Все игры'!F$3:F1011,'Все игры'!A$3:A1011,C13) -> 1 | K13: =SUMIFS('Все игры'!G$3:G1011,'Все игры'!A$3:A1011,C13) -> 1.5 | L13: ='Игроки статистика'!G11 -> 3 | M13: =H13/2.5 -> 15 | N13: =SUM('Игроки статистика'!O11,'Игроки статистика'!Q11) -> 4 | O13: =SUM('Игроки статистика'!P11,'Игроки статистика'!R11) -> 6 | P13: =IFERROR(__xludf.DUMMYFUNCTION("IFNA(SUM(FILTER('Штрафы'!$D$5:$D1011,'Штрафы'!$C$5:$C1011=C13)), )"),"") | Q13: =IFERROR(__xludf.DUMMYFUNCTION("IFNA(SUM(FILTER('Штрафы'!$F$5:$F1011,'Штрафы'!$C$5:$C1011=C13)), )"),"") | T13: =IFERROR(__xludf.DUMMYFUNCTION("IFNA(SUM(FILTER('1 серия'!$B$6:$C$15,'1 серия'!$B$6:$B$15=C13)), )"),"") | U13: =IFERROR(__xludf.DUMMYFUNCTION("IFNA(SUM(FILTER('2 серия'!$B$6:$C$15,'2 серия'!$B$6:$B$15=C13)), ) "),14.25) -> 14.25 | V13: =IFERROR(__xludf.DUMMYFUNCTION("IFNA(SUM(FILTER('3 серия'!$B$6:$C$15,'3 серия'!$B$6:$B$15=C13)), ) "),"") | W13: =IFERROR(__xludf.DUMMYFUNCTION("IFNA(SUM(FILTER('4 серия'!$B$6:$C$15,'4 серия'!$B$6:$B$15=C13)), )"),16.5) -> 16.5 | X13: =IFERROR(__xludf.DUMMYFUNCTION("IFNA(SUM(FILTER('5 серия'!$B$6:$C$15,'5 серия'!$B$6:$B$15=C13)), )"),"") | Y13: =IFERROR(__xludf.DUMMYFUNCTION("IFNA(SUM(FILTER('6 серия'!$B$6:$C$15,'6 серия'!$B$6:$B$15=C13)), )"),15.75) -> 15.75 | Z13: =IFERROR(__xludf.DUMMYFUNCTION("IFNA(SUM(FILTER('7 серия'!$B$6:$C$15,'7 серия'!$B$6:$B$15=C13)), )"),"") | AA13: =IFERROR(__xludf.DUMMYFUNCTION("IFNA(SUM(FILTER('8 серия'!$B$6:$C$15,'8 серия'!$B$6:$B$15=C13)), )"),"") | AB13: =IFERROR(__xludf.DUMMYFUNCTION("IFNA(SUM(FILTER('9 серия'!$B$7:$C$16,'9 серия'!$B$7:$B$16=C13)), )"),"") | AC13: =IFERROR(__xludf.DUMMYFUNCTION("IFNA(SUM(FILTER('10 серия'!$B$6:$C$15,'10 серия'!$B$6:$B$15=C13)), )"),15.75) -> 15.75 | AD13: =IFERROR(__xludf.DUMMYFUNCTION("IFNA(SUM(FILTER('11 серия'!$B$6:$C$15,'11 серия'!$B$6:$B$15=C13)), )"),"") | AE13: =IFERROR(__xludf.DUMMYFUNCTION("IFNA(SUM(FILTER('12 серия'!$B$6:$C$15,'12 серия'!$B$6:$B$15=C13)), )"),"") | AF13: =IFERROR(__xludf.DUMMYFUNCTION("IFNA(SUM(FILTER('13 серия'!$B$6:$C$15,'13 серия'!$B$6:$B$15=C13)), )"),"") | AG13: =IFERROR(__xludf.DUMMYFUNCTION("IFNA(SUM(FILTER('14 серия'!$B$6:$C$15,'14 серия'!$B$6:$B$15=C13)), )"),"") | AH13: =IFERROR(__xludf.DUMMYFUNCTION("IFNA(SUM(FILTER('15 серия'!$B$6:$C$15,'15 серия'!$B$6:$B$15=C13)), )"),"") | AI13: =IFERROR(__xludf.DUMMYFUNCTION("IFNA(SUM(FILTER('16 серия'!$B$6:$C$15,'16 серия'!$B$6:$B$15=C13)), )"),"") | AJ13: =IFERROR(__xludf.DUMMYFUNCTION("IFNA(SUM(FILTER('17 серия'!$B$6:$C$15,'17 серия'!$B$6:$B$15=C13)), )"),"") | AK13: =IFERROR(__xludf.DUMMYFUNCTION("IFNA(SUM(FILTER('18 серия'!$B$6:$C$15,'18 серия'!$B$6:$B$15=C13)), )"),"") | AL13: =IFERROR(__xludf.DUMMYFUNCTION("IFNA(SUM(FILTER('19 серия'!$B$6:$C$15,'19 серия'!$B$6:$B$15=C13)), )"),"") | AM13: =IFERROR(__xludf.DUMMYFUNCTION("IFNA(SUM(FILTER('20 серия'!$B$6:$C$15,'20 серия'!$B$6:$B$15=C13)), )"),"") | AN13: =IFERROR(__xludf.DUMMYFUNCTION("IFNA(SUM(FILTER('21 серия'!$B$6:$C$15,'21 серия'!$B$6:$B$15=C13)), )"),"") | AO13: =IFERROR(__xludf.DUMMYFUNCTION("IFNA(SUM(FILTER('22 серия'!$B$6:$C$15,'22 серия'!$B$6:$B$15=C13)), )"),14.25) -> 14.25 | AP13: =IFERROR(__xludf.DUMMYFUNCTION("IFNA(SUM(FILTER('23 серия'!$B$6:$C$15,'23 серия'!$B$6:$B$15=C13)), )"),"") | AQ13: =IFERROR(__xludf.DUMMYFUNCTION("IFNA(SUM(FILTER('24 серия'!$B$6:$C$15,'24 серия'!$B$6:$B$15=C13)), )"),"") | AR13: =IFERROR(__xludf.DUMMYFUNCTION("IFNA(SUM(FILTER('25 серия'!$B$6:$C$15,'25 серия'!$B$6:$B$15=C13)), )"),"") | AS13: =IFERROR(__xludf.DUMMYFUNCTION("IFNA(SUM(FILTER('26 серия'!$B$6:$C$15,'26 серия'!$B$6:$B$15=C13)), )"),"") | AT13: =IFERROR(__xludf.DUMMYFUNCTION("IFNA(SUM(FILTER('27 серия'!$B$6:$C$15,'27 серия'!$B$6:$B$15=C13)), )"),"") | AU13: =IFERROR(__xludf.DUMMYFUNCTION("IFNA(SUM(FILTER('28 серия'!$B$6:$C$15,'28 серия'!$B$6:$B$15=C13)), )"),19.25) -> 19.25 | AV13: =IFERROR(__xludf.DUMMYFUNCTION("IFNA(SUM(FILTER('29 серия'!$B$6:$C$15,'29 серия'!$B$6:$B$15=C13)), )"),"") | AW13: =IFERROR(__xludf.DUMMYFUNCTION("IFNA(SUM(FILTER('30 серия'!$B$6:$C$15,'30 серия'!$B$6:$B$15=C13)), )"),"") | AX13: =IFERROR(__xludf.DUMMYFUNCTION("IFNA(SUM(FILTER('31 серия'!$B$6:$C$15,'31 серия'!$B$6:$B$15=C13)), )"),"") | AY13: =IFERROR(__xludf.DUMMYFUNCTION("IFNA(SUM(FILTER('32 серия'!$B$6:$C$15,'32 серия'!$B$6:$B$15=C13)), )"),"") | AZ13: =IFERROR(__xludf.DUMMYFUNCTION("IFNA(SUM(FILTER('33 серия'!$B$6:$C$15,'33 серия'!$B$6:$B$15=C13)), )"),"") | BA13: =IFERROR(__xludf.DUMMYFUNCTION("IFNA(SUM(FILTER('34 серия'!$B$6:$C$15,'34 серия'!$B$6:$B$15=C13)), )"),"") | BB13: =IFERROR(__xludf.DUMMYFUNCTION("IFNA(SUM(FILTER('35 серия'!$B$6:$C$15,'35 серия'!$B$6:$B$15=C13)), )"),"") | BC13: =IFERROR(__xludf.DUMMYFUNCTION("IFNA(SUM(FILTER('36 серия'!$B$6:$C$15,'36 серия'!$B$6:$B$15=C13)), )"),23.25) -> 23.25 | BD13: =IFERROR(__xludf.DUMMYFUNCTION("IFNA(SUM(FILTER('37 серия'!$B$6:$C$15,'37 серия'!$B$6:$B$15=C13)), )"),"") | BE13: =IFERROR(__xludf.DUMMYFUNCTION("IFNA(SUM(FILTER('38 серия'!$B$6:$C$15,'38 серия'!$B$6:$B$15=C13)), )"),"") | BF13: =IFERROR(__xludf.DUMMYFUNCTION("IFNA(SUM(FILTER('39 серия'!$B$6:$C$15,'39 серия'!$B$6:$B$15=C13)), )"),"") | BG13: =IFERROR(__xludf.DUMMYFUNCTION("IFNA(SUM(FILTER('40 серия'!$B$6:$C$15,'40 серия'!$B$6:$B$15=C13)), )"),13.75) -> 13.75 | BH13: =IFERROR(__xludf.DUMMYFUNCTION("IFNA(SUM(FILTER('41 серия'!$B$6:$C$15,'41 серия'!$B$6:$B$15=C13)), )"),"") | BI13: =IFERROR(__xludf.DUMMYFUNCTION("IFNA(SUM(FILTER('42 серия'!$B$6:$C$15,'42 серия'!$B$6:$B$15=C13)), )"),"") | BJ13: =IFERROR(__xludf.DUMMYFUNCTION("IFNA(SUM(FILTER('43 серия'!$B$6:$C$15,'43 серия'!$B$6:$B$15=C13)), )"),"") | BK13: =IFERROR(__xludf.DUMMYFUNCTION("IFNA(SUM(FILTER('44 серия'!$B$6:$C$15,'44 серия'!$B$6:$B$15=C13)), )"),"") | BL13: =IFERROR(__xludf.DUMMYFUNCTION("IFNA(SUM(FILTER('45 серия'!$B$6:$C$15,'45 серия'!$B$6:$B$15=C13)), )"),"") | BM13: =IFERROR(__xludf.DUMMYFUNCTION("IFNA(SUM(FILTER('46 серия'!$B$6:$C$15,'46 серия'!$B$6:$B$15=C13)), )"),"") | BN13: =IFERROR(__xludf.DUMMYFUNCTION("IFNA(SUM(FILTER('47 серия'!$B$6:$C$15,'47 серия'!$B$6:$B$15=C13)), )"),"") | BO13: =IFERROR(__xludf.DUMMYFUNCTION("IFNA(SUM(FILTER('48 серия'!$B$6:$C$15,'48 серия'!$B$6:$B$15=$C13)), )"),"") | BP13: =IFERROR(__xludf.DUMMYFUNCTION("IFNA(SUM(FILTER('49 серия'!$B$6:$C$15,'49 серия'!$B$6:$B$15=$C13)), )"),"") | BQ13: =IFERROR(__xludf.DUMMYFUNCTION("IFNA(SUM(FILTER('50 серия'!$B$6:$C$15,'50 серия'!$B$6:$B$15=$C13)), )"),"") | BR13: =IFERROR(__xludf.DUMMYFUNCTION("IFNA(SUM(FILTER('51 серия'!$B$6:$C$15,'51 серия'!$B$6:$B$15=$C13)), )"),"") | BS13: =IFERROR(__xludf.DUMMYFUNCTION("IFNA(SUM(FILTER('52 серия'!$B$6:$C$15,'52 серия'!$B$6:$B$15=C13)), )"),"") | BT13: =IFERROR(__xludf.DUMMYFUNCTION("IFNA(SUM(FILTER('53 серия'!$B$6:$C$15,'53 серия'!$B$6:$B$15=$C13)), )"),"") | BU13: =IFERROR(__xludf.DUMMYFUNCTION("IFNA(SUM(FILTER('54 серия'!$B$6:$C$15,'54 серия'!$B$6:$B$15=$C13)), )"),"") | BV13: =IFERROR(__xludf.DUMMYFUNCTION("IFNA(SUM(FILTER('55 серия'!$B$6:$C$15,'55 серия'!$B$6:$B$15=$C13)), )"),"") | BW13: =IFERROR(__xludf.DUMMYFUNCTION("IFNA(SUM(FILTER('56 серия'!$B$6:$C$15,'56 серия'!$B$6:$B$15=$C13)), )"),"") | BX13: =IFERROR(__xludf.DUMMYFUNCTION("IFNA(SUM(FILTER('57 серия'!$B$6:$C$15,'57 серия'!$B$6:$B$15=$C13)), )"),14.0) -> 14 | BY13: =IFERROR(__xludf.DUMMYFUNCTION("IFNA(SUM(FILTER('58 серия'!$B$6:$C$15,'58 серия'!$B$6:$B$15=$C13)), )"),"") | BZ13: =IFERROR(__xludf.DUMMYFUNCTION("IFNA(SUM(FILTER('59 серия'!$B$6:$C$15,'59 серия'!$B$6:$B$15=C13)), )"),15.75) -> 15.75 | CA13: =IFERROR(__xludf.DUMMYFUNCTION("IFNA(SUM(FILTER('60 серия'!$B$6:$C$15,'60 серия'!$B$6:$B$15=$C13)), )"),"")
B14: =ROW()-6 -> 8 | C14: Волга | D14: ='Игроки статистика'!B12 -> 50 | E14: =SUM(T14:CAZ14)-R14-S14 -> 189.25 | F14: =IFERROR((((E14)/D14)*5), ) -> 18.925 | G14: =IFERROR(((I14+J14+K14)/D14), ) -> 2.535 | H14: =SUMIFS('Все игры'!C$3:C1011,'Все игры'!A$3:A1011,C14) -> 62.5 | I14: =E14-H14-J14-K14 -> 125.25 | J14: =SUMIFS('Все игры'!F$3:F1011,'Все игры'!A$3:A1011,C14) -> 0 | K14: =SUMIFS('Все игры'!G$3:G1011,'Все игры'!A$3:A1011,C14) -> 1.5 | L14: ='Игроки статистика'!G12 -> 3 | M14: =H14/2.5 -> 25 | N14: =SUM('Игроки статистика'!O12,'Игроки статистика'!Q12) -> 8 | O14: =SUM('Игроки статистика'!P12,'Игроки статистика'!R12) -> 6 | P14: =IFERROR(__xludf.DUMMYFUNCTION("IFNA(SUM(FILTER('Штрафы'!$D$5:$D1011,'Штрафы'!$C$5:$C1011=C14)), )"),"") | Q14: =IFERROR(__xludf.DUMMYFUNCTION("IFNA(SUM(FILTER('Штрафы'!$F$5:$F1011,'Штрафы'!$C$5:$C1011=C14)), )"),"") | T14: =IFERROR(__xludf.DUMMYFUNCTION("IFNA(SUM(FILTER('1 серия'!$B$6:$C$15,'1 серия'!$B$6:$B$15=C14)), )"),"") | U14: =IFERROR(__xludf.DUMMYFUNCTION("IFNA(SUM(FILTER('2 серия'!$B$6:$C$15,'2 серия'!$B$6:$B$15=C14)), ) "),"") | V14: =IFERROR(__xludf.DUMMYFUNCTION("IFNA(SUM(FILTER('3 серия'!$B$6:$C$15,'3 серия'!$B$6:$B$15=C14)), ) "),"") | W14: =IFERROR(__xludf.DUMMYFUNCTION("IFNA(SUM(FILTER('4 серия'!$B$6:$C$15,'4 серия'!$B$6:$B$15=C14)), )"),"") | X14: =IFERROR(__xludf.DUMMYFUNCTION("IFNA(SUM(FILTER('5 серия'!$B$6:$C$15,'5 серия'!$B$6:$B$15=C14)), )"),21.75) -> 21.75 | Y14: =IFERROR(__xludf.DUMMYFUNCTION("IFNA(SUM(FILTER('6 серия'!$B$6:$C$15,'6 серия'!$B$6:$B$15=C14)), )"),19.5) -> 19.5 | Z14: =IFERROR(__xludf.DUMMYFUNCTION("IFNA(SUM(FILTER('7 серия'!$B$6:$C$15,'7 серия'!$B$6:$B$15=C14)), )"),"") | AA14: =IFERROR(__xludf.DUMMYFUNCTION("IFNA(SUM(FILTER('8 серия'!$B$6:$C$15,'8 серия'!$B$6:$B$15=C14)), )"),"") | AB14: =IFERROR(__xludf.DUMMYFUNCTION("IFNA(SUM(FILTER('9 серия'!$B$7:$C$16,'9 серия'!$B$7:$B$16=C14)), )"),"") | AC14: =IFERROR(__xludf.DUMMYFUNCTION("IFNA(SUM(FILTER('10 серия'!$B$6:$C$15,'10 серия'!$B$6:$B$15=C14)), )"),"") | AD14: =IFERROR(__xludf.DUMMYFUNCTION("IFNA(SUM(FILTER('11 серия'!$B$6:$C$15,'11 серия'!$B$6:$B$15=C14)), )"),"") | AE14: =IFERROR(__xludf.DUMMYFUNCTION("IFNA(SUM(FILTER('12 серия'!$B$6:$C$15,'12 серия'!$B$6:$B$15=C14)), )"),12.0) -> 12 | AF14: =IFERROR(__xludf.DUMMYFUNCTION("IFNA(SUM(FILTER('13 серия'!$B$6:$C$15,'13 серия'!$B$6:$B$15=C14)), )"),"") | AG14: =IFERROR(__xludf.DUMMYFUNCTION("IFNA(SUM(FILTER('14 серия'!$B$6:$C$15,'14 серия'!$B$6:$B$15=C14)), )"),"") | AH14: =IFERROR(__xludf.DUMMYFUNCTION("IFNA(SUM(FILTER('15 серия'!$B$6:$C$15,'15 серия'!$B$6:$B$15=C14)), )"),"") | AI14: =IFERROR(__xludf.DUMMYFUNCTION("IFNA(SUM(FILTER('16 серия'!$B$6:$C$15,'16 серия'!$B$6:$B$15=C14)), )"),"") | AJ14: =IFERROR(__xludf.DUMMYFUNCTION("IFNA(SUM(FILTER('17 серия'!$B$6:$C$15,'17 серия'!$B$6:$B$15=C14)), )"),"") | AK14: =IFERROR(__xludf.DUMMYFUNCTION("IFNA(SUM(FILTER('18 серия'!$B$6:$C$15,'18 серия'!$B$6:$B$15=C14)), )"),21.75) -> 21.75 | AL14: =IFERROR(__xludf.DUMMYFUNCTION("IFNA(SUM(FILTER('19 серия'!$B$6:$C$15,'19 серия'!$B$6:$B$15=C14)), )"),"") | AM14: =IFERROR(__xludf.DUMMYFUNCTION("IFNA(SUM(FILTER('20 серия'!$B$6:$C$15,'20 серия'!$B$6:$B$15=C14)), )"),"") | AN14: =IFERROR(__xludf.DUMMYFUNCTION("IFNA(SUM(FILTER('21 серия'!$B$6:$C$15,'21 серия'!$B$6:$B$15=C14)), )"),24.25) -> 24.25 | AO14: =IFERROR(__xludf.DUMMYFUNCTION("IFNA(SUM(FILTER('22 серия'!$B$6:$C$15,'22 серия'!$B$6:$B$15=C14)), )"),"") | AP14: =IFERROR(__xludf.DUMMYFUNCTION("IFNA(SUM(FILTER('23 серия'!$B$6:$C$15,'23 серия'!$B$6:$B$15=C14)), )"),"") | AQ14: =IFERROR(__xludf.DUMMYFUNCTION("IFNA(SUM(FILTER('24 серия'!$B$6:$C$15,'24 серия'!$B$6:$B$15=C14)), )"),"") | AR14: =IFERROR(__xludf.DUMMYFUNCTION("IFNA(SUM(FILTER('25 серия'!$B$6:$C$15,'25 серия'!$B$6:$B$15=C14)), )"),"") | AS14: =IFERROR(__xludf.DUMMYFUNCTION("IFNA(SUM(FILTER('26 серия'!$B$6:$C$15,'26 серия'!$B$6:$B$15=C14)), )"),"") | AT14: =IFERROR(__xludf.DUMMYFUNCTION("IFNA(SUM(FILTER('27 серия'!$B$6:$C$15,'27 серия'!$B$6:$B$15=C14)), )"),"") | AU14: =IFERROR(__xludf.DUMMYFUNCTION("IFNA(SUM(FILTER('28 серия'!$B$6:$C$15,'28 серия'!$B$6:$B$15=C14)), )"),"") | AV14: =IFERROR(__xludf.DUMMYFUNCTION("IFNA(SUM(FILTER('29 серия'!$B$6:$C$15,'29 серия'!$B$6:$B$15=C14)), )"),"") | AW14: =IFERROR(__xludf.DUMMYFUNCTION("IFNA(SUM(FILTER('30 серия'!$B$6:$C$15,'30 серия'!$B$6:$B$15=C14)), )"),"") | AX14: =IFERROR(__xludf.DUMMYFUNCTION("IFNA(SUM(FILTER('31 серия'!$B$6:$C$15,'31 серия'!$B$6:$B$15=C14)), )"),"") | AY14: =IFERROR(__xludf.DUMMYFUNCTION("IFNA(SUM(FILTER('32 серия'!$B$6:$C$15,'32 серия'!$B$6:$B$15=C14)), )"),"") | AZ14: =IFERROR(__xludf.DUMMYFUNCTION("IFNA(SUM(FILTER('33 серия'!$B$6:$C$15,'33 серия'!$B$6:$B$15=C14)), )"),"") | BA14: =IFERROR(__xludf.DUMMYFUNCTION("IFNA(SUM(FILTER('34 серия'!$B$6:$C$15,'34 серия'!$B$6:$B$15=C14)), )"),"") | BB14: =IFERROR(__xludf.DUMMYFUNCTION("IFNA(SUM(FILTER('35 серия'!$B$6:$C$15,'35 серия'!$B$6:$B$15=C14)), )"),13.75) -> 13.75 | BC14: =IFERROR(__xludf.DUMMYFUNCTION("IFNA(SUM(FILTER('36 серия'!$B$6:$C$15,'36 серия'!$B$6:$B$15=C14)), )"),"") | BD14: =IFERROR(__xludf.DUMMYFUNCTION("IFNA(SUM(FILTER('37 серия'!$B$6:$C$15,'37 серия'!$B$6:$B$15=C14)), )"),"") | BE14: =IFERROR(__xludf.DUMMYFUNCTION("IFNA(SUM(FILTER('38 серия'!$B$6:$C$15,'38 серия'!$B$6:$B$15=C14)), )"),"") | BF14: =IFERROR(__xludf.DUMMYFUNCTION("IFNA(SUM(FILTER('39 серия'!$B$6:$C$15,'39 серия'!$B$6:$B$15=C14)), )"),"") | BG14: =IFERROR(__xludf.DUMMYFUNCTION("IFNA(SUM(FILTER('40 серия'!$B$6:$C$15,'40 серия'!$B$6:$B$15=C14)), )"),"") | BH14: =IFERROR(__xludf.DUMMYFUNCTION("IFNA(SUM(FILTER('41 серия'!$B$6:$C$15,'41 серия'!$B$6:$B$15=C14)), )"),"") | BI14: =IFERROR(__xludf.DUMMYFUNCTION("IFNA(SUM(FILTER('42 серия'!$B$6:$C$15,'42 серия'!$B$6:$B$15=C14)), )"),19.75) -> 19.75 | BJ14: =IFERROR(__xludf.DUMMYFUNCTION("IFNA(SUM(FILTER('43 серия'!$B$6:$C$15,'43 серия'!$B$6:$B$15=C14)), )"),"") | BK14: =IFERROR(__xludf.DUMMYFUNCTION("IFNA(SUM(FILTER('44 серия'!$B$6:$C$15,'44 серия'!$B$6:$B$15=C14)), )"),"") | BL14: =IFERROR(__xludf.DUMMYFUNCTION("IFNA(SUM(FILTER('45 серия'!$B$6:$C$15,'45 серия'!$B$6:$B$15=C14)), )"),"") | BM14: =IFERROR(__xludf.DUMMYFUNCTION("IFNA(SUM(FILTER('46 серия'!$B$6:$C$15,'46 серия'!$B$6:$B$15=C14)), )"),"") | BN14: =IFERROR(__xludf.DUMMYFUNCTION("IFNA(SUM(FILTER('47 серия'!$B$6:$C$15,'47 серия'!$B$6:$B$15=C14)), )"),"") | BO14: =IFERROR(__xludf.DUMMYFUNCTION("IFNA(SUM(FILTER('48 серия'!$B$6:$C$15,'48 серия'!$B$6:$B$15=$C14)), )"),19.75) -> 19.75 | BP14: =IFERROR(__xludf.DUMMYFUNCTION("IFNA(SUM(FILTER('49 серия'!$B$6:$C$15,'49 серия'!$B$6:$B$15=$C14)), )"),"") | BQ14: =IFERROR(__xludf.DUMMYFUNCTION("IFNA(SUM(FILTER('50 серия'!$B$6:$C$15,'50 серия'!$B$6:$B$15=$C14)), )"),"") | BR14: =IFERROR(__xludf.DUMMYFUNCTION("IFNA(SUM(FILTER('51 серия'!$B$6:$C$15,'51 серия'!$B$6:$B$15=$C14)), )"),"") | BS14: =IFERROR(__xludf.DUMMYFUNCTION("IFNA(SUM(FILTER('52 серия'!$B$6:$C$15,'52 серия'!$B$6:$B$15=C14)), )"),"") | BT14: =IFERROR(__xludf.DUMMYFUNCTION("IFNA(SUM(FILTER('53 серия'!$B$6:$C$15,'53 серия'!$B$6:$B$15=$C14)), )"),"") | BU14: =IFERROR(__xludf.DUMMYFUNCTION("IFNA(SUM(FILTER('54 серия'!$B$6:$C$15,'54 серия'!$B$6:$B$15=$C14)), )"),"") | BV14: =IFERROR(__xludf.DUMMYFUNCTION("IFNA(SUM(FILTER('55 серия'!$B$6:$C$15,'55 серия'!$B$6:$B$15=$C14)), )"),"") | BW14: =IFERROR(__xludf.DUMMYFUNCTION("IFNA(SUM(FILTER('56 серия'!$B$6:$C$15,'56 серия'!$B$6:$B$15=$C14)), )"),"") | BX14: =IFERROR(__xludf.DUMMYFUNCTION("IFNA(SUM(FILTER('57 серия'!$B$6:$C$15,'57 серия'!$B$6:$B$15=$C14)), )"),18.0) -> 18 | BY14: =IFERROR(__xludf.DUMMYFUNCTION("IFNA(SUM(FILTER('58 серия'!$B$6:$C$15,'58 серия'!$B$6:$B$15=$C14)), )"),"") | BZ14: =IFERROR(__xludf.DUMMYFUNCTION("IFNA(SUM(FILTER('59 серия'!$B$6:$C$15,'59 серия'!$B$6:$B$15=C14)), )"),"") | CA14: =IFERROR(__xludf.DUMMYFUNCTION("IFNA(SUM(FILTER('60 серия'!$B$6:$C$15,'60 серия'!$B$6:$B$15=$C14)), )"),18.75) -> 18.75
B15: =ROW()-6 -> 9 | C15: Градиент | D15: ='Игроки статистика'!B13 -> 50 | E15: =SUM(T15:CAZ15)-R15-S15 -> 225.25 | F15: =IFERROR((((E15)/D15)*5), ) -> 22.525 | G15: =IFERROR(((I15+J15+K15)/D15), ) -> 3.205 | H15: =SUMIFS('Все игры'!C$3:C1011,'Все игры'!A$3:A1011,C15) -> 65 | I15: =E15-H15-J15-K15 -> 152.75 | J15: =SUMIFS('Все игры'!F$3:F1011,'Все игры'!A$3:A1011,C15) -> 0 | K15: =SUMIFS('Все игры'!G$3:G1011,'Все игры'!A$3:A1011,C15) -> 7.5 | L15: ='Игроки статистика'!G13 -> 12 | M15: =H15/2.5 -> 26 | N15: =SUM('Игроки статистика'!O13,'Игроки статистика'!Q13) -> 5 | O15: =SUM('Игроки статистика'!P13,'Игроки статистика'!R13) -> 1 | P15: =IFERROR(__xludf.DUMMYFUNCTION("IFNA(SUM(FILTER('Штрафы'!$D$5:$D1011,'Штрафы'!$C$5:$C1011=C15)), )"),"") | Q15: =IFERROR(__xludf.DUMMYFUNCTION("IFNA(SUM(FILTER('Штрафы'!$F$5:$F1011,'Штрафы'!$C$5:$C1011=C15)), )"),"") | T15: =IFERROR(__xludf.DUMMYFUNCTION("IFNA(SUM(FILTER('1 серия'!$B$6:$C$15,'1 серия'!$B$6:$B$15=C15)), )"),"") | U15: =IFERROR(__xludf.DUMMYFUNCTION("IFNA(SUM(FILTER('2 серия'!$B$6:$C$15,'2 серия'!$B$6:$B$15=C15)), ) "),"") | V15: =IFERROR(__xludf.DUMMYFUNCTION("IFNA(SUM(FILTER('3 серия'!$B$6:$C$15,'3 серия'!$B$6:$B$15=C15)), ) "),"") | W15: =IFERROR(__xludf.DUMMYFUNCTION("IFNA(SUM(FILTER('4 серия'!$B$6:$C$15,'4 серия'!$B$6:$B$15=C15)), )"),"") | X15: =IFERROR(__xludf.DUMMYFUNCTION("IFNA(SUM(FILTER('5 серия'!$B$6:$C$15,'5 серия'!$B$6:$B$15=C15)), )"),"") | Y15: =IFERROR(__xludf.DUMMYFUNCTION("IFNA(SUM(FILTER('6 серия'!$B$6:$C$15,'6 серия'!$B$6:$B$15=C15)), )"),"") | Z15: =IFERROR(__xludf.DUMMYFUNCTION("IFNA(SUM(FILTER('7 серия'!$B$6:$C$15,'7 серия'!$B$6:$B$15=C15)), )"),"") | AA15: =IFERROR(__xludf.DUMMYFUNCTION("IFNA(SUM(FILTER('8 серия'!$B$6:$C$15,'8 серия'!$B$6:$B$15=C15)), )"),"") | AB15: =IFERROR(__xludf.DUMMYFUNCTION("IFNA(SUM(FILTER('9 серия'!$B$7:$C$16,'9 серия'!$B$7:$B$16=C15)), )"),"") | AC15: =IFERROR(__xludf.DUMMYFUNCTION("IFNA(SUM(FILTER('10 серия'!$B$6:$C$15,'10 серия'!$B$6:$B$15=C15)), )"),"") | AD15: =IFERROR(__xludf.DUMMYFUNCTION("IFNA(SUM(FILTER('11 серия'!$B$6:$C$15,'11 серия'!$B$6:$B$15=C15)), )"),23.0) -> 23 | AE15: =IFERROR(__xludf.DUMMYFUNCTION("IFNA(SUM(FILTER('12 серия'!$B$6:$C$15,'12 серия'!$B$6:$B$15=C15)), )"),18.25) -> 18.25 | AF15: =IFERROR(__xludf.DUMMYFUNCTION("IFNA(SUM(FILTER('13 серия'!$B$6:$C$15,'13 серия'!$B$6:$B$15=C15)), )"),25.75) -> 25.75 | AG15: =IFERROR(__xludf.DUMMYFUNCTION("IFNA(SUM(FILTER('14 серия'!$B$6:$C$15,'14 серия'!$B$6:$B$15=C15)), )"),28.5) -> 28.5 | AH15: =IFERROR(__xludf.DUMMYFUNCTION("IFNA(SUM(FILTER('15 серия'!$B$6:$C$15,'15 серия'!$B$6:$B$15=C15)), )"),18.0) -> 18 | AI15: =IFERROR(__xludf.DUMMYFUNCTION("IFNA(SUM(FILTER('16 серия'!$B$6:$C$15,'16 серия'!$B$6:$B$15=C15)), )"),"") | AJ15: =IFERROR(__xludf.DUMMYFUNCTION("IFNA(SUM(FILTER('17 серия'!$B$6:$C$15,'17 серия'!$B$6:$B$15=C15)), )"),"") | AK15: =IFERROR(__xludf.DUMMYFUNCTION("IFNA(SUM(FILTER('18 серия'!$B$6:$C$15,'18 серия'!$B$6:$B$15=C15)), )"),"") | AL15: =IFERROR(__xludf.DUMMYFUNCTION("IFNA(SUM(FILTER('19 серия'!$B$6:$C$15,'19 серия'!$B$6:$B$15=C15)), )"),"") | AM15: =IFERROR(__xludf.DUMMYFUNCTION("IFNA(SUM(FILTER('20 серия'!$B$6:$C$15,'20 серия'!$B$6:$B$15=C15)), )"),"") | AN15: =IFERROR(__xludf.DUMMYFUNCTION("IFNA(SUM(FILTER('21 серия'!$B$6:$C$15,'21 серия'!$B$6:$B$15=C15)), )"),"") | AO15: =IFERROR(__xludf.DUMMYFUNCTION("IFNA(SUM(FILTER('22 серия'!$B$6:$C$15,'22 серия'!$B$6:$B$15=C15)), )"),"") | AP15: =IFERROR(__xludf.DUMMYFUNCTION("IFNA(SUM(FILTER('23 серия'!$B$6:$C$15,'23 серия'!$B$6:$B$15=C15)), )"),"") | AQ15: =IFERROR(__xludf.DUMMYFUNCTION("IFNA(SUM(FILTER('24 серия'!$B$6:$C$15,'24 серия'!$B$6:$B$15=C15)), )"),"") | AR15: =IFERROR(__xludf.DUMMYFUNCTION("IFNA(SUM(FILTER('25 серия'!$B$6:$C$15,'25 серия'!$B$6:$B$15=C15)), )"),"") | AS15: =IFERROR(__xludf.DUMMYFUNCTION("IFNA(SUM(FILTER('26 серия'!$B$6:$C$15,'26 серия'!$B$6:$B$15=C15)), )"),"") | AT15: =IFERROR(__xludf.DUMMYFUNCTION("IFNA(SUM(FILTER('27 серия'!$B$6:$C$15,'27 серия'!$B$6:$B$15=C15)), )"),"") | AU15: =IFERROR(__xludf.DUMMYFUNCTION("IFNA(SUM(FILTER('28 серия'!$B$6:$C$15,'28 серия'!$B$6:$B$15=C15)), )"),26.25) -> 26.25 | AV15: =IFERROR(__xludf.DUMMYFUNCTION("IFNA(SUM(FILTER('29 серия'!$B$6:$C$15,'29 серия'!$B$6:$B$15=C15)), )"),21.75) -> 21.75 | AW15: =IFERROR(__xludf.DUMMYFUNCTION("IFNA(SUM(FILTER('30 серия'!$B$6:$C$15,'30 серия'!$B$6:$B$15=C15)), )"),14.5) -> 14.5 | AX15: =IFERROR(__xludf.DUMMYFUNCTION("IFNA(SUM(FILTER('31 серия'!$B$6:$C$15,'31 серия'!$B$6:$B$15=C15)), )"),25.0) -> 25 | AY15: =IFERROR(__xludf.DUMMYFUNCTION("IFNA(SUM(FILTER('32 серия'!$B$6:$C$15,'32 серия'!$B$6:$B$15=C15)), )"),24.25) -> 24.25 | AZ15: =IFERROR(__xludf.DUMMYFUNCTION("IFNA(SUM(FILTER('33 серия'!$B$6:$C$15,'33 серия'!$B$6:$B$15=C15)), )"),"") | BA15: =IFERROR(__xludf.DUMMYFUNCTION("IFNA(SUM(FILTER('34 серия'!$B$6:$C$15,'34 серия'!$B$6:$B$15=C15)), )"),"") | BB15: =IFERROR(__xludf.DUMMYFUNCTION("IFNA(SUM(FILTER('35 серия'!$B$6:$C$15,'35 серия'!$B$6:$B$15=C15)), )"),"") | BC15: =IFERROR(__xludf.DUMMYFUNCTION("IFNA(SUM(FILTER('36 серия'!$B$6:$C$15,'36 серия'!$B$6:$B$15=C15)), )"),"") | BD15: =IFERROR(__xludf.DUMMYFUNCTION("IFNA(SUM(FILTER('37 серия'!$B$6:$C$15,'37 серия'!$B$6:$B$15=C15)), )"),"") | BE15: =IFERROR(__xludf.DUMMYFUNCTION("IFNA(SUM(FILTER('38 серия'!$B$6:$C$15,'38 серия'!$B$6:$B$15=C15)), )"),"") | BF15: =IFERROR(__xludf.DUMMYFUNCTION("IFNA(SUM(FILTER('39 серия'!$B$6:$C$15,'39 серия'!$B$6:$B$15=C15)), )"),"") | BG15: =IFERROR(__xludf.DUMMYFUNCTION("IFNA(SUM(FILTER('40 серия'!$B$6:$C$15,'40 серия'!$B$6:$B$15=C15)), )"),"") | BH15: =IFERROR(__xludf.DUMMYFUNCTION("IFNA(SUM(FILTER('41 серия'!$B$6:$C$15,'41 серия'!$B$6:$B$15=C15)), )"),"") | BI15: =IFERROR(__xludf.DUMMYFUNCTION("IFNA(SUM(FILTER('42 серия'!$B$6:$C$15,'42 серия'!$B$6:$B$15=C15)), )"),"") | BJ15: =IFERROR(__xludf.DUMMYFUNCTION("IFNA(SUM(FILTER('43 серия'!$B$6:$C$15,'43 серия'!$B$6:$B$15=C15)), )"),"") | BK15: =IFERROR(__xludf.DUMMYFUNCTION("IFNA(SUM(FILTER('44 серия'!$B$6:$C$15,'44 серия'!$B$6:$B$15=C15)), )"),"") | BL15: =IFERROR(__xludf.DUMMYFUNCTION("IFNA(SUM(FILTER('45 серия'!$B$6:$C$15,'45 серия'!$B$6:$B$15=C15)), )"),"") | BM15: =IFERROR(__xludf.DUMMYFUNCTION("IFNA(SUM(FILTER('46 серия'!$B$6:$C$15,'46 серия'!$B$6:$B$15=C15)), )"),"") | BN15: =IFERROR(__xludf.DUMMYFUNCTION("IFNA(SUM(FILTER('47 серия'!$B$6:$C$15,'47 серия'!$B$6:$B$15=C15)), )"),"") | BO15: =IFERROR(__xludf.DUMMYFUNCTION("IFNA(SUM(FILTER('48 серия'!$B$6:$C$15,'48 серия'!$B$6:$B$15=$C15)), )"),"") | BP15: =IFERROR(__xludf.DUMMYFUNCTION("IFNA(SUM(FILTER('49 серия'!$B$6:$C$15,'49 серия'!$B$6:$B$15=$C15)), )"),"") | BQ15: =IFERROR(__xludf.DUMMYFUNCTION("IFNA(SUM(FILTER('50 серия'!$B$6:$C$15,'50 серия'!$B$6:$B$15=$C15)), )"),"") | BR15: =IFERROR(__xludf.DUMMYFUNCTION("IFNA(SUM(FILTER('51 серия'!$B$6:$C$15,'51 серия'!$B$6:$B$15=$C15)), )"),"") | BS15: =IFERROR(__xludf.DUMMYFUNCTION("IFNA(SUM(FILTER('52 серия'!$B$6:$C$15,'52 серия'!$B$6:$B$15=C15)), )"),"") | BT15: =IFERROR(__xludf.DUMMYFUNCTION("IFNA(SUM(FILTER('53 серия'!$B$6:$C$15,'53 серия'!$B$6:$B$15=$C15)), )"),"") | BU15: =IFERROR(__xludf.DUMMYFUNCTION("IFNA(SUM(FILTER('54 серия'!$B$6:$C$15,'54 серия'!$B$6:$B$15=$C15)), )"),"") | BV15: =IFERROR(__xludf.DUMMYFUNCTION("IFNA(SUM(FILTER('55 серия'!$B$6:$C$15,'55 серия'!$B$6:$B$15=$C15)), )"),"") | BW15: =IFERROR(__xludf.DUMMYFUNCTION("IFNA(SUM(FILTER('56 серия'!$B$6:$C$15,'56 серия'!$B$6:$B$15=$C15)), )"),"") | BX15: =IFERROR(__xludf.DUMMYFUNCTION("IFNA(SUM(FILTER('57 серия'!$B$6:$C$15,'57 серия'!$B$6:$B$15=$C15)), )"),"") | BY15: =IFERROR(__xludf.DUMMYFUNCTION("IFNA(SUM(FILTER('58 серия'!$B$6:$C$15,'58 серия'!$B$6:$B$15=$C15)), )"),"") | BZ15: =IFERROR(__xludf.DUMMYFUNCTION("IFNA(SUM(FILTER('59 серия'!$B$6:$C$15,'59 серия'!$B$6:$B$15=C15)), )"),"") | CA15: =IFERROR(__xludf.DUMMYFUNCTION("IFNA(SUM(FILTER('60 серия'!$B$6:$C$15,'60 серия'!$B$6:$B$15=$C15)), )"),"")
B16: =ROW()-6 -> 10 | C16: Дровосек | D16: ='Игроки статистика'!B14 -> 50 | E16: =SUM(T16:CAZ16)-R16-S16 -> 182 | F16: =IFERROR((((E16)/D16)*5), ) -> 18.2 | G16: =IFERROR(((I16+J16+K16)/D16), ) -> 2.49 | H16: =SUMIFS('Все игры'!C$3:C1011,'Все игры'!A$3:A1011,C16) -> 57.5 | I16: =E16-H16-J16-K16 -> 123.5 | J16: =SUMIFS('Все игры'!F$3:F1011,'Все игры'!A$3:A1011,C16) -> 0 | K16: =SUMIFS('Все игры'!G$3:G1011,'Все игры'!A$3:A1011,C16) -> 1 | L16: ='Игроки статистика'!G14 -> 2 | M16: =H16/2.5 -> 23 | N16: =SUM('Игроки статистика'!O14,'Игроки статистика'!Q14) -> 5 | O16: =SUM('Игроки статистика'!P14,'Игроки статистика'!R14) -> 6 | P16: =IFERROR(__xludf.DUMMYFUNCTION("IFNA(SUM(FILTER('Штрафы'!$D$5:$D1011,'Штрафы'!$C$5:$C1011=C16)), )"),"") | Q16: =IFERROR(__xludf.DUMMYFUNCTION("IFNA(SUM(FILTER('Штрафы'!$F$5:$F1011,'Штрафы'!$C$5:$C1011=C16)), )"),"") | T16: =IFERROR(__xludf.DUMMYFUNCTION("IFNA(SUM(FILTER('1 серия'!$B$6:$C$15,'1 серия'!$B$6:$B$15=C16)), )"),"") | U16: =IFERROR(__xludf.DUMMYFUNCTION("IFNA(SUM(FILTER('2 серия'!$B$6:$C$15,'2 серия'!$B$6:$B$15=C16)), ) "),"") | V16: =IFERROR(__xludf.DUMMYFUNCTION("IFNA(SUM(FILTER('3 серия'!$B$6:$C$15,'3 серия'!$B$6:$B$15=C16)), ) "),"") | W16: =IFERROR(__xludf.DUMMYFUNCTION("IFNA(SUM(FILTER('4 серия'!$B$6:$C$15,'4 серия'!$B$6:$B$15=C16)), )"),"") | X16: =IFERROR(__xludf.DUMMYFUNCTION("IFNA(SUM(FILTER('5 серия'!$B$6:$C$15,'5 серия'!$B$6:$B$15=C16)), )"),"") | Y16: =IFERROR(__xludf.DUMMYFUNCTION("IFNA(SUM(FILTER('6 серия'!$B$6:$C$15,'6 серия'!$B$6:$B$15=C16)), )"),"") | Z16: =IFERROR(__xludf.DUMMYFUNCTION("IFNA(SUM(FILTER('7 серия'!$B$6:$C$15,'7 серия'!$B$6:$B$15=C16)), )"),"") | AA16: =IFERROR(__xludf.DUMMYFUNCTION("IFNA(SUM(FILTER('8 серия'!$B$6:$C$15,'8 серия'!$B$6:$B$15=C16)), )"),12.0) -> 12 | AB16: =IFERROR(__xludf.DUMMYFUNCTION("IFNA(SUM(FILTER('9 серия'!$B$7:$C$16,'9 серия'!$B$7:$B$16=C16)), )"),25.0) -> 25 | AC16: =IFERROR(__xludf.DUMMYFUNCTION("IFNA(SUM(FILTER('10 серия'!$B$6:$C$15,'10 серия'!$B$6:$B$15=C16)), )"),17.25) -> 17.25 | AD16: =IFERROR(__xludf.DUMMYFUNCTION("IFNA(SUM(FILTER('11 серия'!$B$6:$C$15,'11 серия'!$B$6:$B$15=C16)), )"),19.75) -> 19.75 | AE16: =IFERROR(__xludf.DUMMYFUNCTION("IFNA(SUM(FILTER('12 серия'!$B$6:$C$15,'12 серия'!$B$6:$B$15=C16)), )"),27.75) -> 27.75 | AF16: =IFERROR(__xludf.DUMMYFUNCTION("IFNA(SUM(FILTER('13 серия'!$B$6:$C$15,'13 серия'!$B$6:$B$15=C16)), )"),"") | AG16: =IFERROR(__xludf.DUMMYFUNCTION("IFNA(SUM(FILTER('14 серия'!$B$6:$C$15,'14 серия'!$B$6:$B$15=C16)), )"),"") | AH16: =IFERROR(__xludf.DUMMYFUNCTION("IFNA(SUM(FILTER('15 серия'!$B$6:$C$15,'15 серия'!$B$6:$B$15=C16)), )"),"") | AI16: =IFERROR(__xludf.DUMMYFUNCTION("IFNA(SUM(FILTER('16 серия'!$B$6:$C$15,'16 серия'!$B$6:$B$15=C16)), )"),"") | AJ16: =IFERROR(__xludf.DUMMYFUNCTION("IFNA(SUM(FILTER('17 серия'!$B$6:$C$15,'17 серия'!$B$6:$B$15=C16)), )"),"") | AK16: =IFERROR(__xludf.DUMMYFUNCTION("IFNA(SUM(FILTER('18 серия'!$B$6:$C$15,'18 серия'!$B$6:$B$15=C16)), )"),"") | AL16: =IFERROR(__xludf.DUMMYFUNCTION("IFNA(SUM(FILTER('19 серия'!$B$6:$C$15,'19 серия'!$B$6:$B$15=C16)), )"),"") | AM16: =IFERROR(__xludf.DUMMYFUNCTION("IFNA(SUM(FILTER('20 серия'!$B$6:$C$15,'20 серия'!$B$6:$B$15=C16)), )"),"") | AN16: =IFERROR(__xludf.DUMMYFUNCTION("IFNA(SUM(FILTER('21 серия'!$B$6:$C$15,'21 серия'!$B$6:$B$15=C16)), )"),"") | AO16: =IFERROR(__xludf.DUMMYFUNCTION("IFNA(SUM(FILTER('22 серия'!$B$6:$C$15,'22 серия'!$B$6:$B$15=C16)), )"),"") | AP16: =IFERROR(__xludf.DUMMYFUNCTION("IFNA(SUM(FILTER('23 серия'!$B$6:$C$15,'23 серия'!$B$6:$B$15=C16)), )"),"") | AQ16: =IFERROR(__xludf.DUMMYFUNCTION("IFNA(SUM(FILTER('24 серия'!$B$6:$C$15,'24 серия'!$B$6:$B$15=C16)), )"),"") | AR16: =IFERROR(__xludf.DUMMYFUNCTION("IFNA(SUM(FILTER('25 серия'!$B$6:$C$15,'25 серия'!$B$6:$B$15=C16)), )"),"") | AS16: =IFERROR(__xludf.DUMMYFUNCTION("IFNA(SUM(FILTER('26 серия'!$B$6:$C$15,'26 серия'!$B$6:$B$15=C16)), )"),"") | AT16: =IFERROR(__xludf.DUMMYFUNCTION("IFNA(SUM(FILTER('27 серия'!$B$6:$C$15,'27 серия'!$B$6:$B$15=C16)), )"),"") | AU16: =IFERROR(__xludf.DUMMYFUNCTION("IFNA(SUM(FILTER('28 серия'!$B$6:$C$15,'28 серия'!$B$6:$B$15=C16)), )"),"") | AV16: =IFERROR(__xludf.DUMMYFUNCTION("IFNA(SUM(FILTER('29 серия'!$B$6:$C$15,'29 серия'!$B$6:$B$15=C16)), )"),"") | AW16: =IFERROR(__xludf.DUMMYFUNCTION("IFNA(SUM(FILTER('30 серия'!$B$6:$C$15,'30 серия'!$B$6:$B$15=C16)), )"),"") | AX16: =IFERROR(__xludf.DUMMYFUNCTION("IFNA(SUM(FILTER('31 серия'!$B$6:$C$15,'31 серия'!$B$6:$B$15=C16)), )"),"") | AY16: =IFERROR(__xludf.DUMMYFUNCTION("IFNA(SUM(FILTER('32 серия'!$B$6:$C$15,'32 серия'!$B$6:$B$15=C16)), )"),"") | AZ16: =IFERROR(__xludf.DUMMYFUNCTION("IFNA(SUM(FILTER('33 серия'!$B$6:$C$15,'33 серия'!$B$6:$B$15=C16)), )"),14.25) -> 14.25 | BA16: =IFERROR(__xludf.DUMMYFUNCTION("IFNA(SUM(FILTER('34 серия'!$B$6:$C$15,'34 серия'!$B$6:$B$15=C16)), )"),16.5) -> 16.5 | BB16: =IFERROR(__xludf.DUMMYFUNCTION("IFNA(SUM(FILTER('35 серия'!$B$6:$C$15,'35 серия'!$B$6:$B$15=C16)), )"),16.5) -> 16.5 | BC16: =IFERROR(__xludf.DUMMYFUNCTION("IFNA(SUM(FILTER('36 серия'!$B$6:$C$15,'36 серия'!$B$6:$B$15=C16)), )"),14.0) -> 14 | BD16: =IFERROR(__xludf.DUMMYFUNCTION("IFNA(SUM(FILTER('37 серия'!$B$6:$C$15,'37 серия'!$B$6:$B$15=C16)), )"),19.0) -> 19 | BE16: =IFERROR(__xludf.DUMMYFUNCTION("IFNA(SUM(FILTER('38 серия'!$B$6:$C$15,'38 серия'!$B$6:$B$15=C16)), )"),"") | BF16: =IFERROR(__xludf.DUMMYFUNCTION("IFNA(SUM(FILTER('39 серия'!$B$6:$C$15,'39 серия'!$B$6:$B$15=C16)), )"),"") | BG16: =IFERROR(__xludf.DUMMYFUNCTION("IFNA(SUM(FILTER('40 серия'!$B$6:$C$15,'40 серия'!$B$6:$B$15=C16)), )"),"") | BH16: =IFERROR(__xludf.DUMMYFUNCTION("IFNA(SUM(FILTER('41 серия'!$B$6:$C$15,'41 серия'!$B$6:$B$15=C16)), )"),"") | BI16: =IFERROR(__xludf.DUMMYFUNCTION("IFNA(SUM(FILTER('42 серия'!$B$6:$C$15,'42 серия'!$B$6:$B$15=C16)), )"),"") | BJ16: =IFERROR(__xludf.DUMMYFUNCTION("IFNA(SUM(FILTER('43 серия'!$B$6:$C$15,'43 серия'!$B$6:$B$15=C16)), )"),"") | BK16: =IFERROR(__xludf.DUMMYFUNCTION("IFNA(SUM(FILTER('44 серия'!$B$6:$C$15,'44 серия'!$B$6:$B$15=C16)), )"),"") | BL16: =IFERROR(__xludf.DUMMYFUNCTION("IFNA(SUM(FILTER('45 серия'!$B$6:$C$15,'45 серия'!$B$6:$B$15=C16)), )"),"") | BM16: =IFERROR(__xludf.DUMMYFUNCTION("IFNA(SUM(FILTER('46 серия'!$B$6:$C$15,'46 серия'!$B$6:$B$15=C16)), )"),"") | BN16: =IFERROR(__xludf.DUMMYFUNCTION("IFNA(SUM(FILTER('47 серия'!$B$6:$C$15,'47 серия'!$B$6:$B$15=C16)), )"),"") | BO16: =IFERROR(__xludf.DUMMYFUNCTION("IFNA(SUM(FILTER('48 серия'!$B$6:$C$15,'48 серия'!$B$6:$B$15=$C16)), )"),"") | BP16: =IFERROR(__xludf.DUMMYFUNCTION("IFNA(SUM(FILTER('49 серия'!$B$6:$C$15,'49 серия'!$B$6:$B$15=$C16)), )"),"") | BQ16: =IFERROR(__xludf.DUMMYFUNCTION("IFNA(SUM(FILTER('50 серия'!$B$6:$C$15,'50 серия'!$B$6:$B$15=$C16)), )"),"") | BR16: =IFERROR(__xludf.DUMMYFUNCTION("IFNA(SUM(FILTER('51 серия'!$B$6:$C$15,'51 серия'!$B$6:$B$15=$C16)), )"),"") | BS16: =IFERROR(__xludf.DUMMYFUNCTION("IFNA(SUM(FILTER('52 серия'!$B$6:$C$15,'52 серия'!$B$6:$B$15=C16)), )"),"") | BT16: =IFERROR(__xludf.DUMMYFUNCTION("IFNA(SUM(FILTER('53 серия'!$B$6:$C$15,'53 серия'!$B$6:$B$15=$C16)), )"),"") | BU16: =IFERROR(__xludf.DUMMYFUNCTION("IFNA(SUM(FILTER('54 серия'!$B$6:$C$15,'54 серия'!$B$6:$B$15=$C16)), )"),"") | BV16: =IFERROR(__xludf.DUMMYFUNCTION("IFNA(SUM(FILTER('55 серия'!$B$6:$C$15,'55 серия'!$B$6:$B$15=$C16)), )"),"") | BW16: =IFERROR(__xludf.DUMMYFUNCTION("IFNA(SUM(FILTER('56 серия'!$B$6:$C$15,'56 серия'!$B$6:$B$15=$C16)), )"),"") | BX16: =IFERROR(__xludf.DUMMYFUNCTION("IFNA(SUM(FILTER('57 серия'!$B$6:$C$15,'57 серия'!$B$6:$B$15=$C16)), )"),"") | BY16: =IFERROR(__xludf.DUMMYFUNCTION("IFNA(SUM(FILTER('58 серия'!$B$6:$C$15,'58 серия'!$B$6:$B$15=$C16)), )"),"") | BZ16: =IFERROR(__xludf.DUMMYFUNCTION("IFNA(SUM(FILTER('59 серия'!$B$6:$C$15,'59 серия'!$B$6:$B$15=C16)), )"),"") | CA16: =IFERROR(__xludf.DUMMYFUNCTION("IFNA(SUM(FILTER('60 серия'!$B$6:$C$15,'60 серия'!$B$6:$B$15=$C16)), )"),"")
B17: =ROW()-6 -> 11 | C17: Зверюга | D17: ='Игроки статистика'!B15 -> 50 | E17: =SUM(T17:CAZ17)-R17-S17 -> 215.75 | F17: =IFERROR((((E17)/D17)*5), ) -> 21.575 | G17: =IFERROR(((I17+J17+K17)/D17), ) -> 2.915 | H17: =SUMIFS('Все игры'!C$3:C1011,'Все игры'!A$3:A1011,C17) -> 70 | I17: =E17-H17-J17-K17 -> 143.75 | J17: =SUMIFS('Все игры'!F$3:F1011,'Все игры'!A$3:A1011,C17) -> 0 | K17: =SUMIFS('Все игры'!G$3:G1011,'Все игры'!A$3:A1011,C17) -> 2 | L17: ='Игроки статистика'!G15 -> 4 | M17: =H17/2.5 -> 28 | N17: =SUM('Игроки статистика'!O15,'Игроки статистика'!Q15) -> 5 | O17: =SUM('Игроки статистика'!P15,'Игроки статистика'!R15) -> 6 | P17: =IFERROR(__xludf.DUMMYFUNCTION("IFNA(SUM(FILTER('Штрафы'!$D$5:$D1011,'Штрафы'!$C$5:$C1011=C17)), )"),"") | Q17: =IFERROR(__xludf.DUMMYFUNCTION("IFNA(SUM(FILTER('Штрафы'!$F$5:$F1011,'Штрафы'!$C$5:$C1011=C17)), )"),"") | T17: =IFERROR(__xludf.DUMMYFUNCTION("IFNA(SUM(FILTER('1 серия'!$B$6:$C$15,'1 серия'!$B$6:$B$15=C17)), )"),"") | U17: =IFERROR(__xludf.DUMMYFUNCTION("IFNA(SUM(FILTER('2 серия'!$B$6:$C$15,'2 серия'!$B$6:$B$15=C17)), ) "),"") | V17: =IFERROR(__xludf.DUMMYFUNCTION("IFNA(SUM(FILTER('3 серия'!$B$6:$C$15,'3 серия'!$B$6:$B$15=C17)), ) "),"") | W17: =IFERROR(__xludf.DUMMYFUNCTION("IFNA(SUM(FILTER('4 серия'!$B$6:$C$15,'4 серия'!$B$6:$B$15=C17)), )"),"") | X17: =IFERROR(__xludf.DUMMYFUNCTION("IFNA(SUM(FILTER('5 серия'!$B$6:$C$15,'5 серия'!$B$6:$B$15=C17)), )"),"") | Y17: =IFERROR(__xludf.DUMMYFUNCTION("IFNA(SUM(FILTER('6 серия'!$B$6:$C$15,'6 серия'!$B$6:$B$15=C17)), )"),"") | Z17: =IFERROR(__xludf.DUMMYFUNCTION("IFNA(SUM(FILTER('7 серия'!$B$6:$C$15,'7 серия'!$B$6:$B$15=C17)), )"),24.0) -> 24 | AA17: =IFERROR(__xludf.DUMMYFUNCTION("IFNA(SUM(FILTER('8 серия'!$B$6:$C$15,'8 серия'!$B$6:$B$15=C17)), )"),22.25) -> 22.25 | AB17: =IFERROR(__xludf.DUMMYFUNCTION("IFNA(SUM(FILTER('9 серия'!$B$7:$C$16,'9 серия'!$B$7:$B$16=C17)), )"),17.75) -> 17.75 | AC17: =IFERROR(__xludf.DUMMYFUNCTION("IFNA(SUM(FILTER('10 серия'!$B$6:$C$15,'10 серия'!$B$6:$B$15=C17)), )"),21.5) -> 21.5 | AD17: =IFERROR(__xludf.DUMMYFUNCTION("IFNA(SUM(FILTER('11 серия'!$B$6:$C$15,'11 серия'!$B$6:$B$15=C17)), )"),"") | AE17: =IFERROR(__xludf.DUMMYFUNCTION("IFNA(SUM(FILTER('12 серия'!$B$6:$C$15,'12 серия'!$B$6:$B$15=C17)), )"),"") | AF17: =IFERROR(__xludf.DUMMYFUNCTION("IFNA(SUM(FILTER('13 серия'!$B$6:$C$15,'13 серия'!$B$6:$B$15=C17)), )"),"") | AG17: =IFERROR(__xludf.DUMMYFUNCTION("IFNA(SUM(FILTER('14 серия'!$B$6:$C$15,'14 серия'!$B$6:$B$15=C17)), )"),"") | AH17: =IFERROR(__xludf.DUMMYFUNCTION("IFNA(SUM(FILTER('15 серия'!$B$6:$C$15,'15 серия'!$B$6:$B$15=C17)), )"),"") | AI17: =IFERROR(__xludf.DUMMYFUNCTION("IFNA(SUM(FILTER('16 серия'!$B$6:$C$15,'16 серия'!$B$6:$B$15=C17)), )"),"") | AJ17: =IFERROR(__xludf.DUMMYFUNCTION("IFNA(SUM(FILTER('17 серия'!$B$6:$C$15,'17 серия'!$B$6:$B$15=C17)), )"),"") | AK17: =IFERROR(__xludf.DUMMYFUNCTION("IFNA(SUM(FILTER('18 серия'!$B$6:$C$15,'18 серия'!$B$6:$B$15=C17)), )"),"") | AL17: =IFERROR(__xludf.DUMMYFUNCTION("IFNA(SUM(FILTER('19 серия'!$B$6:$C$15,'19 серия'!$B$6:$B$15=C17)), )"),"") | AM17: =IFERROR(__xludf.DUMMYFUNCTION("IFNA(SUM(FILTER('20 серия'!$B$6:$C$15,'20 серия'!$B$6:$B$15=C17)), )"),"") | AN17: =IFERROR(__xludf.DUMMYFUNCTION("IFNA(SUM(FILTER('21 серия'!$B$6:$C$15,'21 серия'!$B$6:$B$15=C17)), )"),"") | AO17: =IFERROR(__xludf.DUMMYFUNCTION("IFNA(SUM(FILTER('22 серия'!$B$6:$C$15,'22 серия'!$B$6:$B$15=C17)), )"),"") | AP17: =IFERROR(__xludf.DUMMYFUNCTION("IFNA(SUM(FILTER('23 серия'!$B$6:$C$15,'23 серия'!$B$6:$B$15=C17)), )"),26.25) -> 26.25 | AQ17: =IFERROR(__xludf.DUMMYFUNCTION("IFNA(SUM(FILTER('24 серия'!$B$6:$C$15,'24 серия'!$B$6:$B$15=C17)), )"),24.25) -> 24.25 | AR17: =IFERROR(__xludf.DUMMYFUNCTION("IFNA(SUM(FILTER('25 серия'!$B$6:$C$15,'25 серия'!$B$6:$B$15=C17)), )"),17.25) -> 17.25 | AS17: =IFERROR(__xludf.DUMMYFUNCTION("IFNA(SUM(FILTER('26 серия'!$B$6:$C$15,'26 серия'!$B$6:$B$15=C17)), )"),21.25) -> 21.25 | AT17: =IFERROR(__xludf.DUMMYFUNCTION("IFNA(SUM(FILTER('27 серия'!$B$6:$C$15,'27 серия'!$B$6:$B$15=C17)), )"),"") | AU17: =IFERROR(__xludf.DUMMYFUNCTION("IFNA(SUM(FILTER('28 серия'!$B$6:$C$15,'28 серия'!$B$6:$B$15=C17)), )"),"") | AV17: =IFERROR(__xludf.DUMMYFUNCTION("IFNA(SUM(FILTER('29 серия'!$B$6:$C$15,'29 серия'!$B$6:$B$15=C17)), )"),"") | AW17: =IFERROR(__xludf.DUMMYFUNCTION("IFNA(SUM(FILTER('30 серия'!$B$6:$C$15,'30 серия'!$B$6:$B$15=C17)), )"),"") | AX17: =IFERROR(__xludf.DUMMYFUNCTION("IFNA(SUM(FILTER('31 серия'!$B$6:$C$15,'31 серия'!$B$6:$B$15=C17)), )"),"") | AY17: =IFERROR(__xludf.DUMMYFUNCTION("IFNA(SUM(FILTER('32 серия'!$B$6:$C$15,'32 серия'!$B$6:$B$15=C17)), )"),"") | AZ17: =IFERROR(__xludf.DUMMYFUNCTION("IFNA(SUM(FILTER('33 серия'!$B$6:$C$15,'33 серия'!$B$6:$B$15=C17)), )"),"") | BA17: =IFERROR(__xludf.DUMMYFUNCTION("IFNA(SUM(FILTER('34 серия'!$B$6:$C$15,'34 серия'!$B$6:$B$15=C17)), )"),"") | BB17: =IFERROR(__xludf.DUMMYFUNCTION("IFNA(SUM(FILTER('35 серия'!$B$6:$C$15,'35 серия'!$B$6:$B$15=C17)), )"),"") | BC17: =IFERROR(__xludf.DUMMYFUNCTION("IFNA(SUM(FILTER('36 серия'!$B$6:$C$15,'36 серия'!$B$6:$B$15=C17)), )"),"") | BD17: =IFERROR(__xludf.DUMMYFUNCTION("IFNA(SUM(FILTER('37 серия'!$B$6:$C$15,'37 серия'!$B$6:$B$15=C17)), )"),"") | BE17: =IFERROR(__xludf.DUMMYFUNCTION("IFNA(SUM(FILTER('38 серия'!$B$6:$C$15,'38 серия'!$B$6:$B$15=C17)), )"),"") | BF17: =IFERROR(__xludf.DUMMYFUNCTION("IFNA(SUM(FILTER('39 серия'!$B$6:$C$15,'39 серия'!$B$6:$B$15=C17)), )"),"") | BG17: =IFERROR(__xludf.DUMMYFUNCTION("IFNA(SUM(FILTER('40 серия'!$B$6:$C$15,'40 серия'!$B$6:$B$15=C17)), )"),"") | BH17: =IFERROR(__xludf.DUMMYFUNCTION("IFNA(SUM(FILTER('41 серия'!$B$6:$C$15,'41 серия'!$B$6:$B$15=C17)), )"),"") | BI17: =IFERROR(__xludf.DUMMYFUNCTION("IFNA(SUM(FILTER('42 серия'!$B$6:$C$15,'42 серия'!$B$6:$B$15=C17)), )"),"") | BJ17: =IFERROR(__xludf.DUMMYFUNCTION("IFNA(SUM(FILTER('43 серия'!$B$6:$C$15,'43 серия'!$B$6:$B$15=C17)), )"),"") | BK17: =IFERROR(__xludf.DUMMYFUNCTION("IFNA(SUM(FILTER('44 серия'!$B$6:$C$15,'44 серия'!$B$6:$B$15=C17)), )"),"") | BL17: =IFERROR(__xludf.DUMMYFUNCTION("IFNA(SUM(FILTER('45 серия'!$B$6:$C$15,'45 серия'!$B$6:$B$15=C17)), )"),"") | BM17: =IFERROR(__xludf.DUMMYFUNCTION("IFNA(SUM(FILTER('46 серия'!$B$6:$C$15,'46 серия'!$B$6:$B$15=C17)), )"),"") | BN17: =IFERROR(__xludf.DUMMYFUNCTION("IFNA(SUM(FILTER('47 серия'!$B$6:$C$15,'47 серия'!$B$6:$B$15=C17)), )"),"") | BO17: =IFERROR(__xludf.DUMMYFUNCTION("IFNA(SUM(FILTER('48 серия'!$B$6:$C$15,'48 серия'!$B$6:$B$15=$C17)), )"),"") | BP17: =IFERROR(__xludf.DUMMYFUNCTION("IFNA(SUM(FILTER('49 серия'!$B$6:$C$15,'49 серия'!$B$6:$B$15=$C17)), )"),"") | BQ17: =IFERROR(__xludf.DUMMYFUNCTION("IFNA(SUM(FILTER('50 серия'!$B$6:$C$15,'50 серия'!$B$6:$B$15=$C17)), )"),"") | BR17: =IFERROR(__xludf.DUMMYFUNCTION("IFNA(SUM(FILTER('51 серия'!$B$6:$C$15,'51 серия'!$B$6:$B$15=$C17)), )"),"") | BS17: =IFERROR(__xludf.DUMMYFUNCTION("IFNA(SUM(FILTER('52 серия'!$B$6:$C$15,'52 серия'!$B$6:$B$15=C17)), )"),"") | BT17: =IFERROR(__xludf.DUMMYFUNCTION("IFNA(SUM(FILTER('53 серия'!$B$6:$C$15,'53 серия'!$B$6:$B$15=$C17)), )"),"") | BU17: =IFERROR(__xludf.DUMMYFUNCTION("IFNA(SUM(FILTER('54 серия'!$B$6:$C$15,'54 серия'!$B$6:$B$15=$C17)), )"),"") | BV17: =IFERROR(__xludf.DUMMYFUNCTION("IFNA(SUM(FILTER('55 серия'!$B$6:$C$15,'55 серия'!$B$6:$B$15=$C17)), )"),"") | BW17: =IFERROR(__xludf.DUMMYFUNCTION("IFNA(SUM(FILTER('56 серия'!$B$6:$C$15,'56 серия'!$B$6:$B$15=$C17)), )"),"") | BX17: =IFERROR(__xludf.DUMMYFUNCTION("IFNA(SUM(FILTER('57 серия'!$B$6:$C$15,'57 серия'!$B$6:$B$15=$C17)), )"),"") | BY17: =IFERROR(__xludf.DUMMYFUNCTION("IFNA(SUM(FILTER('58 серия'!$B$6:$C$15,'58 серия'!$B$6:$B$15=$C17)), )"),21.25) -> 21.25 | BZ17: =IFERROR(__xludf.DUMMYFUNCTION("IFNA(SUM(FILTER('59 серия'!$B$6:$C$15,'59 серия'!$B$6:$B$15=C17)), )"),20.0) -> 20 | CA17: =IFERROR(__xludf.DUMMYFUNCTION("IFNA(SUM(FILTER('60 серия'!$B$6:$C$15,'60 серия'!$B$6:$B$15=$C17)), )"),"")
B18: =ROW()-6 -> 12 | C18: Инсомнич | D18: ='Игроки статистика'!B16 -> 50 | E18: =SUM(T18:CAZ18)-R18-S18 -> 217.75 | F18: =IFERROR((((E18)/D18)*5), ) -> 21.775 | G18: =IFERROR(((I18+J18+K18)/D18), ) -> 2.955 | H18: =SUMIFS('Все игры'!C$3:C1011,'Все игры'!A$3:A1011,C18) -> 70 | I18: =E18-H18-J18-K18 -> 142.25 | J18: =SUMIFS('Все игры'!F$3:F1011,'Все игры'!A$3:A1011,C18) -> 1.5 | K18: =SUMIFS('Все игры'!G$3:G1011,'Все игры'!A$3:A1011,C18) -> 4 | L18: ='Игроки статистика'!G16 -> 7 | M18: =H18/2.5 -> 28 | N18: =SUM('Игроки статистика'!O16,'Игроки статистика'!Q16) -> 2 | O18: =SUM('Игроки статистика'!P16,'Игроки статистика'!R16) -> 0 | P18: =IFERROR(__xludf.DUMMYFUNCTION("IFNA(SUM(FILTER('Штрафы'!$D$5:$D1011,'Штрафы'!$C$5:$C1011=C18)), )"),"") | Q18: =IFERROR(__xludf.DUMMYFUNCTION("IFNA(SUM(FILTER('Штрафы'!$F$5:$F1011,'Штрафы'!$C$5:$C1011=C18)), )"),"") | T18: =IFERROR(__xludf.DUMMYFUNCTION("IFNA(SUM(FILTER('1 серия'!$B$6:$C$15,'1 серия'!$B$6:$B$15=C18)), )"),22.0) -> 22 | U18: =IFERROR(__xludf.DUMMYFUNCTION("IFNA(SUM(FILTER('2 серия'!$B$6:$C$15,'2 серия'!$B$6:$B$15=C18)), ) "),"") | V18: =IFERROR(__xludf.DUMMYFUNCTION("IFNA(SUM(FILTER('3 серия'!$B$6:$C$15,'3 серия'!$B$6:$B$15=C18)), ) "),"") | W18: =IFERROR(__xludf.DUMMYFUNCTION("IFNA(SUM(FILTER('4 серия'!$B$6:$C$15,'4 серия'!$B$6:$B$15=C18)), )"),"") | X18: =IFERROR(__xludf.DUMMYFUNCTION("IFNA(SUM(FILTER('5 серия'!$B$6:$C$15,'5 серия'!$B$6:$B$15=C18)), )"),"") | Y18: =IFERROR(__xludf.DUMMYFUNCTION("IFNA(SUM(FILTER('6 серия'!$B$6:$C$15,'6 серия'!$B$6:$B$15=C18)), )"),"") | Z18: =IFERROR(__xludf.DUMMYFUNCTION("IFNA(SUM(FILTER('7 серия'!$B$6:$C$15,'7 серия'!$B$6:$B$15=C18)), )"),25.0) -> 25 | AA18: =IFERROR(__xludf.DUMMYFUNCTION("IFNA(SUM(FILTER('8 серия'!$B$6:$C$15,'8 серия'!$B$6:$B$15=C18)), )"),"") | AB18: =IFERROR(__xludf.DUMMYFUNCTION("IFNA(SUM(FILTER('9 серия'!$B$7:$C$16,'9 серия'!$B$7:$B$16=C18)), )"),"") | AC18: =IFERROR(__xludf.DUMMYFUNCTION("IFNA(SUM(FILTER('10 серия'!$B$6:$C$15,'10 серия'!$B$6:$B$15=C18)), )"),"") | AD18: =IFERROR(__xludf.DUMMYFUNCTION("IFNA(SUM(FILTER('11 серия'!$B$6:$C$15,'11 серия'!$B$6:$B$15=C18)), )"),"") | AE18: =IFERROR(__xludf.DUMMYFUNCTION("IFNA(SUM(FILTER('12 серия'!$B$6:$C$15,'12 серия'!$B$6:$B$15=C18)), )"),"") | AF18: =IFERROR(__xludf.DUMMYFUNCTION("IFNA(SUM(FILTER('13 серия'!$B$6:$C$15,'13 серия'!$B$6:$B$15=C18)), )"),"") | AG18: =IFERROR(__xludf.DUMMYFUNCTION("IFNA(SUM(FILTER('14 серия'!$B$6:$C$15,'14 серия'!$B$6:$B$15=C18)), )"),"") | AH18: =IFERROR(__xludf.DUMMYFUNCTION("IFNA(SUM(FILTER('15 серия'!$B$6:$C$15,'15 серия'!$B$6:$B$15=C18)), )"),"") | AI18: =IFERROR(__xludf.DUMMYFUNCTION("IFNA(SUM(FILTER('16 серия'!$B$6:$C$15,'16 серия'!$B$6:$B$15=C18)), )"),"") | AJ18: =IFERROR(__xludf.DUMMYFUNCTION("IFNA(SUM(FILTER('17 серия'!$B$6:$C$15,'17 серия'!$B$6:$B$15=C18)), )"),"") | AK18: =IFERROR(__xludf.DUMMYFUNCTION("IFNA(SUM(FILTER('18 серия'!$B$6:$C$15,'18 серия'!$B$6:$B$15=C18)), )"),"") | AL18: =IFERROR(__xludf.DUMMYFUNCTION("IFNA(SUM(FILTER('19 серия'!$B$6:$C$15,'19 серия'!$B$6:$B$15=C18)), )"),"") | AM18: =IFERROR(__xludf.DUMMYFUNCTION("IFNA(SUM(FILTER('20 серия'!$B$6:$C$15,'20 серия'!$B$6:$B$15=C18)), )"),"") | AN18: =IFERROR(__xludf.DUMMYFUNCTION("IFNA(SUM(FILTER('21 серия'!$B$6:$C$15,'21 серия'!$B$6:$B$15=C18)), )"),24.25) -> 24.25 | AO18: =IFERROR(__xludf.DUMMYFUNCTION("IFNA(SUM(FILTER('22 серия'!$B$6:$C$15,'22 серия'!$B$6:$B$15=C18)), )"),"") | AP18: =IFERROR(__xludf.DUMMYFUNCTION("IFNA(SUM(FILTER('23 серия'!$B$6:$C$15,'23 серия'!$B$6:$B$15=C18)), )"),"") | AQ18: =IFERROR(__xludf.DUMMYFUNCTION("IFNA(SUM(FILTER('24 серия'!$B$6:$C$15,'24 серия'!$B$6:$B$15=C18)), )"),"") | AR18: =IFERROR(__xludf.DUMMYFUNCTION("IFNA(SUM(FILTER('25 серия'!$B$6:$C$15,'25 серия'!$B$6:$B$15=C18)), )"),"") | AS18: =IFERROR(__xludf.DUMMYFUNCTION("IFNA(SUM(FILTER('26 серия'!$B$6:$C$15,'26 серия'!$B$6:$B$15=C18)), )"),"") | AT18: =IFERROR(__xludf.DUMMYFUNCTION("IFNA(SUM(FILTER('27 серия'!$B$6:$C$15,'27 серия'!$B$6:$B$15=C18)), )"),"") | AU18: =IFERROR(__xludf.DUMMYFUNCTION("IFNA(SUM(FILTER('28 серия'!$B$6:$C$15,'28 серия'!$B$6:$B$15=C18)), )"),17.5) -> 17.5 | AV18: =IFERROR(__xludf.DUMMYFUNCTION("IFNA(SUM(FILTER('29 серия'!$B$6:$C$15,'29 серия'!$B$6:$B$15=C18)), )"),"") | AW18: =IFERROR(__xludf.DUMMYFUNCTION("IFNA(SUM(FILTER('30 серия'!$B$6:$C$15,'30 серия'!$B$6:$B$15=C18)), )"),"") | AX18: =IFERROR(__xludf.DUMMYFUNCTION("IFNA(SUM(FILTER('31 серия'!$B$6:$C$15,'31 серия'!$B$6:$B$15=C18)), )"),"") | AY18: =IFERROR(__xludf.DUMMYFUNCTION("IFNA(SUM(FILTER('32 серия'!$B$6:$C$15,'32 серия'!$B$6:$B$15=C18)), )"),"") | AZ18: =IFERROR(__xludf.DUMMYFUNCTION("IFNA(SUM(FILTER('33 серия'!$B$6:$C$15,'33 серия'!$B$6:$B$15=C18)), )"),22.75) -> 22.75 | BA18: =IFERROR(__xludf.DUMMYFUNCTION("IFNA(SUM(FILTER('34 серия'!$B$6:$C$15,'34 серия'!$B$6:$B$15=C18)), )"),"") | BB18: =IFERROR(__xludf.DUMMYFUNCTION("IFNA(SUM(FILTER('35 серия'!$B$6:$C$15,'35 серия'!$B$6:$B$15=C18)), )"),"") | BC18: =IFERROR(__xludf.DUMMYFUNCTION("IFNA(SUM(FILTER('36 серия'!$B$6:$C$15,'36 серия'!$B$6:$B$15=C18)), )"),"") | BD18: =IFERROR(__xludf.DUMMYFUNCTION("IFNA(SUM(FILTER('37 серия'!$B$6:$C$15,'37 серия'!$B$6:$B$15=C18)), )"),18.0) -> 18 | BE18: =IFERROR(__xludf.DUMMYFUNCTION("IFNA(SUM(FILTER('38 серия'!$B$6:$C$15,'38 серия'!$B$6:$B$15=C18)), )"),"") | BF18: =IFERROR(__xludf.DUMMYFUNCTION("IFNA(SUM(FILTER('39 серия'!$B$6:$C$15,'39 серия'!$B$6:$B$15=C18)), )"),"") | BG18: =IFERROR(__xludf.DUMMYFUNCTION("IFNA(SUM(FILTER('40 серия'!$B$6:$C$15,'40 серия'!$B$6:$B$15=C18)), )"),"") | BH18: =IFERROR(__xludf.DUMMYFUNCTION("IFNA(SUM(FILTER('41 серия'!$B$6:$C$15,'41 серия'!$B$6:$B$15=C18)), )"),"") | BI18: =IFERROR(__xludf.DUMMYFUNCTION("IFNA(SUM(FILTER('42 серия'!$B$6:$C$15,'42 серия'!$B$6:$B$15=C18)), )"),"") | BJ18: =IFERROR(__xludf.DUMMYFUNCTION("IFNA(SUM(FILTER('43 серия'!$B$6:$C$15,'43 серия'!$B$6:$B$15=C18)), )"),"") | BK18: =IFERROR(__xludf.DUMMYFUNCTION("IFNA(SUM(FILTER('44 серия'!$B$6:$C$15,'44 серия'!$B$6:$B$15=C18)), )"),"") | BL18: =IFERROR(__xludf.DUMMYFUNCTION("IFNA(SUM(FILTER('45 серия'!$B$6:$C$15,'45 серия'!$B$6:$B$15=C18)), )"),"") | BM18: =IFERROR(__xludf.DUMMYFUNCTION("IFNA(SUM(FILTER('46 серия'!$B$6:$C$15,'46 серия'!$B$6:$B$15=C18)), )"),"") | BN18: =IFERROR(__xludf.DUMMYFUNCTION("IFNA(SUM(FILTER('47 серия'!$B$6:$C$15,'47 серия'!$B$6:$B$15=C18)), )"),"") | BO18: =IFERROR(__xludf.DUMMYFUNCTION("IFNA(SUM(FILTER('48 серия'!$B$6:$C$15,'48 серия'!$B$6:$B$15=$C18)), )"),"") | BP18: =IFERROR(__xludf.DUMMYFUNCTION("IFNA(SUM(FILTER('49 серия'!$B$6:$C$15,'49 серия'!$B$6:$B$15=$C18)), )"),"") | BQ18: =IFERROR(__xludf.DUMMYFUNCTION("IFNA(SUM(FILTER('50 серия'!$B$6:$C$15,'50 серия'!$B$6:$B$15=$C18)), )"),18.75) -> 18.75 | BR18: =IFERROR(__xludf.DUMMYFUNCTION("IFNA(SUM(FILTER('51 серия'!$B$6:$C$15,'51 серия'!$B$6:$B$15=$C18)), )"),25.25) -> 25.25 | BS18: =IFERROR(__xludf.DUMMYFUNCTION("IFNA(SUM(FILTER('52 серия'!$B$6:$C$15,'52 серия'!$B$6:$B$15=C18)), )"),"") | BT18: =IFERROR(__xludf.DUMMYFUNCTION("IFNA(SUM(FILTER('53 серия'!$B$6:$C$15,'53 серия'!$B$6:$B$15=$C18)), )"),"") | BU18: =IFERROR(__xludf.DUMMYFUNCTION("IFNA(SUM(FILTER('54 серия'!$B$6:$C$15,'54 серия'!$B$6:$B$15=$C18)), )"),"") | BV18: =IFERROR(__xludf.DUMMYFUNCTION("IFNA(SUM(FILTER('55 серия'!$B$6:$C$15,'55 серия'!$B$6:$B$15=$C18)), )"),22.75) -> 22.75 | BW18: =IFERROR(__xludf.DUMMYFUNCTION("IFNA(SUM(FILTER('56 серия'!$B$6:$C$15,'56 серия'!$B$6:$B$15=$C18)), )"),21.5) -> 21.5 | BX18: =IFERROR(__xludf.DUMMYFUNCTION("IFNA(SUM(FILTER('57 серия'!$B$6:$C$15,'57 серия'!$B$6:$B$15=$C18)), )"),"") | BY18: =IFERROR(__xludf.DUMMYFUNCTION("IFNA(SUM(FILTER('58 серия'!$B$6:$C$15,'58 серия'!$B$6:$B$15=$C18)), )"),"") | BZ18: =IFERROR(__xludf.DUMMYFUNCTION("IFNA(SUM(FILTER('59 серия'!$B$6:$C$15,'59 серия'!$B$6:$B$15=C18)), )"),"") | CA18: =IFERROR(__xludf.DUMMYFUNCTION("IFNA(SUM(FILTER('60 серия'!$B$6:$C$15,'60 серия'!$B$6:$B$15=$C18)), )"),"")
B19: =ROW()-6 -> 13 | C19: Красавчик | D19: ='Игроки статистика'!B17 -> 50 | E19: =SUM(T19:CAZ19)-R19-S19 -> 190.5 | F19: =IFERROR((((E19)/D19)*5), ) -> 19.05 | G19: =IFERROR(((I19+J19+K19)/D19), ) -> 2.61 | H19: =SUMIFS('Все игры'!C$3:C1011,'Все игры'!A$3:A1011,C19) -> 60 | I19: =E19-H19-J19-K19 -> 129 | J19: =SUMIFS('Все игры'!F$3:F1011,'Все игры'!A$3:A1011,C19) -> 0 | K19: =SUMIFS('Все игры'!G$3:G1011,'Все игры'!A$3:A1011,C19) -> 1.5 | L19: ='Игроки статистика'!G17 -> 3 | M19: =H19/2.5 -> 24 | N19: =SUM('Игроки статистика'!O17,'Игроки статистика'!Q17) -> 2 | O19: =SUM('Игроки статистика'!P17,'Игроки статистика'!R17) -> 4 | P19: =IFERROR(__xludf.DUMMYFUNCTION("IFNA(SUM(FILTER('Штрафы'!$D$5:$D1011,'Штрафы'!$C$5:$C1011=C19)), )"),"") | Q19: =IFERROR(__xludf.DUMMYFUNCTION("IFNA(SUM(FILTER('Штрафы'!$F$5:$F1011,'Штрафы'!$C$5:$C1011=C19)), )"),"") | T19: =IFERROR(__xludf.DUMMYFUNCTION("IFNA(SUM(FILTER('1 серия'!$B$6:$C$15,'1 серия'!$B$6:$B$15=C19)), )"),"") | U19: =IFERROR(__xludf.DUMMYFUNCTION("IFNA(SUM(FILTER('2 серия'!$B$6:$C$15,'2 серия'!$B$6:$B$15=C19)), ) "),"") | V19: =IFERROR(__xludf.DUMMYFUNCTION("IFNA(SUM(FILTER('3 серия'!$B$6:$C$15,'3 серия'!$B$6:$B$15=C19)), ) "),23.25) -> 23.25 | W19: =IFERROR(__xludf.DUMMYFUNCTION("IFNA(SUM(FILTER('4 серия'!$B$6:$C$15,'4 серия'!$B$6:$B$15=C19)), )"),"") | X19: =IFERROR(__xludf.DUMMYFUNCTION("IFNA(SUM(FILTER('5 серия'!$B$6:$C$15,'5 серия'!$B$6:$B$15=C19)), )"),20.5) -> 20.5 | Y19: =IFERROR(__xludf.DUMMYFUNCTION("IFNA(SUM(FILTER('6 серия'!$B$6:$C$15,'6 серия'!$B$6:$B$15=C19)), )"),"") | Z19: =IFERROR(__xludf.DUMMYFUNCTION("IFNA(SUM(FILTER('7 серия'!$B$6:$C$15,'7 серия'!$B$6:$B$15=C19)), )"),22.0) -> 22 | AA19: =IFERROR(__xludf.DUMMYFUNCTION("IFNA(SUM(FILTER('8 серия'!$B$6:$C$15,'8 серия'!$B$6:$B$15=C19)), )"),"") | AB19: =IFERROR(__xludf.DUMMYFUNCTION("IFNA(SUM(FILTER('9 серия'!$B$7:$C$16,'9 серия'!$B$7:$B$16=C19)), )"),"") | AC19: =IFERROR(__xludf.DUMMYFUNCTION("IFNA(SUM(FILTER('10 серия'!$B$6:$C$15,'10 серия'!$B$6:$B$15=C19)), )"),"") | AD19: =IFERROR(__xludf.DUMMYFUNCTION("IFNA(SUM(FILTER('11 серия'!$B$6:$C$15,'11 серия'!$B$6:$B$15=C19)), )"),"") | AE19: =IFERROR(__xludf.DUMMYFUNCTION("IFNA(SUM(FILTER('12 серия'!$B$6:$C$15,'12 серия'!$B$6:$B$15=C19)), )"),"") | AF19: =IFERROR(__xludf.DUMMYFUNCTION("IFNA(SUM(FILTER('13 серия'!$B$6:$C$15,'13 серия'!$B$6:$B$15=C19)), )"),"") | AG19: =IFERROR(__xludf.DUMMYFUNCTION("IFNA(SUM(FILTER('14 серия'!$B$6:$C$15,'14 серия'!$B$6:$B$15=C19)), )"),"") | AH19: =IFERROR(__xludf.DUMMYFUNCTION("IFNA(SUM(FILTER('15 серия'!$B$6:$C$15,'15 серия'!$B$6:$B$15=C19)), )"),"") | AI19: =IFERROR(__xludf.DUMMYFUNCTION("IFNA(SUM(FILTER('16 серия'!$B$6:$C$15,'16 серия'!$B$6:$B$15=C19)), )"),"") | AJ19: =IFERROR(__xludf.DUMMYFUNCTION("IFNA(SUM(FILTER('17 серия'!$B$6:$C$15,'17 серия'!$B$6:$B$15=C19)), )"),"") | AK19: =IFERROR(__xludf.DUMMYFUNCTION("IFNA(SUM(FILTER('18 серия'!$B$6:$C$15,'18 серия'!$B$6:$B$15=C19)), )"),18.25) -> 18.25 | AL19: =IFERROR(__xludf.DUMMYFUNCTION("IFNA(SUM(FILTER('19 серия'!$B$6:$C$15,'19 серия'!$B$6:$B$15=C19)), )"),"") | AM19: =IFERROR(__xludf.DUMMYFUNCTION("IFNA(SUM(FILTER('20 серия'!$B$6:$C$15,'20 серия'!$B$6:$B$15=C19)), )"),"") | AN19: =IFERROR(__xludf.DUMMYFUNCTION("IFNA(SUM(FILTER('21 серия'!$B$6:$C$15,'21 серия'!$B$6:$B$15=C19)), )"),"") | AO19: =IFERROR(__xludf.DUMMYFUNCTION("IFNA(SUM(FILTER('22 серия'!$B$6:$C$15,'22 серия'!$B$6:$B$15=C19)), )"),"") | AP19: =IFERROR(__xludf.DUMMYFUNCTION("IFNA(SUM(FILTER('23 серия'!$B$6:$C$15,'23 серия'!$B$6:$B$15=C19)), )"),"") | AQ19: =IFERROR(__xludf.DUMMYFUNCTION("IFNA(SUM(FILTER('24 серия'!$B$6:$C$15,'24 серия'!$B$6:$B$15=C19)), )"),"") | AR19: =IFERROR(__xludf.DUMMYFUNCTION("IFNA(SUM(FILTER('25 серия'!$B$6:$C$15,'25 серия'!$B$6:$B$15=C19)), )"),14.25) -> 14.25 | AS19: =IFERROR(__xludf.DUMMYFUNCTION("IFNA(SUM(FILTER('26 серия'!$B$6:$C$15,'26 серия'!$B$6:$B$15=C19)), )"),"") | AT19: =IFERROR(__xludf.DUMMYFUNCTION("IFNA(SUM(FILTER('27 серия'!$B$6:$C$15,'27 серия'!$B$6:$B$15=C19)), )"),"") | AU19: =IFERROR(__xludf.DUMMYFUNCTION("IFNA(SUM(FILTER('28 серия'!$B$6:$C$15,'28 серия'!$B$6:$B$15=C19)), )"),"") | AV19: =IFERROR(__xludf.DUMMYFUNCTION("IFNA(SUM(FILTER('29 серия'!$B$6:$C$15,'29 серия'!$B$6:$B$15=C19)), )"),"") | AW19: =IFERROR(__xludf.DUMMYFUNCTION("IFNA(SUM(FILTER('30 серия'!$B$6:$C$15,'30 серия'!$B$6:$B$15=C19)), )"),"") | AX19: =IFERROR(__xludf.DUMMYFUNCTION("IFNA(SUM(FILTER('31 серия'!$B$6:$C$15,'31 серия'!$B$6:$B$15=C19)), )"),"") | AY19: =IFERROR(__xludf.DUMMYFUNCTION("IFNA(SUM(FILTER('32 серия'!$B$6:$C$15,'32 серия'!$B$6:$B$15=C19)), )"),"") | AZ19: =IFERROR(__xludf.DUMMYFUNCTION("IFNA(SUM(FILTER('33 серия'!$B$6:$C$15,'33 серия'!$B$6:$B$15=C19)), )"),"") | BA19: =IFERROR(__xludf.DUMMYFUNCTION("IFNA(SUM(FILTER('34 серия'!$B$6:$C$15,'34 серия'!$B$6:$B$15=C19)), )"),"") | BB19: =IFERROR(__xludf.DUMMYFUNCTION("IFNA(SUM(FILTER('35 серия'!$B$6:$C$15,'35 серия'!$B$6:$B$15=C19)), )"),"") | BC19: =IFERROR(__xludf.DUMMYFUNCTION("IFNA(SUM(FILTER('36 серия'!$B$6:$C$15,'36 серия'!$B$6:$B$15=C19)), )"),"") | BD19: =IFERROR(__xludf.DUMMYFUNCTION("IFNA(SUM(FILTER('37 серия'!$B$6:$C$15,'37 серия'!$B$6:$B$15=C19)), )"),"") | BE19: =IFERROR(__xludf.DUMMYFUNCTION("IFNA(SUM(FILTER('38 серия'!$B$6:$C$15,'38 серия'!$B$6:$B$15=C19)), )"),"") | BF19: =IFERROR(__xludf.DUMMYFUNCTION("IFNA(SUM(FILTER('39 серия'!$B$6:$C$15,'39 серия'!$B$6:$B$15=C19)), )"),"") | BG19: =IFERROR(__xludf.DUMMYFUNCTION("IFNA(SUM(FILTER('40 серия'!$B$6:$C$15,'40 серия'!$B$6:$B$15=C19)), )"),"") | BH19: =IFERROR(__xludf.DUMMYFUNCTION("IFNA(SUM(FILTER('41 серия'!$B$6:$C$15,'41 серия'!$B$6:$B$15=C19)), )"),"") | BI19: =IFERROR(__xludf.DUMMYFUNCTION("IFNA(SUM(FILTER('42 серия'!$B$6:$C$15,'42 серия'!$B$6:$B$15=C19)), )"),"") | BJ19: =IFERROR(__xludf.DUMMYFUNCTION("IFNA(SUM(FILTER('43 серия'!$B$6:$C$15,'43 серия'!$B$6:$B$15=C19)), )"),"") | BK19: =IFERROR(__xludf.DUMMYFUNCTION("IFNA(SUM(FILTER('44 серия'!$B$6:$C$15,'44 серия'!$B$6:$B$15=C19)), )"),22.25) -> 22.25 | BL19: =IFERROR(__xludf.DUMMYFUNCTION("IFNA(SUM(FILTER('45 серия'!$B$6:$C$15,'45 серия'!$B$6:$B$15=C19)), )"),"") | BM19: =IFERROR(__xludf.DUMMYFUNCTION("IFNA(SUM(FILTER('46 серия'!$B$6:$C$15,'46 серия'!$B$6:$B$15=C19)), )"),15.0) -> 15 | BN19: =IFERROR(__xludf.DUMMYFUNCTION("IFNA(SUM(FILTER('47 серия'!$B$6:$C$15,'47 серия'!$B$6:$B$15=C19)), )"),21.0) -> 21 | BO19: =IFERROR(__xludf.DUMMYFUNCTION("IFNA(SUM(FILTER('48 серия'!$B$6:$C$15,'48 серия'!$B$6:$B$15=$C19)), )"),"") | BP19: =IFERROR(__xludf.DUMMYFUNCTION("IFNA(SUM(FILTER('49 серия'!$B$6:$C$15,'49 серия'!$B$6:$B$15=$C19)), )"),18.0) -> 18 | BQ19: =IFERROR(__xludf.DUMMYFUNCTION("IFNA(SUM(FILTER('50 серия'!$B$6:$C$15,'50 серия'!$B$6:$B$15=$C19)), )"),"") | BR19: =IFERROR(__xludf.DUMMYFUNCTION("IFNA(SUM(FILTER('51 серия'!$B$6:$C$15,'51 серия'!$B$6:$B$15=$C19)), )"),"") | BS19: =IFERROR(__xludf.DUMMYFUNCTION("IFNA(SUM(FILTER('52 серия'!$B$6:$C$15,'52 серия'!$B$6:$B$15=C19)), )"),"") | BT19: =IFERROR(__xludf.DUMMYFUNCTION("IFNA(SUM(FILTER('53 серия'!$B$6:$C$15,'53 серия'!$B$6:$B$15=$C19)), )"),"") | BU19: =IFERROR(__xludf.DUMMYFUNCTION("IFNA(SUM(FILTER('54 серия'!$B$6:$C$15,'54 серия'!$B$6:$B$15=$C19)), )"),16.0) -> 16 | BV19: =IFERROR(__xludf.DUMMYFUNCTION("IFNA(SUM(FILTER('55 серия'!$B$6:$C$15,'55 серия'!$B$6:$B$15=$C19)), )"),"") | BW19: =IFERROR(__xludf.DUMMYFUNCTION("IFNA(SUM(FILTER('56 серия'!$B$6:$C$15,'56 серия'!$B$6:$B$15=$C19)), )"),"") | BX19: =IFERROR(__xludf.DUMMYFUNCTION("IFNA(SUM(FILTER('57 серия'!$B$6:$C$15,'57 серия'!$B$6:$B$15=$C19)), )"),"") | BY19: =IFERROR(__xludf.DUMMYFUNCTION("IFNA(SUM(FILTER('58 серия'!$B$6:$C$15,'58 серия'!$B$6:$B$15=$C19)), )"),"") | BZ19: =IFERROR(__xludf.DUMMYFUNCTION("IFNA(SUM(FILTER('59 серия'!$B$6:$C$15,'59 серия'!$B$6:$B$15=C19)), )"),"") | CA19: =IFERROR(__xludf.DUMMYFUNCTION("IFNA(SUM(FILTER('60 серия'!$B$6:$C$15,'60 серия'!$B$6:$B$15=$C19)), )"),"")
B20: =ROW()-6 -> 14 | C20: Крестный отец (BLR) | D20: ='Игроки статистика'!B18 -> 50 | E20: =SUM(T20:CAZ20)-R20-S20 -> 213.25 | F20: =IFERROR((((E20)/D20)*5), ) -> 21.325 | G20: =IFERROR(((I20+J20+K20)/D20), ) -> 2.865 | H20: =SUMIFS('Все игры'!C$3:C1011,'Все игры'!A$3:A1011,C20) -> 70 | I20: =E20-H20-J20-K20 -> 142.25 | J20: =SUMIFS('Все игры'!F$3:F1011,'Все игры'!A$3:A1011,C20) -> 0 | K20: =SUMIFS('Все игры'!G$3:G1011,'Все игры'!A$3:A1011,C20) -> 1 | L20: ='Игроки статистика'!G18 -> 2 | M20: =H20/2.5 -> 28 | N20: =SUM('Игроки статистика'!O18,'Игроки статистика'!Q18) -> 5 | O20: =SUM('Игроки статистика'!P18,'Игроки статистика'!R18) -> 4 | P20: =IFERROR(__xludf.DUMMYFUNCTION("IFNA(SUM(FILTER('Штрафы'!$D$5:$D1011,'Штрафы'!$C$5:$C1011=C20)), )"),"") | Q20: =IFERROR(__xludf.DUMMYFUNCTION("IFNA(SUM(FILTER('Штрафы'!$F$5:$F1011,'Штрафы'!$C$5:$C1011=C20)), )"),"") | T20: =IFERROR(__xludf.DUMMYFUNCTION("IFNA(SUM(FILTER('1 серия'!$B$6:$C$15,'1 серия'!$B$6:$B$15=C20)), )"),"") | U20: =IFERROR(__xludf.DUMMYFUNCTION("IFNA(SUM(FILTER('2 серия'!$B$6:$C$15,'2 серия'!$B$6:$B$15=C20)), ) "),"") | V20: =IFERROR(__xludf.DUMMYFUNCTION("IFNA(SUM(FILTER('3 серия'!$B$6:$C$15,'3 серия'!$B$6:$B$15=C20)), ) "),"") | W20: =IFERROR(__xludf.DUMMYFUNCTION("IFNA(SUM(FILTER('4 серия'!$B$6:$C$15,'4 серия'!$B$6:$B$15=C20)), )"),"") | X20: =IFERROR(__xludf.DUMMYFUNCTION("IFNA(SUM(FILTER('5 серия'!$B$6:$C$15,'5 серия'!$B$6:$B$15=C20)), )"),"") | Y20: =IFERROR(__xludf.DUMMYFUNCTION("IFNA(SUM(FILTER('6 серия'!$B$6:$C$15,'6 серия'!$B$6:$B$15=C20)), )"),"") | Z20: =IFERROR(__xludf.DUMMYFUNCTION("IFNA(SUM(FILTER('7 серия'!$B$6:$C$15,'7 серия'!$B$6:$B$15=C20)), )"),"") | AA20: =IFERROR(__xludf.DUMMYFUNCTION("IFNA(SUM(FILTER('8 серия'!$B$6:$C$15,'8 серия'!$B$6:$B$15=C20)), )"),"") | AB20: =IFERROR(__xludf.DUMMYFUNCTION("IFNA(SUM(FILTER('9 серия'!$B$7:$C$16,'9 серия'!$B$7:$B$16=C20)), )"),"") | AC20: =IFERROR(__xludf.DUMMYFUNCTION("IFNA(SUM(FILTER('10 серия'!$B$6:$C$15,'10 серия'!$B$6:$B$15=C20)), )"),"") | AD20: =IFERROR(__xludf.DUMMYFUNCTION("IFNA(SUM(FILTER('11 серия'!$B$6:$C$15,'11 серия'!$B$6:$B$15=C20)), )"),"") | AE20: =IFERROR(__xludf.DUMMYFUNCTION("IFNA(SUM(FILTER('12 серия'!$B$6:$C$15,'12 серия'!$B$6:$B$15=C20)), )"),"") | AF20: =IFERROR(__xludf.DUMMYFUNCTION("IFNA(SUM(FILTER('13 серия'!$B$6:$C$15,'13 серия'!$B$6:$B$15=C20)), )"),"") | AG20: =IFERROR(__xludf.DUMMYFUNCTION("IFNA(SUM(FILTER('14 серия'!$B$6:$C$15,'14 серия'!$B$6:$B$15=C20)), )"),"") | AH20: =IFERROR(__xludf.DUMMYFUNCTION("IFNA(SUM(FILTER('15 серия'!$B$6:$C$15,'15 серия'!$B$6:$B$15=C20)), )"),25.0) -> 25 | AI20: =IFERROR(__xludf.DUMMYFUNCTION("IFNA(SUM(FILTER('16 серия'!$B$6:$C$15,'16 серия'!$B$6:$B$15=C20)), )"),16.0) -> 16 | AJ20: =IFERROR(__xludf.DUMMYFUNCTION("IFNA(SUM(FILTER('17 серия'!$B$6:$C$15,'17 серия'!$B$6:$B$15=C20)), )"),"") | AK20: =IFERROR(__xludf.DUMMYFUNCTION("IFNA(SUM(FILTER('18 серия'!$B$6:$C$15,'18 серия'!$B$6:$B$15=C20)), )"),"") | AL20: =IFERROR(__xludf.DUMMYFUNCTION("IFNA(SUM(FILTER('19 серия'!$B$6:$C$15,'19 серия'!$B$6:$B$15=C20)), )"),"") | AM20: =IFERROR(__xludf.DUMMYFUNCTION("IFNA(SUM(FILTER('20 серия'!$B$6:$C$15,'20 серия'!$B$6:$B$15=C20)), )"),"") | AN20: =IFERROR(__xludf.DUMMYFUNCTION("IFNA(SUM(FILTER('21 серия'!$B$6:$C$15,'21 серия'!$B$6:$B$15=C20)), )"),"") | AO20: =IFERROR(__xludf.DUMMYFUNCTION("IFNA(SUM(FILTER('22 серия'!$B$6:$C$15,'22 серия'!$B$6:$B$15=C20)), )"),21.25) -> 21.25 | AP20: =IFERROR(__xludf.DUMMYFUNCTION("IFNA(SUM(FILTER('23 серия'!$B$6:$C$15,'23 серия'!$B$6:$B$15=C20)), )"),"") | AQ20: =IFERROR(__xludf.DUMMYFUNCTION("IFNA(SUM(FILTER('24 серия'!$B$6:$C$15,'24 серия'!$B$6:$B$15=C20)), )"),"") | AR20: =IFERROR(__xludf.DUMMYFUNCTION("IFNA(SUM(FILTER('25 серия'!$B$6:$C$15,'25 серия'!$B$6:$B$15=C20)), )"),"") | AS20: =IFERROR(__xludf.DUMMYFUNCTION("IFNA(SUM(FILTER('26 серия'!$B$6:$C$15,'26 серия'!$B$6:$B$15=C20)), )"),"") | AT20: =IFERROR(__xludf.DUMMYFUNCTION("IFNA(SUM(FILTER('27 серия'!$B$6:$C$15,'27 серия'!$B$6:$B$15=C20)), )"),21.5) -> 21.5 | AU20: =IFERROR(__xludf.DUMMYFUNCTION("IFNA(SUM(FILTER('28 серия'!$B$6:$C$15,'28 серия'!$B$6:$B$15=C20)), )"),"") | AV20: =IFERROR(__xludf.DUMMYFUNCTION("IFNA(SUM(FILTER('29 серия'!$B$6:$C$15,'29 серия'!$B$6:$B$15=C20)), )"),19.25) -> 19.25 | AW20: =IFERROR(__xludf.DUMMYFUNCTION("IFNA(SUM(FILTER('30 серия'!$B$6:$C$15,'30 серия'!$B$6:$B$15=C20)), )"),22.25) -> 22.25 | AX20: =IFERROR(__xludf.DUMMYFUNCTION("IFNA(SUM(FILTER('31 серия'!$B$6:$C$15,'31 серия'!$B$6:$B$15=C20)), )"),"") | AY20: =IFERROR(__xludf.DUMMYFUNCTION("IFNA(SUM(FILTER('32 серия'!$B$6:$C$15,'32 серия'!$B$6:$B$15=C20)), )"),"") | AZ20: =IFERROR(__xludf.DUMMYFUNCTION("IFNA(SUM(FILTER('33 серия'!$B$6:$C$15,'33 серия'!$B$6:$B$15=C20)), )"),"") | BA20: =IFERROR(__xludf.DUMMYFUNCTION("IFNA(SUM(FILTER('34 серия'!$B$6:$C$15,'34 серия'!$B$6:$B$15=C20)), )"),"") | BB20: =IFERROR(__xludf.DUMMYFUNCTION("IFNA(SUM(FILTER('35 серия'!$B$6:$C$15,'35 серия'!$B$6:$B$15=C20)), )"),"") | BC20: =IFERROR(__xludf.DUMMYFUNCTION("IFNA(SUM(FILTER('36 серия'!$B$6:$C$15,'36 серия'!$B$6:$B$15=C20)), )"),"") | BD20: =IFERROR(__xludf.DUMMYFUNCTION("IFNA(SUM(FILTER('37 серия'!$B$6:$C$15,'37 серия'!$B$6:$B$15=C20)), )"),"") | BE20: =IFERROR(__xludf.DUMMYFUNCTION("IFNA(SUM(FILTER('38 серия'!$B$6:$C$15,'38 серия'!$B$6:$B$15=C20)), )"),"") | BF20: =IFERROR(__xludf.DUMMYFUNCTION("IFNA(SUM(FILTER('39 серия'!$B$6:$C$15,'39 серия'!$B$6:$B$15=C20)), )"),25.25) -> 25.25 | BG20: =IFERROR(__xludf.DUMMYFUNCTION("IFNA(SUM(FILTER('40 серия'!$B$6:$C$15,'40 серия'!$B$6:$B$15=C20)), )"),"") | BH20: =IFERROR(__xludf.DUMMYFUNCTION("IFNA(SUM(FILTER('41 серия'!$B$6:$C$15,'41 серия'!$B$6:$B$15=C20)), )"),"") | BI20: =IFERROR(__xludf.DUMMYFUNCTION("IFNA(SUM(FILTER('42 серия'!$B$6:$C$15,'42 серия'!$B$6:$B$15=C20)), )"),"") | BJ20: =IFERROR(__xludf.DUMMYFUNCTION("IFNA(SUM(FILTER('43 серия'!$B$6:$C$15,'43 серия'!$B$6:$B$15=C20)), )"),"") | BK20: =IFERROR(__xludf.DUMMYFUNCTION("IFNA(SUM(FILTER('44 серия'!$B$6:$C$15,'44 серия'!$B$6:$B$15=C20)), )"),"") | BL20: =IFERROR(__xludf.DUMMYFUNCTION("IFNA(SUM(FILTER('45 серия'!$B$6:$C$15,'45 серия'!$B$6:$B$15=C20)), )"),"") | BM20: =IFERROR(__xludf.DUMMYFUNCTION("IFNA(SUM(FILTER('46 серия'!$B$6:$C$15,'46 серия'!$B$6:$B$15=C20)), )"),"") | BN20: =IFERROR(__xludf.DUMMYFUNCTION("IFNA(SUM(FILTER('47 серия'!$B$6:$C$15,'47 серия'!$B$6:$B$15=C20)), )"),"") | BO20: =IFERROR(__xludf.DUMMYFUNCTION("IFNA(SUM(FILTER('48 серия'!$B$6:$C$15,'48 серия'!$B$6:$B$15=$C20)), )"),"") | BP20: =IFERROR(__xludf.DUMMYFUNCTION("IFNA(SUM(FILTER('49 серия'!$B$6:$C$15,'49 серия'!$B$6:$B$15=$C20)), )"),"") | BQ20: =IFERROR(__xludf.DUMMYFUNCTION("IFNA(SUM(FILTER('50 серия'!$B$6:$C$15,'50 серия'!$B$6:$B$15=$C20)), )"),"") | BR20: =IFERROR(__xludf.DUMMYFUNCTION("IFNA(SUM(FILTER('51 серия'!$B$6:$C$15,'51 серия'!$B$6:$B$15=$C20)), )"),"") | BS20: =IFERROR(__xludf.DUMMYFUNCTION("IFNA(SUM(FILTER('52 серия'!$B$6:$C$15,'52 серия'!$B$6:$B$15=C20)), )"),"") | BT20: =IFERROR(__xludf.DUMMYFUNCTION("IFNA(SUM(FILTER('53 серия'!$B$6:$C$15,'53 серия'!$B$6:$B$15=$C20)), )"),"") | BU20: =IFERROR(__xludf.DUMMYFUNCTION("IFNA(SUM(FILTER('54 серия'!$B$6:$C$15,'54 серия'!$B$6:$B$15=$C20)), )"),"") | BV20: =IFERROR(__xludf.DUMMYFUNCTION("IFNA(SUM(FILTER('55 серия'!$B$6:$C$15,'55 серия'!$B$6:$B$15=$C20)), )"),"") | BW20: =IFERROR(__xludf.DUMMYFUNCTION("IFNA(SUM(FILTER('56 серия'!$B$6:$C$15,'56 серия'!$B$6:$B$15=$C20)), )"),"") | BX20: =IFERROR(__xludf.DUMMYFUNCTION("IFNA(SUM(FILTER('57 серия'!$B$6:$C$15,'57 серия'!$B$6:$B$15=$C20)), )"),25.25) -> 25.25 | BY20: =IFERROR(__xludf.DUMMYFUNCTION("IFNA(SUM(FILTER('58 серия'!$B$6:$C$15,'58 серия'!$B$6:$B$15=$C20)), )"),14.5) -> 14.5 | BZ20: =IFERROR(__xludf.DUMMYFUNCTION("IFNA(SUM(FILTER('59 серия'!$B$6:$C$15,'59 серия'!$B$6:$B$15=C20)), )"),"") | CA20: =IFERROR(__xludf.DUMMYFUNCTION("IFNA(SUM(FILTER('60 серия'!$B$6:$C$15,'60 серия'!$B$6:$B$15=$C20)), )"),23.0) -> 23
B21: =ROW()-6 -> 15 | C21: Крёстный Отец (RU) | D21: ='Игроки статистика'!B19 -> 50 | E21: =SUM(T21:CAZ21)-R21-S21 -> 224.5 | F21: =IFERROR((((E21)/D21)*5), ) -> 22.45 | G21: =IFERROR(((I21+J21+K21)/D21), ) -> 3.14 | H21: =SUMIFS('Все игры'!C$3:C1011,'Все игры'!A$3:A1011,C21) -> 67.5 | I21: =E21-H21-J21-K21 -> 150 | J21: =SUMIFS('Все игры'!F$3:F1011,'Все игры'!A$3:A1011,C21) -> 2.5 | K21: =SUMIFS('Все игры'!G$3:G1011,'Все игры'!A$3:A1011,C21) -> 4.5 | L21: ='Игроки статистика'!G19 -> 9 | M21: =H21/2.5 -> 27 | N21: =SUM('Игроки статистика'!O19,'Игроки статистика'!Q19) -> 6 | O21: =SUM('Игроки статистика'!P19,'Игроки статистика'!R19) -> 5 | P21: =IFERROR(__xludf.DUMMYFUNCTION("IFNA(SUM(FILTER('Штрафы'!$D$5:$D1011,'Штрафы'!$C$5:$C1011=C21)), )"),"") | Q21: =IFERROR(__xludf.DUMMYFUNCTION("IFNA(SUM(FILTER('Штрафы'!$F$5:$F1011,'Штрафы'!$C$5:$C1011=C21)), )"),"") | T21: =IFERROR(__xludf.DUMMYFUNCTION("IFNA(SUM(FILTER('1 серия'!$B$6:$C$15,'1 серия'!$B$6:$B$15=C21)), )"),"") | U21: =IFERROR(__xludf.DUMMYFUNCTION("IFNA(SUM(FILTER('2 серия'!$B$6:$C$15,'2 серия'!$B$6:$B$15=C21)), ) "),"") | V21: =IFERROR(__xludf.DUMMYFUNCTION("IFNA(SUM(FILTER('3 серия'!$B$6:$C$15,'3 серия'!$B$6:$B$15=C21)), ) "),"") | W21: =IFERROR(__xludf.DUMMYFUNCTION("IFNA(SUM(FILTER('4 серия'!$B$6:$C$15,'4 серия'!$B$6:$B$15=C21)), )"),"") | X21: =IFERROR(__xludf.DUMMYFUNCTION("IFNA(SUM(FILTER('5 серия'!$B$6:$C$15,'5 серия'!$B$6:$B$15=C21)), )"),"") | Y21: =IFERROR(__xludf.DUMMYFUNCTION("IFNA(SUM(FILTER('6 серия'!$B$6:$C$15,'6 серия'!$B$6:$B$15=C21)), )"),"") | Z21: =IFERROR(__xludf.DUMMYFUNCTION("IFNA(SUM(FILTER('7 серия'!$B$6:$C$15,'7 серия'!$B$6:$B$15=C21)), )"),"") | AA21: =IFERROR(__xludf.DUMMYFUNCTION("IFNA(SUM(FILTER('8 серия'!$B$6:$C$15,'8 серия'!$B$6:$B$15=C21)), )"),"") | AB21: =IFERROR(__xludf.DUMMYFUNCTION("IFNA(SUM(FILTER('9 серия'!$B$7:$C$16,'9 серия'!$B$7:$B$16=C21)), )"),"") | AC21: =IFERROR(__xludf.DUMMYFUNCTION("IFNA(SUM(FILTER('10 серия'!$B$6:$C$15,'10 серия'!$B$6:$B$15=C21)), )"),"") | AD21: =IFERROR(__xludf.DUMMYFUNCTION("IFNA(SUM(FILTER('11 серия'!$B$6:$C$15,'11 серия'!$B$6:$B$15=C21)), )"),"") | AE21: =IFERROR(__xludf.DUMMYFUNCTION("IFNA(SUM(FILTER('12 серия'!$B$6:$C$15,'12 серия'!$B$6:$B$15=C21)), )"),"") | AF21: =IFERROR(__xludf.DUMMYFUNCTION("IFNA(SUM(FILTER('13 серия'!$B$6:$C$15,'13 серия'!$B$6:$B$15=C21)), )"),"") | AG21: =IFERROR(__xludf.DUMMYFUNCTION("IFNA(SUM(FILTER('14 серия'!$B$6:$C$15,'14 серия'!$B$6:$B$15=C21)), )"),"") | AH21: =IFERROR(__xludf.DUMMYFUNCTION("IFNA(SUM(FILTER('15 серия'!$B$6:$C$15,'15 серия'!$B$6:$B$15=C21)), )"),"") | AI21: =IFERROR(__xludf.DUMMYFUNCTION("IFNA(SUM(FILTER('16 серия'!$B$6:$C$15,'16 серия'!$B$6:$B$15=C21)), )"),"") | AJ21: =IFERROR(__xludf.DUMMYFUNCTION("IFNA(SUM(FILTER('17 серия'!$B$6:$C$15,'17 серия'!$B$6:$B$15=C21)), )"),"") | AK21: =IFERROR(__xludf.DUMMYFUNCTION("IFNA(SUM(FILTER('18 серия'!$B$6:$C$15,'18 серия'!$B$6:$B$15=C21)), )"),"") | AL21: =IFERROR(__xludf.DUMMYFUNCTION("IFNA(SUM(FILTER('19 серия'!$B$6:$C$15,'19 серия'!$B$6:$B$15=C21)), )"),"") | AM21: =IFERROR(__xludf.DUMMYFUNCTION("IFNA(SUM(FILTER('20 серия'!$B$6:$C$15,'20 серия'!$B$6:$B$15=C21)), )"),"") | AN21: =IFERROR(__xludf.DUMMYFUNCTION("IFNA(SUM(FILTER('21 серия'!$B$6:$C$15,'21 серия'!$B$6:$B$15=C21)), )"),"") | AO21: =IFERROR(__xludf.DUMMYFUNCTION("IFNA(SUM(FILTER('22 серия'!$B$6:$C$15,'22 серия'!$B$6:$B$15=C21)), )"),"") | AP21: =IFERROR(__xludf.DUMMYFUNCTION("IFNA(SUM(FILTER('23 серия'!$B$6:$C$15,'23 серия'!$B$6:$B$15=C21)), )"),"") | AQ21: =IFERROR(__xludf.DUMMYFUNCTION("IFNA(SUM(FILTER('24 серия'!$B$6:$C$15,'24 серия'!$B$6:$B$15=C21)), )"),"") | AR21: =IFERROR(__xludf.DUMMYFUNCTION("IFNA(SUM(FILTER('25 серия'!$B$6:$C$15,'25 серия'!$B$6:$B$15=C21)), )"),"") | AS21: =IFERROR(__xludf.DUMMYFUNCTION("IFNA(SUM(FILTER('26 серия'!$B$6:$C$15,'26 серия'!$B$6:$B$15=C21)), )"),"") | AT21: =IFERROR(__xludf.DUMMYFUNCTION("IFNA(SUM(FILTER('27 серия'!$B$6:$C$15,'27 серия'!$B$6:$B$15=C21)), )"),"") | AU21: =IFERROR(__xludf.DUMMYFUNCTION("IFNA(SUM(FILTER('28 серия'!$B$6:$C$15,'28 серия'!$B$6:$B$15=C21)), )"),"") | AV21: =IFERROR(__xludf.DUMMYFUNCTION("IFNA(SUM(FILTER('29 серия'!$B$6:$C$15,'29 серия'!$B$6:$B$15=C21)), )"),"") | AW21: =IFERROR(__xludf.DUMMYFUNCTION("IFNA(SUM(FILTER('30 серия'!$B$6:$C$15,'30 серия'!$B$6:$B$15=C21)), )"),"") | AX21: =IFERROR(__xludf.DUMMYFUNCTION("IFNA(SUM(FILTER('31 серия'!$B$6:$C$15,'31 серия'!$B$6:$B$15=C21)), )"),"") | AY21: =IFERROR(__xludf.DUMMYFUNCTION("IFNA(SUM(FILTER('32 серия'!$B$6:$C$15,'32 серия'!$B$6:$B$15=C21)), )"),"") | AZ21: =IFERROR(__xludf.DUMMYFUNCTION("IFNA(SUM(FILTER('33 серия'!$B$6:$C$15,'33 серия'!$B$6:$B$15=C21)), )"),18.0) -> 18 | BA21: =IFERROR(__xludf.DUMMYFUNCTION("IFNA(SUM(FILTER('34 серия'!$B$6:$C$15,'34 серия'!$B$6:$B$15=C21)), )"),23.0) -> 23 | BB21: =IFERROR(__xludf.DUMMYFUNCTION("IFNA(SUM(FILTER('35 серия'!$B$6:$C$15,'35 серия'!$B$6:$B$15=C21)), )"),30.5) -> 30.5 | BC21: =IFERROR(__xludf.DUMMYFUNCTION("IFNA(SUM(FILTER('36 серия'!$B$6:$C$15,'36 серия'!$B$6:$B$15=C21)), )"),17.25) -> 17.25 | BD21: =IFERROR(__xludf.DUMMYFUNCTION("IFNA(SUM(FILTER('37 серия'!$B$6:$C$15,'37 серия'!$B$6:$B$15=C21)), )"),"") | BE21: =IFERROR(__xludf.DUMMYFUNCTION("IFNA(SUM(FILTER('38 серия'!$B$6:$C$15,'38 серия'!$B$6:$B$15=C21)), )"),"") | BF21: =IFERROR(__xludf.DUMMYFUNCTION("IFNA(SUM(FILTER('39 серия'!$B$6:$C$15,'39 серия'!$B$6:$B$15=C21)), )"),"") | BG21: =IFERROR(__xludf.DUMMYFUNCTION("IFNA(SUM(FILTER('40 серия'!$B$6:$C$15,'40 серия'!$B$6:$B$15=C21)), )"),"") | BH21: =IFERROR(__xludf.DUMMYFUNCTION("IFNA(SUM(FILTER('41 серия'!$B$6:$C$15,'41 серия'!$B$6:$B$15=C21)), )"),"") | BI21: =IFERROR(__xludf.DUMMYFUNCTION("IFNA(SUM(FILTER('42 серия'!$B$6:$C$15,'42 серия'!$B$6:$B$15=C21)), )"),"") | BJ21: =IFERROR(__xludf.DUMMYFUNCTION("IFNA(SUM(FILTER('43 серия'!$B$6:$C$15,'43 серия'!$B$6:$B$15=C21)), )"),"") | BK21: =IFERROR(__xludf.DUMMYFUNCTION("IFNA(SUM(FILTER('44 серия'!$B$6:$C$15,'44 серия'!$B$6:$B$15=C21)), )"),"") | BL21: =IFERROR(__xludf.DUMMYFUNCTION("IFNA(SUM(FILTER('45 серия'!$B$6:$C$15,'45 серия'!$B$6:$B$15=C21)), )"),"") | BM21: =IFERROR(__xludf.DUMMYFUNCTION("IFNA(SUM(FILTER('46 серия'!$B$6:$C$15,'46 серия'!$B$6:$B$15=C21)), )"),25.25) -> 25.25 | BN21: =IFERROR(__xludf.DUMMYFUNCTION("IFNA(SUM(FILTER('47 серия'!$B$6:$C$15,'47 серия'!$B$6:$B$15=C21)), )"),14.75) -> 14.75 | BO21: =IFERROR(__xludf.DUMMYFUNCTION("IFNA(SUM(FILTER('48 серия'!$B$6:$C$15,'48 серия'!$B$6:$B$15=$C21)), )"),24.25) -> 24.25 | BP21: =IFERROR(__xludf.DUMMYFUNCTION("IFNA(SUM(FILTER('49 серия'!$B$6:$C$15,'49 серия'!$B$6:$B$15=$C21)), )"),21.75) -> 21.75 | BQ21: =IFERROR(__xludf.DUMMYFUNCTION("IFNA(SUM(FILTER('50 серия'!$B$6:$C$15,'50 серия'!$B$6:$B$15=$C21)), )"),20.25) -> 20.25 | BR21: =IFERROR(__xludf.DUMMYFUNCTION("IFNA(SUM(FILTER('51 серия'!$B$6:$C$15,'51 серия'!$B$6:$B$15=$C21)), )"),29.5) -> 29.5 | BS21: =IFERROR(__xludf.DUMMYFUNCTION("IFNA(SUM(FILTER('52 серия'!$B$6:$C$15,'52 серия'!$B$6:$B$15=C21)), )"),"") | BT21: =IFERROR(__xludf.DUMMYFUNCTION("IFNA(SUM(FILTER('53 серия'!$B$6:$C$15,'53 серия'!$B$6:$B$15=$C21)), )"),"") | BU21: =IFERROR(__xludf.DUMMYFUNCTION("IFNA(SUM(FILTER('54 серия'!$B$6:$C$15,'54 серия'!$B$6:$B$15=$C21)), )"),"") | BV21: =IFERROR(__xludf.DUMMYFUNCTION("IFNA(SUM(FILTER('55 серия'!$B$6:$C$15,'55 серия'!$B$6:$B$15=$C21)), )"),"") | BW21: =IFERROR(__xludf.DUMMYFUNCTION("IFNA(SUM(FILTER('56 серия'!$B$6:$C$15,'56 серия'!$B$6:$B$15=$C21)), )"),"") | BX21: =IFERROR(__xludf.DUMMYFUNCTION("IFNA(SUM(FILTER('57 серия'!$B$6:$C$15,'57 серия'!$B$6:$B$15=$C21)), )"),"") | BY21: =IFERROR(__xludf.DUMMYFUNCTION("IFNA(SUM(FILTER('58 серия'!$B$6:$C$15,'58 серия'!$B$6:$B$15=$C21)), )"),"") | BZ21: =IFERROR(__xludf.DUMMYFUNCTION("IFNA(SUM(FILTER('59 серия'!$B$6:$C$15,'59 серия'!$B$6:$B$15=C21)), )"),"") | CA21: =IFERROR(__xludf.DUMMYFUNCTION("IFNA(SUM(FILTER('60 серия'!$B$6:$C$15,'60 серия'!$B$6:$B$15=$C21)), )"),"")
B22: =ROW()-6 -> 16 | C22: Крот | D22: ='Игроки статистика'!B20 -> 50 | E22: =SUM(T22:CAZ22)-R22-S22 -> 184.25 | F22: =IFERROR((((E22)/D22)*5), ) -> 18.425 | G22: =IFERROR(((I22+J22+K22)/D22), ) -> 2.435 | H22: =SUMIFS('Все игры'!C$3:C1011,'Все игры'!A$3:A1011,C22) -> 62.5 | I22: =E22-H22-J22-K22 -> 121.75 | J22: =SUMIFS('Все игры'!F$3:F1011,'Все игры'!A$3:A1011,C22) -> 0 | K22: =SUMIFS('Все игры'!G$3:G1011,'Все игры'!A$3:A1011,C22) -> 0 | L22: ='Игроки статистика'!G20 -> 0 | M22: =H22/2.5 -> 25 | N22: =SUM('Игроки статистика'!O20,'Игроки статистика'!Q20) -> 6 | O22: =SUM('Игроки статистика'!P20,'Игроки статистика'!R20) -> 7 | P22: =IFERROR(__xludf.DUMMYFUNCTION("IFNA(SUM(FILTER('Штрафы'!$D$5:$D1011,'Штрафы'!$C$5:$C1011=C22)), )"),"") | Q22: =IFERROR(__xludf.DUMMYFUNCTION("IFNA(SUM(FILTER('Штрафы'!$F$5:$F1011,'Штрафы'!$C$5:$C1011=C22)), )"),"") | T22: =IFERROR(__xludf.DUMMYFUNCTION("IFNA(SUM(FILTER('1 серия'!$B$6:$C$15,'1 серия'!$B$6:$B$15=C22)), )"),"") | U22: =IFERROR(__xludf.DUMMYFUNCTION("IFNA(SUM(FILTER('2 серия'!$B$6:$C$15,'2 серия'!$B$6:$B$15=C22)), ) "),"") | V22: =IFERROR(__xludf.DUMMYFUNCTION("IFNA(SUM(FILTER('3 серия'!$B$6:$C$15,'3 серия'!$B$6:$B$15=C22)), ) "),"") | W22: =IFERROR(__xludf.DUMMYFUNCTION("IFNA(SUM(FILTER('4 серия'!$B$6:$C$15,'4 серия'!$B$6:$B$15=C22)), )"),18.25) -> 18.25 | X22: =IFERROR(__xludf.DUMMYFUNCTION("IFNA(SUM(FILTER('5 серия'!$B$6:$C$15,'5 серия'!$B$6:$B$15=C22)), )"),"") | Y22: =IFERROR(__xludf.DUMMYFUNCTION("IFNA(SUM(FILTER('6 серия'!$B$6:$C$15,'6 серия'!$B$6:$B$15=C22)), )"),14.25) -> 14.25 | Z22: =IFERROR(__xludf.DUMMYFUNCTION("IFNA(SUM(FILTER('7 серия'!$B$6:$C$15,'7 серия'!$B$6:$B$15=C22)), )"),"") | AA22: =IFERROR(__xludf.DUMMYFUNCTION("IFNA(SUM(FILTER('8 серия'!$B$6:$C$15,'8 серия'!$B$6:$B$15=C22)), )"),"") | AB22: =IFERROR(__xludf.DUMMYFUNCTION("IFNA(SUM(FILTER('9 серия'!$B$7:$C$16,'9 серия'!$B$7:$B$16=C22)), )"),"") | AC22: =IFERROR(__xludf.DUMMYFUNCTION("IFNA(SUM(FILTER('10 серия'!$B$6:$C$15,'10 серия'!$B$6:$B$15=C22)), )"),"") | AD22: =IFERROR(__xludf.DUMMYFUNCTION("IFNA(SUM(FILTER('11 серия'!$B$6:$C$15,'11 серия'!$B$6:$B$15=C22)), )"),"") | AE22: =IFERROR(__xludf.DUMMYFUNCTION("IFNA(SUM(FILTER('12 серия'!$B$6:$C$15,'12 серия'!$B$6:$B$15=C22)), )"),"") | AF22: =IFERROR(__xludf.DUMMYFUNCTION("IFNA(SUM(FILTER('13 серия'!$B$6:$C$15,'13 серия'!$B$6:$B$15=C22)), )"),"") | AG22: =IFERROR(__xludf.DUMMYFUNCTION("IFNA(SUM(FILTER('14 серия'!$B$6:$C$15,'14 серия'!$B$6:$B$15=C22)), )"),"") | AH22: =IFERROR(__xludf.DUMMYFUNCTION("IFNA(SUM(FILTER('15 серия'!$B$6:$C$15,'15 серия'!$B$6:$B$15=C22)), )"),16.5) -> 16.5 | AI22: =IFERROR(__xludf.DUMMYFUNCTION("IFNA(SUM(FILTER('16 серия'!$B$6:$C$15,'16 серия'!$B$6:$B$15=C22)), )"),"") | AJ22: =IFERROR(__xludf.DUMMYFUNCTION("IFNA(SUM(FILTER('17 серия'!$B$6:$C$15,'17 серия'!$B$6:$B$15=C22)), )"),"") | AK22: =IFERROR(__xludf.DUMMYFUNCTION("IFNA(SUM(FILTER('18 серия'!$B$6:$C$15,'18 серия'!$B$6:$B$15=C22)), )"),"") | AL22: =IFERROR(__xludf.DUMMYFUNCTION("IFNA(SUM(FILTER('19 серия'!$B$6:$C$15,'19 серия'!$B$6:$B$15=C22)), )"),"") | AM22: =IFERROR(__xludf.DUMMYFUNCTION("IFNA(SUM(FILTER('20 серия'!$B$6:$C$15,'20 серия'!$B$6:$B$15=C22)), )"),"") | AN22: =IFERROR(__xludf.DUMMYFUNCTION("IFNA(SUM(FILTER('21 серия'!$B$6:$C$15,'21 серия'!$B$6:$B$15=C22)), )"),"") | AO22: =IFERROR(__xludf.DUMMYFUNCTION("IFNA(SUM(FILTER('22 серия'!$B$6:$C$15,'22 серия'!$B$6:$B$15=C22)), )"),"") | AP22: =IFERROR(__xludf.DUMMYFUNCTION("IFNA(SUM(FILTER('23 серия'!$B$6:$C$15,'23 серия'!$B$6:$B$15=C22)), )"),21.25) -> 21.25 | AQ22: =IFERROR(__xludf.DUMMYFUNCTION("IFNA(SUM(FILTER('24 серия'!$B$6:$C$15,'24 серия'!$B$6:$B$15=C22)), )"),22.0) -> 22 | AR22: =IFERROR(__xludf.DUMMYFUNCTION("IFNA(SUM(FILTER('25 серия'!$B$6:$C$15,'25 серия'!$B$6:$B$15=C22)), )"),"") | AS22: =IFERROR(__xludf.DUMMYFUNCTION("IFNA(SUM(FILTER('26 серия'!$B$6:$C$15,'26 серия'!$B$6:$B$15=C22)), )"),"") | AT22: =IFERROR(__xludf.DUMMYFUNCTION("IFNA(SUM(FILTER('27 серия'!$B$6:$C$15,'27 серия'!$B$6:$B$15=C22)), )"),"") | AU22: =IFERROR(__xludf.DUMMYFUNCTION("IFNA(SUM(FILTER('28 серия'!$B$6:$C$15,'28 серия'!$B$6:$B$15=C22)), )"),"") | AV22: =IFERROR(__xludf.DUMMYFUNCTION("IFNA(SUM(FILTER('29 серия'!$B$6:$C$15,'29 серия'!$B$6:$B$15=C22)), )"),"") | AW22: =IFERROR(__xludf.DUMMYFUNCTION("IFNA(SUM(FILTER('30 серия'!$B$6:$C$15,'30 серия'!$B$6:$B$15=C22)), )"),"") | AX22: =IFERROR(__xludf.DUMMYFUNCTION("IFNA(SUM(FILTER('31 серия'!$B$6:$C$15,'31 серия'!$B$6:$B$15=C22)), )"),"") | AY22: =IFERROR(__xludf.DUMMYFUNCTION("IFNA(SUM(FILTER('32 серия'!$B$6:$C$15,'32 серия'!$B$6:$B$15=C22)), )"),"") | AZ22: =IFERROR(__xludf.DUMMYFUNCTION("IFNA(SUM(FILTER('33 серия'!$B$6:$C$15,'33 серия'!$B$6:$B$15=C22)), )"),17.0) -> 17 | BA22: =IFERROR(__xludf.DUMMYFUNCTION("IFNA(SUM(FILTER('34 серия'!$B$6:$C$15,'34 серия'!$B$6:$B$15=C22)), )"),14.25) -> 14.25 | BB22: =IFERROR(__xludf.DUMMYFUNCTION("IFNA(SUM(FILTER('35 серия'!$B$6:$C$15,'35 серия'!$B$6:$B$15=C22)), )"),"") | BC22: =IFERROR(__xludf.DUMMYFUNCTION("IFNA(SUM(FILTER('36 серия'!$B$6:$C$15,'36 серия'!$B$6:$B$15=C22)), )"),"") | BD22: =IFERROR(__xludf.DUMMYFUNCTION("IFNA(SUM(FILTER('37 серия'!$B$6:$C$15,'37 серия'!$B$6:$B$15=C22)), )"),"") | BE22: =IFERROR(__xludf.DUMMYFUNCTION("IFNA(SUM(FILTER('38 серия'!$B$6:$C$15,'38 серия'!$B$6:$B$15=C22)), )"),"") | BF22: =IFERROR(__xludf.DUMMYFUNCTION("IFNA(SUM(FILTER('39 серия'!$B$6:$C$15,'39 серия'!$B$6:$B$15=C22)), )"),"") | BG22: =IFERROR(__xludf.DUMMYFUNCTION("IFNA(SUM(FILTER('40 серия'!$B$6:$C$15,'40 серия'!$B$6:$B$15=C22)), )"),"") | BH22: =IFERROR(__xludf.DUMMYFUNCTION("IFNA(SUM(FILTER('41 серия'!$B$6:$C$15,'41 серия'!$B$6:$B$15=C22)), )"),"") | BI22: =IFERROR(__xludf.DUMMYFUNCTION("IFNA(SUM(FILTER('42 серия'!$B$6:$C$15,'42 серия'!$B$6:$B$15=C22)), )"),"") | BJ22: =IFERROR(__xludf.DUMMYFUNCTION("IFNA(SUM(FILTER('43 серия'!$B$6:$C$15,'43 серия'!$B$6:$B$15=C22)), )"),"") | BK22: =IFERROR(__xludf.DUMMYFUNCTION("IFNA(SUM(FILTER('44 серия'!$B$6:$C$15,'44 серия'!$B$6:$B$15=C22)), )"),"") | BL22: =IFERROR(__xludf.DUMMYFUNCTION("IFNA(SUM(FILTER('45 серия'!$B$6:$C$15,'45 серия'!$B$6:$B$15=C22)), )"),"") | BM22: =IFERROR(__xludf.DUMMYFUNCTION("IFNA(SUM(FILTER('46 серия'!$B$6:$C$15,'46 серия'!$B$6:$B$15=C22)), )"),"") | BN22: =IFERROR(__xludf.DUMMYFUNCTION("IFNA(SUM(FILTER('47 серия'!$B$6:$C$15,'47 серия'!$B$6:$B$15=C22)), )"),"") | BO22: =IFERROR(__xludf.DUMMYFUNCTION("IFNA(SUM(FILTER('48 серия'!$B$6:$C$15,'48 серия'!$B$6:$B$15=$C22)), )"),20.25) -> 20.25 | BP22: =IFERROR(__xludf.DUMMYFUNCTION("IFNA(SUM(FILTER('49 серия'!$B$6:$C$15,'49 серия'!$B$6:$B$15=$C22)), )"),"") | BQ22: =IFERROR(__xludf.DUMMYFUNCTION("IFNA(SUM(FILTER('50 серия'!$B$6:$C$15,'50 серия'!$B$6:$B$15=$C22)), )"),"") | BR22: =IFERROR(__xludf.DUMMYFUNCTION("IFNA(SUM(FILTER('51 серия'!$B$6:$C$15,'51 серия'!$B$6:$B$15=$C22)), )"),"") | BS22: =IFERROR(__xludf.DUMMYFUNCTION("IFNA(SUM(FILTER('52 серия'!$B$6:$C$15,'52 серия'!$B$6:$B$15=C22)), )"),"") | BT22: =IFERROR(__xludf.DUMMYFUNCTION("IFNA(SUM(FILTER('53 серия'!$B$6:$C$15,'53 серия'!$B$6:$B$15=$C22)), )"),"") | BU22: =IFERROR(__xludf.DUMMYFUNCTION("IFNA(SUM(FILTER('54 серия'!$B$6:$C$15,'54 серия'!$B$6:$B$15=$C22)), )"),"") | BV22: =IFERROR(__xludf.DUMMYFUNCTION("IFNA(SUM(FILTER('55 серия'!$B$6:$C$15,'55 серия'!$B$6:$B$15=$C22)), )"),20.75) -> 20.75 | BW22: =IFERROR(__xludf.DUMMYFUNCTION("IFNA(SUM(FILTER('56 серия'!$B$6:$C$15,'56 серия'!$B$6:$B$15=$C22)), )"),"") | BX22: =IFERROR(__xludf.DUMMYFUNCTION("IFNA(SUM(FILTER('57 серия'!$B$6:$C$15,'57 серия'!$B$6:$B$15=$C22)), )"),"") | BY22: =IFERROR(__xludf.DUMMYFUNCTION("IFNA(SUM(FILTER('58 серия'!$B$6:$C$15,'58 серия'!$B$6:$B$15=$C22)), )"),"") | BZ22: =IFERROR(__xludf.DUMMYFUNCTION("IFNA(SUM(FILTER('59 серия'!$B$6:$C$15,'59 серия'!$B$6:$B$15=C22)), )"),19.75) -> 19.75 | CA22: =IFERROR(__xludf.DUMMYFUNCTION("IFNA(SUM(FILTER('60 серия'!$B$6:$C$15,'60 серия'!$B$6:$B$15=$C22)), )"),"")
B23: =ROW()-6 -> 17 | C23: Левша | D23: ='Игроки статистика'!B21 -> 45 | E23: =SUM(T23:CAZ23)-R23-S23 -> 168 | F23: =IFERROR((((E23)/D23)*5), ) -> 18.666667 | G23: =IFERROR(((I23+J23+K23)/D23), ) -> 2.7888889 | H23: =SUMIFS('Все игры'!C$3:C1011,'Все игры'!A$3:A1011,C23) -> 42.5 | I23: =E23-H23-J23-K23 -> 122.5 | J23: =SUMIFS('Все игры'!F$3:F1011,'Все игры'!A$3:A1011,C23) -> 1 | K23: =SUMIFS('Все игры'!G$3:G1011,'Все игры'!A$3:A1011,C23) -> 2 | L23: ='Игроки статистика'!G21 -> 4 | M23: =H23/2.5 -> 17 | N23: =SUM('Игроки статистика'!O21,'Игроки статистика'!Q21) -> 2 | O23: =SUM('Игроки статистика'!P21,'Игроки статистика'!R21) -> 9 | P23: =IFERROR(__xludf.DUMMYFUNCTION("IFNA(SUM(FILTER('Штрафы'!$D$5:$D1011,'Штрафы'!$C$5:$C1011=C23)), )"),"") | Q23: =IFERROR(__xludf.DUMMYFUNCTION("IFNA(SUM(FILTER('Штрафы'!$F$5:$F1011,'Штрафы'!$C$5:$C1011=C23)), )"),"") | T23: =IFERROR(__xludf.DUMMYFUNCTION("IFNA(SUM(FILTER('1 серия'!$B$6:$C$15,'1 серия'!$B$6:$B$15=C23)), )"),"") | U23: =IFERROR(__xludf.DUMMYFUNCTION("IFNA(SUM(FILTER('2 серия'!$B$6:$C$15,'2 серия'!$B$6:$B$15=C23)), ) "),"") | V23: =IFERROR(__xludf.DUMMYFUNCTION("IFNA(SUM(FILTER('3 серия'!$B$6:$C$15,'3 серия'!$B$6:$B$15=C23)), ) "),15.5) -> 15.5 | W23: =IFERROR(__xludf.DUMMYFUNCTION("IFNA(SUM(FILTER('4 серия'!$B$6:$C$15,'4 серия'!$B$6:$B$15=C23)), )"),"") | X23: =IFERROR(__xludf.DUMMYFUNCTION("IFNA(SUM(FILTER('5 серия'!$B$6:$C$15,'5 серия'!$B$6:$B$15=C23)), )"),16.75) -> 16.75 | Y23: =IFERROR(__xludf.DUMMYFUNCTION("IFNA(SUM(FILTER('6 серия'!$B$6:$C$15,'6 серия'!$B$6:$B$15=C23)), )"),"") | Z23: =IFERROR(__xludf.DUMMYFUNCTION("IFNA(SUM(FILTER('7 серия'!$B$6:$C$15,'7 серия'!$B$6:$B$15=C23)), )"),"") | AA23: =IFERROR(__xludf.DUMMYFUNCTION("IFNA(SUM(FILTER('8 серия'!$B$6:$C$15,'8 серия'!$B$6:$B$15=C23)), )"),"") | AB23: =IFERROR(__xludf.DUMMYFUNCTION("IFNA(SUM(FILTER('9 серия'!$B$7:$C$16,'9 серия'!$B$7:$B$16=C23)), )"),"") | AC23: =IFERROR(__xludf.DUMMYFUNCTION("IFNA(SUM(FILTER('10 серия'!$B$6:$C$15,'10 серия'!$B$6:$B$15=C23)), )"),"") | AD23: =IFERROR(__xludf.DUMMYFUNCTION("IFNA(SUM(FILTER('11 серия'!$B$6:$C$15,'11 серия'!$B$6:$B$15=C23)), )"),14.0) -> 14 | AE23: =IFERROR(__xludf.DUMMYFUNCTION("IFNA(SUM(FILTER('12 серия'!$B$6:$C$15,'12 серия'!$B$6:$B$15=C23)), )"),"") | AF23: =IFERROR(__xludf.DUMMYFUNCTION("IFNA(SUM(FILTER('13 серия'!$B$6:$C$15,'13 серия'!$B$6:$B$15=C23)), )"),"") | AG23: =IFERROR(__xludf.DUMMYFUNCTION("IFNA(SUM(FILTER('14 серия'!$B$6:$C$15,'14 серия'!$B$6:$B$15=C23)), )"),"") | AH23: =IFERROR(__xludf.DUMMYFUNCTION("IFNA(SUM(FILTER('15 серия'!$B$6:$C$15,'15 серия'!$B$6:$B$15=C23)), )"),"") | AI23: =IFERROR(__xludf.DUMMYFUNCTION("IFNA(SUM(FILTER('16 серия'!$B$6:$C$15,'16 серия'!$B$6:$B$15=C23)), )"),"") | AJ23: =IFERROR(__xludf.DUMMYFUNCTION("IFNA(SUM(FILTER('17 серия'!$B$6:$C$15,'17 серия'!$B$6:$B$15=C23)), )"),"") | AK23: =IFERROR(__xludf.DUMMYFUNCTION("IFNA(SUM(FILTER('18 серия'!$B$6:$C$15,'18 серия'!$B$6:$B$15=C23)), )"),17.5) -> 17.5 | AL23: =IFERROR(__xludf.DUMMYFUNCTION("IFNA(SUM(FILTER('19 серия'!$B$6:$C$15,'19 серия'!$B$6:$B$15=C23)), )"),"") | AM23: =IFERROR(__xludf.DUMMYFUNCTION("IFNA(SUM(FILTER('20 серия'!$B$6:$C$15,'20 серия'!$B$6:$B$15=C23)), )"),"") | AN23: =IFERROR(__xludf.DUMMYFUNCTION("IFNA(SUM(FILTER('21 серия'!$B$6:$C$15,'21 серия'!$B$6:$B$15=C23)), )"),"") | AO23: =IFERROR(__xludf.DUMMYFUNCTION("IFNA(SUM(FILTER('22 серия'!$B$6:$C$15,'22 серия'!$B$6:$B$15=C23)), )"),"") | AP23: =IFERROR(__xludf.DUMMYFUNCTION("IFNA(SUM(FILTER('23 серия'!$B$6:$C$15,'23 серия'!$B$6:$B$15=C23)), )"),"") | AQ23: =IFERROR(__xludf.DUMMYFUNCTION("IFNA(SUM(FILTER('24 серия'!$B$6:$C$15,'24 серия'!$B$6:$B$15=C23)), )"),"") | AR23: =IFERROR(__xludf.DUMMYFUNCTION("IFNA(SUM(FILTER('25 серия'!$B$6:$C$15,'25 серия'!$B$6:$B$15=C23)), )"),"") | AS23: =IFERROR(__xludf.DUMMYFUNCTION("IFNA(SUM(FILTER('26 серия'!$B$6:$C$15,'26 серия'!$B$6:$B$15=C23)), )"),25.0) -> 25 | AT23: =IFERROR(__xludf.DUMMYFUNCTION("IFNA(SUM(FILTER('27 серия'!$B$6:$C$15,'27 серия'!$B$6:$B$15=C23)), )"),"") | AU23: =IFERROR(__xludf.DUMMYFUNCTION("IFNA(SUM(FILTER('28 серия'!$B$6:$C$15,'28 серия'!$B$6:$B$15=C23)), )"),"") | AV23: =IFERROR(__xludf.DUMMYFUNCTION("IFNA(SUM(FILTER('29 серия'!$B$6:$C$15,'29 серия'!$B$6:$B$15=C23)), )"),"") | AW23: =IFERROR(__xludf.DUMMYFUNCTION("IFNA(SUM(FILTER('30 серия'!$B$6:$C$15,'30 серия'!$B$6:$B$15=C23)), )"),"") | AX23: =IFERROR(__xludf.DUMMYFUNCTION("IFNA(SUM(FILTER('31 серия'!$B$6:$C$15,'31 серия'!$B$6:$B$15=C23)), )"),"") | AY23: =IFERROR(__xludf.DUMMYFUNCTION("IFNA(SUM(FILTER('32 серия'!$B$6:$C$15,'32 серия'!$B$6:$B$15=C23)), )"),"") | AZ23: =IFERROR(__xludf.DUMMYFUNCTION("IFNA(SUM(FILTER('33 серия'!$B$6:$C$15,'33 серия'!$B$6:$B$15=C23)), )"),"") | BA23: =IFERROR(__xludf.DUMMYFUNCTION("IFNA(SUM(FILTER('34 серия'!$B$6:$C$15,'34 серия'!$B$6:$B$15=C23)), )"),"") | BB23: =IFERROR(__xludf.DUMMYFUNCTION("IFNA(SUM(FILTER('35 серия'!$B$6:$C$15,'35 серия'!$B$6:$B$15=C23)), )"),"") | BC23: =IFERROR(__xludf.DUMMYFUNCTION("IFNA(SUM(FILTER('36 серия'!$B$6:$C$15,'36 серия'!$B$6:$B$15=C23)), )"),"") | BD23: =IFERROR(__xludf.DUMMYFUNCTION("IFNA(SUM(FILTER('37 серия'!$B$6:$C$15,'37 серия'!$B$6:$B$15=C23)), )"),18.75) -> 18.75 | BE23: =IFERROR(__xludf.DUMMYFUNCTION("IFNA(SUM(FILTER('38 серия'!$B$6:$C$15,'38 серия'!$B$6:$B$15=C23)), )"),"") | BF23: =IFERROR(__xludf.DUMMYFUNCTION("IFNA(SUM(FILTER('39 серия'!$B$6:$C$15,'39 серия'!$B$6:$B$15=C23)), )"),"") | BG23: =IFERROR(__xludf.DUMMYFUNCTION("IFNA(SUM(FILTER('40 серия'!$B$6:$C$15,'40 серия'!$B$6:$B$15=C23)), )"),"") | BH23: =IFERROR(__xludf.DUMMYFUNCTION("IFNA(SUM(FILTER('41 серия'!$B$6:$C$15,'41 серия'!$B$6:$B$15=C23)), )"),28.25) -> 28.25 | BI23: =IFERROR(__xludf.DUMMYFUNCTION("IFNA(SUM(FILTER('42 серия'!$B$6:$C$15,'42 серия'!$B$6:$B$15=C23)), )"),"") | BJ23: =IFERROR(__xludf.DUMMYFUNCTION("IFNA(SUM(FILTER('43 серия'!$B$6:$C$15,'43 серия'!$B$6:$B$15=C23)), )"),"") | BK23: =IFERROR(__xludf.DUMMYFUNCTION("IFNA(SUM(FILTER('44 серия'!$B$6:$C$15,'44 серия'!$B$6:$B$15=C23)), )"),"") | BL23: =IFERROR(__xludf.DUMMYFUNCTION("IFNA(SUM(FILTER('45 серия'!$B$6:$C$15,'45 серия'!$B$6:$B$15=C23)), )"),"") | BM23: =IFERROR(__xludf.DUMMYFUNCTION("IFNA(SUM(FILTER('46 серия'!$B$6:$C$15,'46 серия'!$B$6:$B$15=C23)), )"),16.75) -> 16.75 | BN23: =IFERROR(__xludf.DUMMYFUNCTION("IFNA(SUM(FILTER('47 серия'!$B$6:$C$15,'47 серия'!$B$6:$B$15=C23)), )"),"") | BO23: =IFERROR(__xludf.DUMMYFUNCTION("IFNA(SUM(FILTER('48 серия'!$B$6:$C$15,'48 серия'!$B$6:$B$15=$C23)), )"),"") | BP23: =IFERROR(__xludf.DUMMYFUNCTION("IFNA(SUM(FILTER('49 серия'!$B$6:$C$15,'49 серия'!$B$6:$B$15=$C23)), )"),"") | BQ23: =IFERROR(__xludf.DUMMYFUNCTION("IFNA(SUM(FILTER('50 серия'!$B$6:$C$15,'50 серия'!$B$6:$B$15=$C23)), )"),"") | BR23: =IFERROR(__xludf.DUMMYFUNCTION("IFNA(SUM(FILTER('51 серия'!$B$6:$C$15,'51 серия'!$B$6:$B$15=$C23)), )"),"") | BS23: =IFERROR(__xludf.DUMMYFUNCTION("IFNA(SUM(FILTER('52 серия'!$B$6:$C$15,'52 серия'!$B$6:$B$15=C23)), )"),"") | BT23: =IFERROR(__xludf.DUMMYFUNCTION("IFNA(SUM(FILTER('53 серия'!$B$6:$C$15,'53 серия'!$B$6:$B$15=$C23)), )"),"") | BU23: =IFERROR(__xludf.DUMMYFUNCTION("IFNA(SUM(FILTER('54 серия'!$B$6:$C$15,'54 серия'!$B$6:$B$15=$C23)), )"),"") | BV23: =IFERROR(__xludf.DUMMYFUNCTION("IFNA(SUM(FILTER('55 серия'!$B$6:$C$15,'55 серия'!$B$6:$B$15=$C23)), )"),"") | BW23: =IFERROR(__xludf.DUMMYFUNCTION("IFNA(SUM(FILTER('56 серия'!$B$6:$C$15,'56 серия'!$B$6:$B$15=$C23)), )"),"") | BX23: =IFERROR(__xludf.DUMMYFUNCTION("IFNA(SUM(FILTER('57 серия'!$B$6:$C$15,'57 серия'!$B$6:$B$15=$C23)), )"),15.5) -> 15.5 | BY23: =IFERROR(__xludf.DUMMYFUNCTION("IFNA(SUM(FILTER('58 серия'!$B$6:$C$15,'58 серия'!$B$6:$B$15=$C23)), )"),"") | BZ23: =IFERROR(__xludf.DUMMYFUNCTION("IFNA(SUM(FILTER('59 серия'!$B$6:$C$15,'59 серия'!$B$6:$B$15=C23)), )"),"") | CA23: =IFERROR(__xludf.DUMMYFUNCTION("IFNA(SUM(FILTER('60 серия'!$B$6:$C$15,'60 серия'!$B$6:$B$15=$C23)), )"),"")
B24: =ROW()-6 -> 18 | C24: Лисичка | D24: ='Игроки статистика'!B22 -> 50 | E24: =SUM(T24:CAZ24)-R24-S24 -> 183.5 | F24: =IFERROR((((E24)/D24)*5), ) -> 18.35 | G24: =IFERROR(((I24+J24+K24)/D24), ) -> 2.52 | H24: =SUMIFS('Все игры'!C$3:C1011,'Все игры'!A$3:A1011,C24) -> 57.5 | I24: =E24-H24-J24-K24 -> 124 | J24: =SUMIFS('Все игры'!F$3:F1011,'Все игры'!A$3:A1011,C24) -> 0 | K24: =SUMIFS('Все игры'!G$3:G1011,'Все игры'!A$3:A1011,C24) -> 2 | L24: ='Игроки статистика'!G22 -> 4 | M24: =H24/2.5 -> 23 | N24: =SUM('Игроки статистика'!O22,'Игроки статистика'!Q22) -> 4 | O24: =SUM('Игроки статистика'!P22,'Игроки статистика'!R22) -> 4 | P24: =IFERROR(__xludf.DUMMYFUNCTION("IFNA(SUM(FILTER('Штрафы'!$D$5:$D1011,'Штрафы'!$C$5:$C1011=C24)), )"),"") | Q24: =IFERROR(__xludf.DUMMYFUNCTION("IFNA(SUM(FILTER('Штрафы'!$F$5:$F1011,'Штрафы'!$C$5:$C1011=C24)), )"),"") | T24: =IFERROR(__xludf.DUMMYFUNCTION("IFNA(SUM(FILTER('1 серия'!$B$6:$C$15,'1 серия'!$B$6:$B$15=C24)), )"),"") | U24: =IFERROR(__xludf.DUMMYFUNCTION("IFNA(SUM(FILTER('2 серия'!$B$6:$C$15,'2 серия'!$B$6:$B$15=C24)), ) "),"") | V24: =IFERROR(__xludf.DUMMYFUNCTION("IFNA(SUM(FILTER('3 серия'!$B$6:$C$15,'3 серия'!$B$6:$B$15=C24)), ) "),"") | W24: =IFERROR(__xludf.DUMMYFUNCTION("IFNA(SUM(FILTER('4 серия'!$B$6:$C$15,'4 серия'!$B$6:$B$15=C24)), )"),22.5) -> 22.5 | X24: =IFERROR(__xludf.DUMMYFUNCTION("IFNA(SUM(FILTER('5 серия'!$B$6:$C$15,'5 серия'!$B$6:$B$15=C24)), )"),"") | Y24: =IFERROR(__xludf.DUMMYFUNCTION("IFNA(SUM(FILTER('6 серия'!$B$6:$C$15,'6 серия'!$B$6:$B$15=C24)), )"),"") | Z24: =IFERROR(__xludf.DUMMYFUNCTION("IFNA(SUM(FILTER('7 серия'!$B$6:$C$15,'7 серия'!$B$6:$B$15=C24)), )"),"") | AA24: =IFERROR(__xludf.DUMMYFUNCTION("IFNA(SUM(FILTER('8 серия'!$B$6:$C$15,'8 серия'!$B$6:$B$15=C24)), )"),13.25) -> 13.25 | AB24: =IFERROR(__xludf.DUMMYFUNCTION("IFNA(SUM(FILTER('9 серия'!$B$7:$C$16,'9 серия'!$B$7:$B$16=C24)), )"),"") | AC24: =IFERROR(__xludf.DUMMYFUNCTION("IFNA(SUM(FILTER('10 серия'!$B$6:$C$15,'10 серия'!$B$6:$B$15=C24)), )"),"") | AD24: =IFERROR(__xludf.DUMMYFUNCTION("IFNA(SUM(FILTER('11 серия'!$B$6:$C$15,'11 серия'!$B$6:$B$15=C24)), )"),22.5) -> 22.5 | AE24: =IFERROR(__xludf.DUMMYFUNCTION("IFNA(SUM(FILTER('12 серия'!$B$6:$C$15,'12 серия'!$B$6:$B$15=C24)), )"),"") | AF24: =IFERROR(__xludf.DUMMYFUNCTION("IFNA(SUM(FILTER('13 серия'!$B$6:$C$15,'13 серия'!$B$6:$B$15=C24)), )"),"") | AG24: =IFERROR(__xludf.DUMMYFUNCTION("IFNA(SUM(FILTER('14 серия'!$B$6:$C$15,'14 серия'!$B$6:$B$15=C24)), )"),"") | AH24: =IFERROR(__xludf.DUMMYFUNCTION("IFNA(SUM(FILTER('15 серия'!$B$6:$C$15,'15 серия'!$B$6:$B$15=C24)), )"),"") | AI24: =IFERROR(__xludf.DUMMYFUNCTION("IFNA(SUM(FILTER('16 серия'!$B$6:$C$15,'16 серия'!$B$6:$B$15=C24)), )"),23.25) -> 23.25 | AJ24: =IFERROR(__xludf.DUMMYFUNCTION("IFNA(SUM(FILTER('17 серия'!$B$6:$C$15,'17 серия'!$B$6:$B$15=C24)), )"),"") | AK24: =IFERROR(__xludf.DUMMYFUNCTION("IFNA(SUM(FILTER('18 серия'!$B$6:$C$15,'18 серия'!$B$6:$B$15=C24)), )"),"") | AL24: =IFERROR(__xludf.DUMMYFUNCTION("IFNA(SUM(FILTER('19 серия'!$B$6:$C$15,'19 серия'!$B$6:$B$15=C24)), )"),"") | AM24: =IFERROR(__xludf.DUMMYFUNCTION("IFNA(SUM(FILTER('20 серия'!$B$6:$C$15,'20 серия'!$B$6:$B$15=C24)), )"),"") | AN24: =IFERROR(__xludf.DUMMYFUNCTION("IFNA(SUM(FILTER('21 серия'!$B$6:$C$15,'21 серия'!$B$6:$B$15=C24)), )"),"") | AO24: =IFERROR(__xludf.DUMMYFUNCTION("IFNA(SUM(FILTER('22 серия'!$B$6:$C$15,'22 серия'!$B$6:$B$15=C24)), )"),"") | AP24: =IFERROR(__xludf.DUMMYFUNCTION("IFNA(SUM(FILTER('23 серия'!$B$6:$C$15,'23 серия'!$B$6:$B$15=C24)), )"),"") | AQ24: =IFERROR(__xludf.DUMMYFUNCTION("IFNA(SUM(FILTER('24 серия'!$B$6:$C$15,'24 серия'!$B$6:$B$15=C24)), )"),"") | AR24: =IFERROR(__xludf.DUMMYFUNCTION("IFNA(SUM(FILTER('25 серия'!$B$6:$C$15,'25 серия'!$B$6:$B$15=C24)), )"),"") | AS24: =IFERROR(__xludf.DUMMYFUNCTION("IFNA(SUM(FILTER('26 серия'!$B$6:$C$15,'26 серия'!$B$6:$B$15=C24)), )"),"") | AT24: =IFERROR(__xludf.DUMMYFUNCTION("IFNA(SUM(FILTER('27 серия'!$B$6:$C$15,'27 серия'!$B$6:$B$15=C24)), )"),"") | AU24: =IFERROR(__xludf.DUMMYFUNCTION("IFNA(SUM(FILTER('28 серия'!$B$6:$C$15,'28 серия'!$B$6:$B$15=C24)), )"),"") | AV24: =IFERROR(__xludf.DUMMYFUNCTION("IFNA(SUM(FILTER('29 серия'!$B$6:$C$15,'29 серия'!$B$6:$B$15=C24)), )"),"") | AW24: =IFERROR(__xludf.DUMMYFUNCTION("IFNA(SUM(FILTER('30 серия'!$B$6:$C$15,'30 серия'!$B$6:$B$15=C24)), )"),"") | AX24: =IFERROR(__xludf.DUMMYFUNCTION("IFNA(SUM(FILTER('31 серия'!$B$6:$C$15,'31 серия'!$B$6:$B$15=C24)), )"),"") | AY24: =IFERROR(__xludf.DUMMYFUNCTION("IFNA(SUM(FILTER('32 серия'!$B$6:$C$15,'32 серия'!$B$6:$B$15=C24)), )"),"") | AZ24: =IFERROR(__xludf.DUMMYFUNCTION("IFNA(SUM(FILTER('33 серия'!$B$6:$C$15,'33 серия'!$B$6:$B$15=C24)), )"),16.5) -> 16.5 | BA24: =IFERROR(__xludf.DUMMYFUNCTION("IFNA(SUM(FILTER('34 серия'!$B$6:$C$15,'34 серия'!$B$6:$B$15=C24)), )"),"") | BB24: =IFERROR(__xludf.DUMMYFUNCTION("IFNA(SUM(FILTER('35 серия'!$B$6:$C$15,'35 серия'!$B$6:$B$15=C24)), )"),"") | BC24: =IFERROR(__xludf.DUMMYFUNCTION("IFNA(SUM(FILTER('36 серия'!$B$6:$C$15,'36 серия'!$B$6:$B$15=C24)), )"),"") | BD24: =IFERROR(__xludf.DUMMYFUNCTION("IFNA(SUM(FILTER('37 серия'!$B$6:$C$15,'37 серия'!$B$6:$B$15=C24)), )"),14.25) -> 14.25 | BE24: =IFERROR(__xludf.DUMMYFUNCTION("IFNA(SUM(FILTER('38 серия'!$B$6:$C$15,'38 серия'!$B$6:$B$15=C24)), )"),"") | BF24: =IFERROR(__xludf.DUMMYFUNCTION("IFNA(SUM(FILTER('39 серия'!$B$6:$C$15,'39 серия'!$B$6:$B$15=C24)), )"),"") | BG24: =IFERROR(__xludf.DUMMYFUNCTION("IFNA(SUM(FILTER('40 серия'!$B$6:$C$15,'40 серия'!$B$6:$B$15=C24)), )"),"") | BH24: =IFERROR(__xludf.DUMMYFUNCTION("IFNA(SUM(FILTER('41 серия'!$B$6:$C$15,'41 серия'!$B$6:$B$15=C24)), )"),"") | BI24: =IFERROR(__xludf.DUMMYFUNCTION("IFNA(SUM(FILTER('42 серия'!$B$6:$C$15,'42 серия'!$B$6:$B$15=C24)), )"),"") | BJ24: =IFERROR(__xludf.DUMMYFUNCTION("IFNA(SUM(FILTER('43 серия'!$B$6:$C$15,'43 серия'!$B$6:$B$15=C24)), )"),21.25) -> 21.25 | BK24: =IFERROR(__xludf.DUMMYFUNCTION("IFNA(SUM(FILTER('44 серия'!$B$6:$C$15,'44 серия'!$B$6:$B$15=C24)), )"),"") | BL24: =IFERROR(__xludf.DUMMYFUNCTION("IFNA(SUM(FILTER('45 серия'!$B$6:$C$15,'45 серия'!$B$6:$B$15=C24)), )"),17.25) -> 17.25 | BM24: =IFERROR(__xludf.DUMMYFUNCTION("IFNA(SUM(FILTER('46 серия'!$B$6:$C$15,'46 серия'!$B$6:$B$15=C24)), )"),"") | BN24: =IFERROR(__xludf.DUMMYFUNCTION("IFNA(SUM(FILTER('47 серия'!$B$6:$C$15,'47 серия'!$B$6:$B$15=C24)), )"),"") | BO24: =IFERROR(__xludf.DUMMYFUNCTION("IFNA(SUM(FILTER('48 серия'!$B$6:$C$15,'48 серия'!$B$6:$B$15=$C24)), )"),"") | BP24: =IFERROR(__xludf.DUMMYFUNCTION("IFNA(SUM(FILTER('49 серия'!$B$6:$C$15,'49 серия'!$B$6:$B$15=$C24)), )"),"") | BQ24: =IFERROR(__xludf.DUMMYFUNCTION("IFNA(SUM(FILTER('50 серия'!$B$6:$C$15,'50 серия'!$B$6:$B$15=$C24)), )"),"") | BR24: =IFERROR(__xludf.DUMMYFUNCTION("IFNA(SUM(FILTER('51 серия'!$B$6:$C$15,'51 серия'!$B$6:$B$15=$C24)), )"),"") | BS24: =IFERROR(__xludf.DUMMYFUNCTION("IFNA(SUM(FILTER('52 серия'!$B$6:$C$15,'52 серия'!$B$6:$B$15=C24)), )"),13.75) -> 13.75 | BT24: =IFERROR(__xludf.DUMMYFUNCTION("IFNA(SUM(FILTER('53 серия'!$B$6:$C$15,'53 серия'!$B$6:$B$15=$C24)), )"),"") | BU24: =IFERROR(__xludf.DUMMYFUNCTION("IFNA(SUM(FILTER('54 серия'!$B$6:$C$15,'54 серия'!$B$6:$B$15=$C24)), )"),"") | BV24: =IFERROR(__xludf.DUMMYFUNCTION("IFNA(SUM(FILTER('55 серия'!$B$6:$C$15,'55 серия'!$B$6:$B$15=$C24)), )"),"") | BW24: =IFERROR(__xludf.DUMMYFUNCTION("IFNA(SUM(FILTER('56 серия'!$B$6:$C$15,'56 серия'!$B$6:$B$15=$C24)), )"),"") | BX24: =IFERROR(__xludf.DUMMYFUNCTION("IFNA(SUM(FILTER('57 серия'!$B$6:$C$15,'57 серия'!$B$6:$B$15=$C24)), )"),"") | BY24: =IFERROR(__xludf.DUMMYFUNCTION("IFNA(SUM(FILTER('58 серия'!$B$6:$C$15,'58 серия'!$B$6:$B$15=$C24)), )"),"") | BZ24: =IFERROR(__xludf.DUMMYFUNCTION("IFNA(SUM(FILTER('59 серия'!$B$6:$C$15,'59 серия'!$B$6:$B$15=C24)), )"),"") | CA24: =IFERROR(__xludf.DUMMYFUNCTION("IFNA(SUM(FILTER('60 серия'!$B$6:$C$15,'60 серия'!$B$6:$B$15=$C24)), )"),19.0) -> 19
B25: =ROW()-6 -> 19 | C25: Маваши | D25: ='Игроки статистика'!B23 -> 50 | E25: =SUM(T25:CAZ25)-R25-S25 -> 199.75 | F25: =IFERROR((((E25)/D25)*5), ) -> 19.975 | G25: =IFERROR(((I25+J25+K25)/D25), ) -> 2.745 | H25: =SUMIFS('Все игры'!C$3:C1011,'Все игры'!A$3:A1011,C25) -> 62.5 | I25: =E25-H25-J25-K25 -> 136.75 | J25: =SUMIFS('Все игры'!F$3:F1011,'Все игры'!A$3:A1011,C25) -> 0 | K25: =SUMIFS('Все игры'!G$3:G1011,'Все игры'!A$3:A1011,C25) -> 0.5 | L25: ='Игроки статистика'!G23 -> 1 | M25: =H25/2.5 -> 25 | N25: =SUM('Игроки статистика'!O23,'Игроки статистика'!Q23) -> 4 | O25: =SUM('Игроки статистика'!P23,'Игроки статистика'!R23) -> 4 | P25: =IFERROR(__xludf.DUMMYFUNCTION("IFNA(SUM(FILTER('Штрафы'!$D$5:$D1011,'Штрафы'!$C$5:$C1011=C25)), )"),"") | Q25: =IFERROR(__xludf.DUMMYFUNCTION("IFNA(SUM(FILTER('Штрафы'!$F$5:$F1011,'Штрафы'!$C$5:$C1011=C25)), )"),"") | T25: =IFERROR(__xludf.DUMMYFUNCTION("IFNA(SUM(FILTER('1 серия'!$B$6:$C$15,'1 серия'!$B$6:$B$15=C25)), )"),"") | U25: =IFERROR(__xludf.DUMMYFUNCTION("IFNA(SUM(FILTER('2 серия'!$B$6:$C$15,'2 серия'!$B$6:$B$15=C25)), ) "),"") | V25: =IFERROR(__xludf.DUMMYFUNCTION("IFNA(SUM(FILTER('3 серия'!$B$6:$C$15,'3 серия'!$B$6:$B$15=C25)), ) "),"") | W25: =IFERROR(__xludf.DUMMYFUNCTION("IFNA(SUM(FILTER('4 серия'!$B$6:$C$15,'4 серия'!$B$6:$B$15=C25)), )"),"") | X25: =IFERROR(__xludf.DUMMYFUNCTION("IFNA(SUM(FILTER('5 серия'!$B$6:$C$15,'5 серия'!$B$6:$B$15=C25)), )"),"") | Y25: =IFERROR(__xludf.DUMMYFUNCTION("IFNA(SUM(FILTER('6 серия'!$B$6:$C$15,'6 серия'!$B$6:$B$15=C25)), )"),"") | Z25: =IFERROR(__xludf.DUMMYFUNCTION("IFNA(SUM(FILTER('7 серия'!$B$6:$C$15,'7 серия'!$B$6:$B$15=C25)), )"),"") | AA25: =IFERROR(__xludf.DUMMYFUNCTION("IFNA(SUM(FILTER('8 серия'!$B$6:$C$15,'8 серия'!$B$6:$B$15=C25)), )"),18.5) -> 18.5 | AB25: =IFERROR(__xludf.DUMMYFUNCTION("IFNA(SUM(FILTER('9 серия'!$B$7:$C$16,'9 серия'!$B$7:$B$16=C25)), )"),"") | AC25: =IFERROR(__xludf.DUMMYFUNCTION("IFNA(SUM(FILTER('10 серия'!$B$6:$C$15,'10 серия'!$B$6:$B$15=C25)), )"),"") | AD25: =IFERROR(__xludf.DUMMYFUNCTION("IFNA(SUM(FILTER('11 серия'!$B$6:$C$15,'11 серия'!$B$6:$B$15=C25)), )"),26.75) -> 26.75 | AE25: =IFERROR(__xludf.DUMMYFUNCTION("IFNA(SUM(FILTER('12 серия'!$B$6:$C$15,'12 серия'!$B$6:$B$15=C25)), )"),"") | AF25: =IFERROR(__xludf.DUMMYFUNCTION("IFNA(SUM(FILTER('13 серия'!$B$6:$C$15,'13 серия'!$B$6:$B$15=C25)), )"),"") | AG25: =IFERROR(__xludf.DUMMYFUNCTION("IFNA(SUM(FILTER('14 серия'!$B$6:$C$15,'14 серия'!$B$6:$B$15=C25)), )"),"") | AH25: =IFERROR(__xludf.DUMMYFUNCTION("IFNA(SUM(FILTER('15 серия'!$B$6:$C$15,'15 серия'!$B$6:$B$15=C25)), )"),"") | AI25: =IFERROR(__xludf.DUMMYFUNCTION("IFNA(SUM(FILTER('16 серия'!$B$6:$C$15,'16 серия'!$B$6:$B$15=C25)), )"),"") | AJ25: =IFERROR(__xludf.DUMMYFUNCTION("IFNA(SUM(FILTER('17 серия'!$B$6:$C$15,'17 серия'!$B$6:$B$15=C25)), )"),18.0) -> 18 | AK25: =IFERROR(__xludf.DUMMYFUNCTION("IFNA(SUM(FILTER('18 серия'!$B$6:$C$15,'18 серия'!$B$6:$B$15=C25)), )"),"") | AL25: =IFERROR(__xludf.DUMMYFUNCTION("IFNA(SUM(FILTER('19 серия'!$B$6:$C$15,'19 серия'!$B$6:$B$15=C25)), )"),"") | AM25: =IFERROR(__xludf.DUMMYFUNCTION("IFNA(SUM(FILTER('20 серия'!$B$6:$C$15,'20 серия'!$B$6:$B$15=C25)), )"),"") | AN25: =IFERROR(__xludf.DUMMYFUNCTION("IFNA(SUM(FILTER('21 серия'!$B$6:$C$15,'21 серия'!$B$6:$B$15=C25)), )"),14.5) -> 14.5 | AO25: =IFERROR(__xludf.DUMMYFUNCTION("IFNA(SUM(FILTER('22 серия'!$B$6:$C$15,'22 серия'!$B$6:$B$15=C25)), )"),"") | AP25: =IFERROR(__xludf.DUMMYFUNCTION("IFNA(SUM(FILTER('23 серия'!$B$6:$C$15,'23 серия'!$B$6:$B$15=C25)), )"),"") | AQ25: =IFERROR(__xludf.DUMMYFUNCTION("IFNA(SUM(FILTER('24 серия'!$B$6:$C$15,'24 серия'!$B$6:$B$15=C25)), )"),"") | AR25: =IFERROR(__xludf.DUMMYFUNCTION("IFNA(SUM(FILTER('25 серия'!$B$6:$C$15,'25 серия'!$B$6:$B$15=C25)), )"),"") | AS25: =IFERROR(__xludf.DUMMYFUNCTION("IFNA(SUM(FILTER('26 серия'!$B$6:$C$15,'26 серия'!$B$6:$B$15=C25)), )"),"") | AT25: =IFERROR(__xludf.DUMMYFUNCTION("IFNA(SUM(FILTER('27 серия'!$B$6:$C$15,'27 серия'!$B$6:$B$15=C25)), )"),"") | AU25: =IFERROR(__xludf.DUMMYFUNCTION("IFNA(SUM(FILTER('28 серия'!$B$6:$C$15,'28 серия'!$B$6:$B$15=C25)), )"),15.5) -> 15.5 | AV25: =IFERROR(__xludf.DUMMYFUNCTION("IFNA(SUM(FILTER('29 серия'!$B$6:$C$15,'29 серия'!$B$6:$B$15=C25)), )"),"") | AW25: =IFERROR(__xludf.DUMMYFUNCTION("IFNA(SUM(FILTER('30 серия'!$B$6:$C$15,'30 серия'!$B$6:$B$15=C25)), )"),"") | AX25: =IFERROR(__xludf.DUMMYFUNCTION("IFNA(SUM(FILTER('31 серия'!$B$6:$C$15,'31 серия'!$B$6:$B$15=C25)), )"),17.5) -> 17.5 | AY25: =IFERROR(__xludf.DUMMYFUNCTION("IFNA(SUM(FILTER('32 серия'!$B$6:$C$15,'32 серия'!$B$6:$B$15=C25)), )"),"") | AZ25: =IFERROR(__xludf.DUMMYFUNCTION("IFNA(SUM(FILTER('33 серия'!$B$6:$C$15,'33 серия'!$B$6:$B$15=C25)), )"),"") | BA25: =IFERROR(__xludf.DUMMYFUNCTION("IFNA(SUM(FILTER('34 серия'!$B$6:$C$15,'34 серия'!$B$6:$B$15=C25)), )"),"") | BB25: =IFERROR(__xludf.DUMMYFUNCTION("IFNA(SUM(FILTER('35 серия'!$B$6:$C$15,'35 серия'!$B$6:$B$15=C25)), )"),"") | BC25: =IFERROR(__xludf.DUMMYFUNCTION("IFNA(SUM(FILTER('36 серия'!$B$6:$C$15,'36 серия'!$B$6:$B$15=C25)), )"),"") | BD25: =IFERROR(__xludf.DUMMYFUNCTION("IFNA(SUM(FILTER('37 серия'!$B$6:$C$15,'37 серия'!$B$6:$B$15=C25)), )"),"") | BE25: =IFERROR(__xludf.DUMMYFUNCTION("IFNA(SUM(FILTER('38 серия'!$B$6:$C$15,'38 серия'!$B$6:$B$15=C25)), )"),"") | BF25: =IFERROR(__xludf.DUMMYFUNCTION("IFNA(SUM(FILTER('39 серия'!$B$6:$C$15,'39 серия'!$B$6:$B$15=C25)), )"),"") | BG25: =IFERROR(__xludf.DUMMYFUNCTION("IFNA(SUM(FILTER('40 серия'!$B$6:$C$15,'40 серия'!$B$6:$B$15=C25)), )"),"") | BH25: =IFERROR(__xludf.DUMMYFUNCTION("IFNA(SUM(FILTER('41 серия'!$B$6:$C$15,'41 серия'!$B$6:$B$15=C25)), )"),"") | BI25: =IFERROR(__xludf.DUMMYFUNCTION("IFNA(SUM(FILTER('42 серия'!$B$6:$C$15,'42 серия'!$B$6:$B$15=C25)), )"),"") | BJ25: =IFERROR(__xludf.DUMMYFUNCTION("IFNA(SUM(FILTER('43 серия'!$B$6:$C$15,'43 серия'!$B$6:$B$15=C25)), )"),15.0) -> 15 | BK25: =IFERROR(__xludf.DUMMYFUNCTION("IFNA(SUM(FILTER('44 серия'!$B$6:$C$15,'44 серия'!$B$6:$B$15=C25)), )"),"") | BL25: =IFERROR(__xludf.DUMMYFUNCTION("IFNA(SUM(FILTER('45 серия'!$B$6:$C$15,'45 серия'!$B$6:$B$15=C25)), )"),"") | BM25: =IFERROR(__xludf.DUMMYFUNCTION("IFNA(SUM(FILTER('46 серия'!$B$6:$C$15,'46 серия'!$B$6:$B$15=C25)), )"),"") | BN25: =IFERROR(__xludf.DUMMYFUNCTION("IFNA(SUM(FILTER('47 серия'!$B$6:$C$15,'47 серия'!$B$6:$B$15=C25)), )"),"") | BO25: =IFERROR(__xludf.DUMMYFUNCTION("IFNA(SUM(FILTER('48 серия'!$B$6:$C$15,'48 серия'!$B$6:$B$15=$C25)), )"),22.25) -> 22.25 | BP25: =IFERROR(__xludf.DUMMYFUNCTION("IFNA(SUM(FILTER('49 серия'!$B$6:$C$15,'49 серия'!$B$6:$B$15=$C25)), )"),"") | BQ25: =IFERROR(__xludf.DUMMYFUNCTION("IFNA(SUM(FILTER('50 серия'!$B$6:$C$15,'50 серия'!$B$6:$B$15=$C25)), )"),29.5) -> 29.5 | BR25: =IFERROR(__xludf.DUMMYFUNCTION("IFNA(SUM(FILTER('51 серия'!$B$6:$C$15,'51 серия'!$B$6:$B$15=$C25)), )"),"") | BS25: =IFERROR(__xludf.DUMMYFUNCTION("IFNA(SUM(FILTER('52 серия'!$B$6:$C$15,'52 серия'!$B$6:$B$15=C25)), )"),"") | BT25: =IFERROR(__xludf.DUMMYFUNCTION("IFNA(SUM(FILTER('53 серия'!$B$6:$C$15,'53 серия'!$B$6:$B$15=$C25)), )"),"") | BU25: =IFERROR(__xludf.DUMMYFUNCTION("IFNA(SUM(FILTER('54 серия'!$B$6:$C$15,'54 серия'!$B$6:$B$15=$C25)), )"),22.25) -> 22.25 | BV25: =IFERROR(__xludf.DUMMYFUNCTION("IFNA(SUM(FILTER('55 серия'!$B$6:$C$15,'55 серия'!$B$6:$B$15=$C25)), )"),"") | BW25: =IFERROR(__xludf.DUMMYFUNCTION("IFNA(SUM(FILTER('56 серия'!$B$6:$C$15,'56 серия'!$B$6:$B$15=$C25)), )"),"") | BX25: =IFERROR(__xludf.DUMMYFUNCTION("IFNA(SUM(FILTER('57 серия'!$B$6:$C$15,'57 серия'!$B$6:$B$15=$C25)), )"),"") | BY25: =IFERROR(__xludf.DUMMYFUNCTION("IFNA(SUM(FILTER('58 серия'!$B$6:$C$15,'58 серия'!$B$6:$B$15=$C25)), )"),"") | BZ25: =IFERROR(__xludf.DUMMYFUNCTION("IFNA(SUM(FILTER('59 серия'!$B$6:$C$15,'59 серия'!$B$6:$B$15=C25)), )"),"") | CA25: =IFERROR(__xludf.DUMMYFUNCTION("IFNA(SUM(FILTER('60 серия'!$B$6:$C$15,'60 серия'!$B$6:$B$15=$C25)), )"),"")
B26: =ROW()-6 -> 20 | C26: Манекен | D26: ='Игроки статистика'!B24 -> 50 | E26: =SUM(T26:CAZ26)-R26-S26 -> 192.75 | F26: =IFERROR((((E26)/D26)*5), ) -> 19.275 | G26: =IFERROR(((I26+J26+K26)/D26), ) -> 2.805 | H26: =SUMIFS('Все игры'!C$3:C1011,'Все игры'!A$3:A1011,C26) -> 52.5 | I26: =E26-H26-J26-K26 -> 137.75 | J26: =SUMIFS('Все игры'!F$3:F1011,'Все игры'!A$3:A1011,C26) -> 1 | K26: =SUMIFS('Все игры'!G$3:G1011,'Все игры'!A$3:A1011,C26) -> 1.5 | L26: ='Игроки статистика'!G24 -> 3 | M26: =H26/2.5 -> 21 | N26: =SUM('Игроки статистика'!O24,'Игроки статистика'!Q24) -> 9 | O26: =SUM('Игроки статистика'!P24,'Игроки статистика'!R24) -> 7 | P26: =IFERROR(__xludf.DUMMYFUNCTION("IFNA(SUM(FILTER('Штрафы'!$D$5:$D1011,'Штрафы'!$C$5:$C1011=C26)), )"),"") | Q26: =IFERROR(__xludf.DUMMYFUNCTION("IFNA(SUM(FILTER('Штрафы'!$F$5:$F1011,'Штрафы'!$C$5:$C1011=C26)), )"),"") | T26: =IFERROR(__xludf.DUMMYFUNCTION("IFNA(SUM(FILTER('1 серия'!$B$6:$C$15,'1 серия'!$B$6:$B$15=C26)), )"),"") | U26: =IFERROR(__xludf.DUMMYFUNCTION("IFNA(SUM(FILTER('2 серия'!$B$6:$C$15,'2 серия'!$B$6:$B$15=C26)), ) "),21.5) -> 21.5 | V26: =IFERROR(__xludf.DUMMYFUNCTION("IFNA(SUM(FILTER('3 серия'!$B$6:$C$15,'3 серия'!$B$6:$B$15=C26)), ) "),"") | W26: =IFERROR(__xludf.DUMMYFUNCTION("IFNA(SUM(FILTER('4 серия'!$B$6:$C$15,'4 серия'!$B$6:$B$15=C26)), )"),"") | X26: =IFERROR(__xludf.DUMMYFUNCTION("IFNA(SUM(FILTER('5 серия'!$B$6:$C$15,'5 серия'!$B$6:$B$15=C26)), )"),"") | Y26: =IFERROR(__xludf.DUMMYFUNCTION("IFNA(SUM(FILTER('6 серия'!$B$6:$C$15,'6 серия'!$B$6:$B$15=C26)), )"),"") | Z26: =IFERROR(__xludf.DUMMYFUNCTION("IFNA(SUM(FILTER('7 серия'!$B$6:$C$15,'7 серия'!$B$6:$B$15=C26)), )"),"") | AA26: =IFERROR(__xludf.DUMMYFUNCTION("IFNA(SUM(FILTER('8 серия'!$B$6:$C$15,'8 серия'!$B$6:$B$15=C26)), )"),13.75) -> 13.75 | AB26: =IFERROR(__xludf.DUMMYFUNCTION("IFNA(SUM(FILTER('9 серия'!$B$7:$C$16,'9 серия'!$B$7:$B$16=C26)), )"),"") | AC26: =IFERROR(__xludf.DUMMYFUNCTION("IFNA(SUM(FILTER('10 серия'!$B$6:$C$15,'10 серия'!$B$6:$B$15=C26)), )"),"") | AD26: =IFERROR(__xludf.DUMMYFUNCTION("IFNA(SUM(FILTER('11 серия'!$B$6:$C$15,'11 серия'!$B$6:$B$15=C26)), )"),"") | AE26: =IFERROR(__xludf.DUMMYFUNCTION("IFNA(SUM(FILTER('12 серия'!$B$6:$C$15,'12 серия'!$B$6:$B$15=C26)), )"),"") | AF26: =IFERROR(__xludf.DUMMYFUNCTION("IFNA(SUM(FILTER('13 серия'!$B$6:$C$15,'13 серия'!$B$6:$B$15=C26)), )"),22.25) -> 22.25 | AG26: =IFERROR(__xludf.DUMMYFUNCTION("IFNA(SUM(FILTER('14 серия'!$B$6:$C$15,'14 серия'!$B$6:$B$15=C26)), )"),"") | AH26: =IFERROR(__xludf.DUMMYFUNCTION("IFNA(SUM(FILTER('15 серия'!$B$6:$C$15,'15 серия'!$B$6:$B$15=C26)), )"),"") | AI26: =IFERROR(__xludf.DUMMYFUNCTION("IFNA(SUM(FILTER('16 серия'!$B$6:$C$15,'16 серия'!$B$6:$B$15=C26)), )"),"") | AJ26: =IFERROR(__xludf.DUMMYFUNCTION("IFNA(SUM(FILTER('17 серия'!$B$6:$C$15,'17 серия'!$B$6:$B$15=C26)), )"),23.5) -> 23.5 | AK26: =IFERROR(__xludf.DUMMYFUNCTION("IFNA(SUM(FILTER('18 серия'!$B$6:$C$15,'18 серия'!$B$6:$B$15=C26)), )"),"") | AL26: =IFERROR(__xludf.DUMMYFUNCTION("IFNA(SUM(FILTER('19 серия'!$B$6:$C$15,'19 серия'!$B$6:$B$15=C26)), )"),"") | AM26: =IFERROR(__xludf.DUMMYFUNCTION("IFNA(SUM(FILTER('20 серия'!$B$6:$C$15,'20 серия'!$B$6:$B$15=C26)), )"),"") | AN26: =IFERROR(__xludf.DUMMYFUNCTION("IFNA(SUM(FILTER('21 серия'!$B$6:$C$15,'21 серия'!$B$6:$B$15=C26)), )"),"") | AO26: =IFERROR(__xludf.DUMMYFUNCTION("IFNA(SUM(FILTER('22 серия'!$B$6:$C$15,'22 серия'!$B$6:$B$15=C26)), )"),"") | AP26: =IFERROR(__xludf.DUMMYFUNCTION("IFNA(SUM(FILTER('23 серия'!$B$6:$C$15,'23 серия'!$B$6:$B$15=C26)), )"),15.0) -> 15 | AQ26: =IFERROR(__xludf.DUMMYFUNCTION("IFNA(SUM(FILTER('24 серия'!$B$6:$C$15,'24 серия'!$B$6:$B$15=C26)), )"),"") | AR26: =IFERROR(__xludf.DUMMYFUNCTION("IFNA(SUM(FILTER('25 серия'!$B$6:$C$15,'25 серия'!$B$6:$B$15=C26)), )"),"") | AS26: =IFERROR(__xludf.DUMMYFUNCTION("IFNA(SUM(FILTER('26 серия'!$B$6:$C$15,'26 серия'!$B$6:$B$15=C26)), )"),"") | AT26: =IFERROR(__xludf.DUMMYFUNCTION("IFNA(SUM(FILTER('27 серия'!$B$6:$C$15,'27 серия'!$B$6:$B$15=C26)), )"),"") | AU26: =IFERROR(__xludf.DUMMYFUNCTION("IFNA(SUM(FILTER('28 серия'!$B$6:$C$15,'28 серия'!$B$6:$B$15=C26)), )"),"") | AV26: =IFERROR(__xludf.DUMMYFUNCTION("IFNA(SUM(FILTER('29 серия'!$B$6:$C$15,'29 серия'!$B$6:$B$15=C26)), )"),"") | AW26: =IFERROR(__xludf.DUMMYFUNCTION("IFNA(SUM(FILTER('30 серия'!$B$6:$C$15,'30 серия'!$B$6:$B$15=C26)), )"),"") | AX26: =IFERROR(__xludf.DUMMYFUNCTION("IFNA(SUM(FILTER('31 серия'!$B$6:$C$15,'31 серия'!$B$6:$B$15=C26)), )"),"") | AY26: =IFERROR(__xludf.DUMMYFUNCTION("IFNA(SUM(FILTER('32 серия'!$B$6:$C$15,'32 серия'!$B$6:$B$15=C26)), )"),"") | AZ26: =IFERROR(__xludf.DUMMYFUNCTION("IFNA(SUM(FILTER('33 серия'!$B$6:$C$15,'33 серия'!$B$6:$B$15=C26)), )"),"") | BA26: =IFERROR(__xludf.DUMMYFUNCTION("IFNA(SUM(FILTER('34 серия'!$B$6:$C$15,'34 серия'!$B$6:$B$15=C26)), )"),"") | BB26: =IFERROR(__xludf.DUMMYFUNCTION("IFNA(SUM(FILTER('35 серия'!$B$6:$C$15,'35 серия'!$B$6:$B$15=C26)), )"),"") | BC26: =IFERROR(__xludf.DUMMYFUNCTION("IFNA(SUM(FILTER('36 серия'!$B$6:$C$15,'36 серия'!$B$6:$B$15=C26)), )"),"") | BD26: =IFERROR(__xludf.DUMMYFUNCTION("IFNA(SUM(FILTER('37 серия'!$B$6:$C$15,'37 серия'!$B$6:$B$15=C26)), )"),"") | BE26: =IFERROR(__xludf.DUMMYFUNCTION("IFNA(SUM(FILTER('38 серия'!$B$6:$C$15,'38 серия'!$B$6:$B$15=C26)), )"),22.25) -> 22.25 | BF26: =IFERROR(__xludf.DUMMYFUNCTION("IFNA(SUM(FILTER('39 серия'!$B$6:$C$15,'39 серия'!$B$6:$B$15=C26)), )"),"") | BG26: =IFERROR(__xludf.DUMMYFUNCTION("IFNA(SUM(FILTER('40 серия'!$B$6:$C$15,'40 серия'!$B$6:$B$15=C26)), )"),"") | BH26: =IFERROR(__xludf.DUMMYFUNCTION("IFNA(SUM(FILTER('41 серия'!$B$6:$C$15,'41 серия'!$B$6:$B$15=C26)), )"),"") | BI26: =IFERROR(__xludf.DUMMYFUNCTION("IFNA(SUM(FILTER('42 серия'!$B$6:$C$15,'42 серия'!$B$6:$B$15=C26)), )"),"") | BJ26: =IFERROR(__xludf.DUMMYFUNCTION("IFNA(SUM(FILTER('43 серия'!$B$6:$C$15,'43 серия'!$B$6:$B$15=C26)), )"),21.75) -> 21.75 | BK26: =IFERROR(__xludf.DUMMYFUNCTION("IFNA(SUM(FILTER('44 серия'!$B$6:$C$15,'44 серия'!$B$6:$B$15=C26)), )"),"") | BL26: =IFERROR(__xludf.DUMMYFUNCTION("IFNA(SUM(FILTER('45 серия'!$B$6:$C$15,'45 серия'!$B$6:$B$15=C26)), )"),"") | BM26: =IFERROR(__xludf.DUMMYFUNCTION("IFNA(SUM(FILTER('46 серия'!$B$6:$C$15,'46 серия'!$B$6:$B$15=C26)), )"),"") | BN26: =IFERROR(__xludf.DUMMYFUNCTION("IFNA(SUM(FILTER('47 серия'!$B$6:$C$15,'47 серия'!$B$6:$B$15=C26)), )"),"") | BO26: =IFERROR(__xludf.DUMMYFUNCTION("IFNA(SUM(FILTER('48 серия'!$B$6:$C$15,'48 серия'!$B$6:$B$15=$C26)), )"),21.75) -> 21.75 | BP26: =IFERROR(__xludf.DUMMYFUNCTION("IFNA(SUM(FILTER('49 серия'!$B$6:$C$15,'49 серия'!$B$6:$B$15=$C26)), )"),"") | BQ26: =IFERROR(__xludf.DUMMYFUNCTION("IFNA(SUM(FILTER('50 серия'!$B$6:$C$15,'50 серия'!$B$6:$B$15=$C26)), )"),"") | BR26: =IFERROR(__xludf.DUMMYFUNCTION("IFNA(SUM(FILTER('51 серия'!$B$6:$C$15,'51 серия'!$B$6:$B$15=$C26)), )"),10.25) -> 10.25 | BS26: =IFERROR(__xludf.DUMMYFUNCTION("IFNA(SUM(FILTER('52 серия'!$B$6:$C$15,'52 серия'!$B$6:$B$15=C26)), )"),"") | BT26: =IFERROR(__xludf.DUMMYFUNCTION("IFNA(SUM(FILTER('53 серия'!$B$6:$C$15,'53 серия'!$B$6:$B$15=$C26)), )"),"") | BU26: =IFERROR(__xludf.DUMMYFUNCTION("IFNA(SUM(FILTER('54 серия'!$B$6:$C$15,'54 серия'!$B$6:$B$15=$C26)), )"),20.75) -> 20.75 | BV26: =IFERROR(__xludf.DUMMYFUNCTION("IFNA(SUM(FILTER('55 серия'!$B$6:$C$15,'55 серия'!$B$6:$B$15=$C26)), )"),"") | BW26: =IFERROR(__xludf.DUMMYFUNCTION("IFNA(SUM(FILTER('56 серия'!$B$6:$C$15,'56 серия'!$B$6:$B$15=$C26)), )"),"") | BX26: =IFERROR(__xludf.DUMMYFUNCTION("IFNA(SUM(FILTER('57 серия'!$B$6:$C$15,'57 серия'!$B$6:$B$15=$C26)), )"),"") | BY26: =IFERROR(__xludf.DUMMYFUNCTION("IFNA(SUM(FILTER('58 серия'!$B$6:$C$15,'58 серия'!$B$6:$B$15=$C26)), )"),"") | BZ26: =IFERROR(__xludf.DUMMYFUNCTION("IFNA(SUM(FILTER('59 серия'!$B$6:$C$15,'59 серия'!$B$6:$B$15=C26)), )"),"") | CA26: =IFERROR(__xludf.DUMMYFUNCTION("IFNA(SUM(FILTER('60 серия'!$B$6:$C$15,'60 серия'!$B$6:$B$15=$C26)), )"),"")
B27: =ROW()-6 -> 21 | C27: Марго | D27: ='Игроки статистика'!B25 -> 50 | E27: =SUM(T27:CAZ27)-R27-S27 -> 201.25 | F27: =IFERROR((((E27)/D27)*5), ) -> 20.125 | G27: =IFERROR(((I27+J27+K27)/D27), ) -> 2.775 | H27: =SUMIFS('Все игры'!C$3:C1011,'Все игры'!A$3:A1011,C27) -> 62.5 | I27: =E27-H27-J27-K27 -> 137.75 | J27: =SUMIFS('Все игры'!F$3:F1011,'Все игры'!A$3:A1011,C27) -> 0 | K27: =SUMIFS('Все игры'!G$3:G1011,'Все игры'!A$3:A1011,C27) -> 1 | L27: ='Игроки статистика'!G25 -> 2 | M27: =H27/2.5 -> 25 | N27: =SUM('Игроки статистика'!O25,'Игроки статистика'!Q25) -> 8 | O27: =SUM('Игроки статистика'!P25,'Игроки статистика'!R25) -> 5 | P27: =IFERROR(__xludf.DUMMYFUNCTION("IFNA(SUM(FILTER('Штрафы'!$D$5:$D1011,'Штрафы'!$C$5:$C1011=C27)), )"),"") | Q27: =IFERROR(__xludf.DUMMYFUNCTION("IFNA(SUM(FILTER('Штрафы'!$F$5:$F1011,'Штрафы'!$C$5:$C1011=C27)), )"),"") | T27: =IFERROR(__xludf.DUMMYFUNCTION("IFNA(SUM(FILTER('1 серия'!$B$6:$C$15,'1 серия'!$B$6:$B$15=C27)), )"),"") | U27: =IFERROR(__xludf.DUMMYFUNCTION("IFNA(SUM(FILTER('2 серия'!$B$6:$C$15,'2 серия'!$B$6:$B$15=C27)), ) "),"") | V27: =IFERROR(__xludf.DUMMYFUNCTION("IFNA(SUM(FILTER('3 серия'!$B$6:$C$15,'3 серия'!$B$6:$B$15=C27)), ) "),"") | W27: =IFERROR(__xludf.DUMMYFUNCTION("IFNA(SUM(FILTER('4 серия'!$B$6:$C$15,'4 серия'!$B$6:$B$15=C27)), )"),"") | X27: =IFERROR(__xludf.DUMMYFUNCTION("IFNA(SUM(FILTER('5 серия'!$B$6:$C$15,'5 серия'!$B$6:$B$15=C27)), )"),"") | Y27: =IFERROR(__xludf.DUMMYFUNCTION("IFNA(SUM(FILTER('6 серия'!$B$6:$C$15,'6 серия'!$B$6:$B$15=C27)), )"),"") | Z27: =IFERROR(__xludf.DUMMYFUNCTION("IFNA(SUM(FILTER('7 серия'!$B$6:$C$15,'7 серия'!$B$6:$B$15=C27)), )"),"") | AA27: =IFERROR(__xludf.DUMMYFUNCTION("IFNA(SUM(FILTER('8 серия'!$B$6:$C$15,'8 серия'!$B$6:$B$15=C27)), )"),15.25) -> 15.25 | AB27: =IFERROR(__xludf.DUMMYFUNCTION("IFNA(SUM(FILTER('9 серия'!$B$7:$C$16,'9 серия'!$B$7:$B$16=C27)), )"),"") | AC27: =IFERROR(__xludf.DUMMYFUNCTION("IFNA(SUM(FILTER('10 серия'!$B$6:$C$15,'10 серия'!$B$6:$B$15=C27)), )"),"") | AD27: =IFERROR(__xludf.DUMMYFUNCTION("IFNA(SUM(FILTER('11 серия'!$B$6:$C$15,'11 серия'!$B$6:$B$15=C27)), )"),"") | AE27: =IFERROR(__xludf.DUMMYFUNCTION("IFNA(SUM(FILTER('12 серия'!$B$6:$C$15,'12 серия'!$B$6:$B$15=C27)), )"),"") | AF27: =IFERROR(__xludf.DUMMYFUNCTION("IFNA(SUM(FILTER('13 серия'!$B$6:$C$15,'13 серия'!$B$6:$B$15=C27)), )"),"") | AG27: =IFERROR(__xludf.DUMMYFUNCTION("IFNA(SUM(FILTER('14 серия'!$B$6:$C$15,'14 серия'!$B$6:$B$15=C27)), )"),23.0) -> 23 | AH27: =IFERROR(__xludf.DUMMYFUNCTION("IFNA(SUM(FILTER('15 серия'!$B$6:$C$15,'15 серия'!$B$6:$B$15=C27)), )"),"") | AI27: =IFERROR(__xludf.DUMMYFUNCTION("IFNA(SUM(FILTER('16 серия'!$B$6:$C$15,'16 серия'!$B$6:$B$15=C27)), )"),19.0) -> 19 | AJ27: =IFERROR(__xludf.DUMMYFUNCTION("IFNA(SUM(FILTER('17 серия'!$B$6:$C$15,'17 серия'!$B$6:$B$15=C27)), )"),"") | AK27: =IFERROR(__xludf.DUMMYFUNCTION("IFNA(SUM(FILTER('18 серия'!$B$6:$C$15,'18 серия'!$B$6:$B$15=C27)), )"),"") | AL27: =IFERROR(__xludf.DUMMYFUNCTION("IFNA(SUM(FILTER('19 серия'!$B$6:$C$15,'19 серия'!$B$6:$B$15=C27)), )"),"") | AM27: =IFERROR(__xludf.DUMMYFUNCTION("IFNA(SUM(FILTER('20 серия'!$B$6:$C$15,'20 серия'!$B$6:$B$15=C27)), )"),"") | AN27: =IFERROR(__xludf.DUMMYFUNCTION("IFNA(SUM(FILTER('21 серия'!$B$6:$C$15,'21 серия'!$B$6:$B$15=C27)), )"),"") | AO27: =IFERROR(__xludf.DUMMYFUNCTION("IFNA(SUM(FILTER('22 серия'!$B$6:$C$15,'22 серия'!$B$6:$B$15=C27)), )"),"") | AP27: =IFERROR(__xludf.DUMMYFUNCTION("IFNA(SUM(FILTER('23 серия'!$B$6:$C$15,'23 серия'!$B$6:$B$15=C27)), )"),"") | AQ27: =IFERROR(__xludf.DUMMYFUNCTION("IFNA(SUM(FILTER('24 серия'!$B$6:$C$15,'24 серия'!$B$6:$B$15=C27)), )"),19.5) -> 19.5 | AR27: =IFERROR(__xludf.DUMMYFUNCTION("IFNA(SUM(FILTER('25 серия'!$B$6:$C$15,'25 серия'!$B$6:$B$15=C27)), )"),18.25) -> 18.25 | AS27: =IFERROR(__xludf.DUMMYFUNCTION("IFNA(SUM(FILTER('26 серия'!$B$6:$C$15,'26 серия'!$B$6:$B$15=C27)), )"),"") | AT27: =IFERROR(__xludf.DUMMYFUNCTION("IFNA(SUM(FILTER('27 серия'!$B$6:$C$15,'27 серия'!$B$6:$B$15=C27)), )"),"") | AU27: =IFERROR(__xludf.DUMMYFUNCTION("IFNA(SUM(FILTER('28 серия'!$B$6:$C$15,'28 серия'!$B$6:$B$15=C27)), )"),"") | AV27: =IFERROR(__xludf.DUMMYFUNCTION("IFNA(SUM(FILTER('29 серия'!$B$6:$C$15,'29 серия'!$B$6:$B$15=C27)), )"),"") | AW27: =IFERROR(__xludf.DUMMYFUNCTION("IFNA(SUM(FILTER('30 серия'!$B$6:$C$15,'30 серия'!$B$6:$B$15=C27)), )"),"") | AX27: =IFERROR(__xludf.DUMMYFUNCTION("IFNA(SUM(FILTER('31 серия'!$B$6:$C$15,'31 серия'!$B$6:$B$15=C27)), )"),"") | AY27: =IFERROR(__xludf.DUMMYFUNCTION("IFNA(SUM(FILTER('32 серия'!$B$6:$C$15,'32 серия'!$B$6:$B$15=C27)), )"),"") | AZ27: =IFERROR(__xludf.DUMMYFUNCTION("IFNA(SUM(FILTER('33 серия'!$B$6:$C$15,'33 серия'!$B$6:$B$15=C27)), )"),27.25) -> 27.25 | BA27: =IFERROR(__xludf.DUMMYFUNCTION("IFNA(SUM(FILTER('34 серия'!$B$6:$C$15,'34 серия'!$B$6:$B$15=C27)), )"),"") | BB27: =IFERROR(__xludf.DUMMYFUNCTION("IFNA(SUM(FILTER('35 серия'!$B$6:$C$15,'35 серия'!$B$6:$B$15=C27)), )"),"") | BC27: =IFERROR(__xludf.DUMMYFUNCTION("IFNA(SUM(FILTER('36 серия'!$B$6:$C$15,'36 серия'!$B$6:$B$15=C27)), )"),19.75) -> 19.75 | BD27: =IFERROR(__xludf.DUMMYFUNCTION("IFNA(SUM(FILTER('37 серия'!$B$6:$C$15,'37 серия'!$B$6:$B$15=C27)), )"),"") | BE27: =IFERROR(__xludf.DUMMYFUNCTION("IFNA(SUM(FILTER('38 серия'!$B$6:$C$15,'38 серия'!$B$6:$B$15=C27)), )"),"") | BF27: =IFERROR(__xludf.DUMMYFUNCTION("IFNA(SUM(FILTER('39 серия'!$B$6:$C$15,'39 серия'!$B$6:$B$15=C27)), )"),"") | BG27: =IFERROR(__xludf.DUMMYFUNCTION("IFNA(SUM(FILTER('40 серия'!$B$6:$C$15,'40 серия'!$B$6:$B$15=C27)), )"),"") | BH27: =IFERROR(__xludf.DUMMYFUNCTION("IFNA(SUM(FILTER('41 серия'!$B$6:$C$15,'41 серия'!$B$6:$B$15=C27)), )"),"") | BI27: =IFERROR(__xludf.DUMMYFUNCTION("IFNA(SUM(FILTER('42 серия'!$B$6:$C$15,'42 серия'!$B$6:$B$15=C27)), )"),"") | BJ27: =IFERROR(__xludf.DUMMYFUNCTION("IFNA(SUM(FILTER('43 серия'!$B$6:$C$15,'43 серия'!$B$6:$B$15=C27)), )"),"") | BK27: =IFERROR(__xludf.DUMMYFUNCTION("IFNA(SUM(FILTER('44 серия'!$B$6:$C$15,'44 серия'!$B$6:$B$15=C27)), )"),"") | BL27: =IFERROR(__xludf.DUMMYFUNCTION("IFNA(SUM(FILTER('45 серия'!$B$6:$C$15,'45 серия'!$B$6:$B$15=C27)), )"),"") | BM27: =IFERROR(__xludf.DUMMYFUNCTION("IFNA(SUM(FILTER('46 серия'!$B$6:$C$15,'46 серия'!$B$6:$B$15=C27)), )"),"") | BN27: =IFERROR(__xludf.DUMMYFUNCTION("IFNA(SUM(FILTER('47 серия'!$B$6:$C$15,'47 серия'!$B$6:$B$15=C27)), )"),"") | BO27: =IFERROR(__xludf.DUMMYFUNCTION("IFNA(SUM(FILTER('48 серия'!$B$6:$C$15,'48 серия'!$B$6:$B$15=$C27)), )"),"") | BP27: =IFERROR(__xludf.DUMMYFUNCTION("IFNA(SUM(FILTER('49 серия'!$B$6:$C$15,'49 серия'!$B$6:$B$15=$C27)), )"),16.25) -> 16.25 | BQ27: =IFERROR(__xludf.DUMMYFUNCTION("IFNA(SUM(FILTER('50 серия'!$B$6:$C$15,'50 серия'!$B$6:$B$15=$C27)), )"),"") | BR27: =IFERROR(__xludf.DUMMYFUNCTION("IFNA(SUM(FILTER('51 серия'!$B$6:$C$15,'51 серия'!$B$6:$B$15=$C27)), )"),"") | BS27: =IFERROR(__xludf.DUMMYFUNCTION("IFNA(SUM(FILTER('52 серия'!$B$6:$C$15,'52 серия'!$B$6:$B$15=C27)), )"),"") | BT27: =IFERROR(__xludf.DUMMYFUNCTION("IFNA(SUM(FILTER('53 серия'!$B$6:$C$15,'53 серия'!$B$6:$B$15=$C27)), )"),"") | BU27: =IFERROR(__xludf.DUMMYFUNCTION("IFNA(SUM(FILTER('54 серия'!$B$6:$C$15,'54 серия'!$B$6:$B$15=$C27)), )"),"") | BV27: =IFERROR(__xludf.DUMMYFUNCTION("IFNA(SUM(FILTER('55 серия'!$B$6:$C$15,'55 серия'!$B$6:$B$15=$C27)), )"),"") | BW27: =IFERROR(__xludf.DUMMYFUNCTION("IFNA(SUM(FILTER('56 серия'!$B$6:$C$15,'56 серия'!$B$6:$B$15=$C27)), )"),"") | BX27: =IFERROR(__xludf.DUMMYFUNCTION("IFNA(SUM(FILTER('57 серия'!$B$6:$C$15,'57 серия'!$B$6:$B$15=$C27)), )"),20.25) -> 20.25 | BY27: =IFERROR(__xludf.DUMMYFUNCTION("IFNA(SUM(FILTER('58 серия'!$B$6:$C$15,'58 серия'!$B$6:$B$15=$C27)), )"),"") | BZ27: =IFERROR(__xludf.DUMMYFUNCTION("IFNA(SUM(FILTER('59 серия'!$B$6:$C$15,'59 серия'!$B$6:$B$15=C27)), )"),22.75) -> 22.75 | CA27: =IFERROR(__xludf.DUMMYFUNCTION("IFNA(SUM(FILTER('60 серия'!$B$6:$C$15,'60 серия'!$B$6:$B$15=$C27)), )"),"")
B28: =ROW()-6 -> 22 | C28: Ментик | D28: ='Игроки статистика'!B26 -> 50 | E28: =SUM(T28:CAZ28)-R28-S28 -> 205.75 | F28: =IFERROR((((E28)/D28)*5), ) -> 20.575 | G28: =IFERROR(((I28+J28+K28)/D28), ) -> 2.915 | H28: =SUMIFS('Все игры'!C$3:C1011,'Все игры'!A$3:A1011,C28) -> 60 | I28: =E28-H28-J28-K28 -> 143.25 | J28: =SUMIFS('Все игры'!F$3:F1011,'Все игры'!A$3:A1011,C28) -> 0 | K28: =SUMIFS('Все игры'!G$3:G1011,'Все игры'!A$3:A1011,C28) -> 2.5 | L28: ='Игроки статистика'!G26 -> 5 | M28: =H28/2.5 -> 24 | N28: =SUM('Игроки статистика'!O26,'Игроки статистика'!Q26) -> 6 | O28: =SUM('Игроки статистика'!P26,'Игроки статистика'!R26) -> 6 | P28: =IFERROR(__xludf.DUMMYFUNCTION("IFNA(SUM(FILTER('Штрафы'!$D$5:$D1011,'Штрафы'!$C$5:$C1011=C28)), )"),"") | Q28: =IFERROR(__xludf.DUMMYFUNCTION("IFNA(SUM(FILTER('Штрафы'!$F$5:$F1011,'Штрафы'!$C$5:$C1011=C28)), )"),"") | T28: =IFERROR(__xludf.DUMMYFUNCTION("IFNA(SUM(FILTER('1 серия'!$B$6:$C$15,'1 серия'!$B$6:$B$15=C28)), )"),"") | U28: =IFERROR(__xludf.DUMMYFUNCTION("IFNA(SUM(FILTER('2 серия'!$B$6:$C$15,'2 серия'!$B$6:$B$15=C28)), ) "),"") | V28: =IFERROR(__xludf.DUMMYFUNCTION("IFNA(SUM(FILTER('3 серия'!$B$6:$C$15,'3 серия'!$B$6:$B$15=C28)), ) "),"") | W28: =IFERROR(__xludf.DUMMYFUNCTION("IFNA(SUM(FILTER('4 серия'!$B$6:$C$15,'4 серия'!$B$6:$B$15=C28)), )"),"") | X28: =IFERROR(__xludf.DUMMYFUNCTION("IFNA(SUM(FILTER('5 серия'!$B$6:$C$15,'5 серия'!$B$6:$B$15=C28)), )"),"") | Y28: =IFERROR(__xludf.DUMMYFUNCTION("IFNA(SUM(FILTER('6 серия'!$B$6:$C$15,'6 серия'!$B$6:$B$15=C28)), )"),"") | Z28: =IFERROR(__xludf.DUMMYFUNCTION("IFNA(SUM(FILTER('7 серия'!$B$6:$C$15,'7 серия'!$B$6:$B$15=C28)), )"),"") | AA28: =IFERROR(__xludf.DUMMYFUNCTION("IFNA(SUM(FILTER('8 серия'!$B$6:$C$15,'8 серия'!$B$6:$B$15=C28)), )"),"") | AB28: =IFERROR(__xludf.DUMMYFUNCTION("IFNA(SUM(FILTER('9 серия'!$B$7:$C$16,'9 серия'!$B$7:$B$16=C28)), )"),"") | AC28: =IFERROR(__xludf.DUMMYFUNCTION("IFNA(SUM(FILTER('10 серия'!$B$6:$C$15,'10 серия'!$B$6:$B$15=C28)), )"),"") | AD28: =IFERROR(__xludf.DUMMYFUNCTION("IFNA(SUM(FILTER('11 серия'!$B$6:$C$15,'11 серия'!$B$6:$B$15=C28)), )"),"") | AE28: =IFERROR(__xludf.DUMMYFUNCTION("IFNA(SUM(FILTER('12 серия'!$B$6:$C$15,'12 серия'!$B$6:$B$15=C28)), )"),"") | AF28: =IFERROR(__xludf.DUMMYFUNCTION("IFNA(SUM(FILTER('13 серия'!$B$6:$C$15,'13 серия'!$B$6:$B$15=C28)), )"),"") | AG28: =IFERROR(__xludf.DUMMYFUNCTION("IFNA(SUM(FILTER('14 серия'!$B$6:$C$15,'14 серия'!$B$6:$B$15=C28)), )"),"") | AH28: =IFERROR(__xludf.DUMMYFUNCTION("IFNA(SUM(FILTER('15 серия'!$B$6:$C$15,'15 серия'!$B$6:$B$15=C28)), )"),"") | AI28: =IFERROR(__xludf.DUMMYFUNCTION("IFNA(SUM(FILTER('16 серия'!$B$6:$C$15,'16 серия'!$B$6:$B$15=C28)), )"),"") | AJ28: =IFERROR(__xludf.DUMMYFUNCTION("IFNA(SUM(FILTER('17 серия'!$B$6:$C$15,'17 серия'!$B$6:$B$15=C28)), )"),11.5) -> 11.5 | AK28: =IFERROR(__xludf.DUMMYFUNCTION("IFNA(SUM(FILTER('18 серия'!$B$6:$C$15,'18 серия'!$B$6:$B$15=C28)), )"),15.75) -> 15.75 | AL28: =IFERROR(__xludf.DUMMYFUNCTION("IFNA(SUM(FILTER('19 серия'!$B$6:$C$15,'19 серия'!$B$6:$B$15=C28)), )"),23.25) -> 23.25 | AM28: =IFERROR(__xludf.DUMMYFUNCTION("IFNA(SUM(FILTER('20 серия'!$B$6:$C$15,'20 серия'!$B$6:$B$15=C28)), )"),23.5) -> 23.5 | AN28: =IFERROR(__xludf.DUMMYFUNCTION("IFNA(SUM(FILTER('21 серия'!$B$6:$C$15,'21 серия'!$B$6:$B$15=C28)), )"),22.5) -> 22.5 | AO28: =IFERROR(__xludf.DUMMYFUNCTION("IFNA(SUM(FILTER('22 серия'!$B$6:$C$15,'22 серия'!$B$6:$B$15=C28)), )"),"") | AP28: =IFERROR(__xludf.DUMMYFUNCTION("IFNA(SUM(FILTER('23 серия'!$B$6:$C$15,'23 серия'!$B$6:$B$15=C28)), )"),"") | AQ28: =IFERROR(__xludf.DUMMYFUNCTION("IFNA(SUM(FILTER('24 серия'!$B$6:$C$15,'24 серия'!$B$6:$B$15=C28)), )"),"") | AR28: =IFERROR(__xludf.DUMMYFUNCTION("IFNA(SUM(FILTER('25 серия'!$B$6:$C$15,'25 серия'!$B$6:$B$15=C28)), )"),"") | AS28: =IFERROR(__xludf.DUMMYFUNCTION("IFNA(SUM(FILTER('26 серия'!$B$6:$C$15,'26 серия'!$B$6:$B$15=C28)), )"),"") | AT28: =IFERROR(__xludf.DUMMYFUNCTION("IFNA(SUM(FILTER('27 серия'!$B$6:$C$15,'27 серия'!$B$6:$B$15=C28)), )"),"") | AU28: =IFERROR(__xludf.DUMMYFUNCTION("IFNA(SUM(FILTER('28 серия'!$B$6:$C$15,'28 серия'!$B$6:$B$15=C28)), )"),"") | AV28: =IFERROR(__xludf.DUMMYFUNCTION("IFNA(SUM(FILTER('29 серия'!$B$6:$C$15,'29 серия'!$B$6:$B$15=C28)), )"),"") | AW28: =IFERROR(__xludf.DUMMYFUNCTION("IFNA(SUM(FILTER('30 серия'!$B$6:$C$15,'30 серия'!$B$6:$B$15=C28)), )"),"") | AX28: =IFERROR(__xludf.DUMMYFUNCTION("IFNA(SUM(FILTER('31 серия'!$B$6:$C$15,'31 серия'!$B$6:$B$15=C28)), )"),"") | AY28: =IFERROR(__xludf.DUMMYFUNCTION("IFNA(SUM(FILTER('32 серия'!$B$6:$C$15,'32 серия'!$B$6:$B$15=C28)), )"),"") | AZ28: =IFERROR(__xludf.DUMMYFUNCTION("IFNA(SUM(FILTER('33 серия'!$B$6:$C$15,'33 серия'!$B$6:$B$15=C28)), )"),"") | BA28: =IFERROR(__xludf.DUMMYFUNCTION("IFNA(SUM(FILTER('34 серия'!$B$6:$C$15,'34 серия'!$B$6:$B$15=C28)), )"),"") | BB28: =IFERROR(__xludf.DUMMYFUNCTION("IFNA(SUM(FILTER('35 серия'!$B$6:$C$15,'35 серия'!$B$6:$B$15=C28)), )"),"") | BC28: =IFERROR(__xludf.DUMMYFUNCTION("IFNA(SUM(FILTER('36 серия'!$B$6:$C$15,'36 серия'!$B$6:$B$15=C28)), )"),"") | BD28: =IFERROR(__xludf.DUMMYFUNCTION("IFNA(SUM(FILTER('37 серия'!$B$6:$C$15,'37 серия'!$B$6:$B$15=C28)), )"),"") | BE28: =IFERROR(__xludf.DUMMYFUNCTION("IFNA(SUM(FILTER('38 серия'!$B$6:$C$15,'38 серия'!$B$6:$B$15=C28)), )"),"") | BF28: =IFERROR(__xludf.DUMMYFUNCTION("IFNA(SUM(FILTER('39 серия'!$B$6:$C$15,'39 серия'!$B$6:$B$15=C28)), )"),"") | BG28: =IFERROR(__xludf.DUMMYFUNCTION("IFNA(SUM(FILTER('40 серия'!$B$6:$C$15,'40 серия'!$B$6:$B$15=C28)), )"),"") | BH28: =IFERROR(__xludf.DUMMYFUNCTION("IFNA(SUM(FILTER('41 серия'!$B$6:$C$15,'41 серия'!$B$6:$B$15=C28)), )"),"") | BI28: =IFERROR(__xludf.DUMMYFUNCTION("IFNA(SUM(FILTER('42 серия'!$B$6:$C$15,'42 серия'!$B$6:$B$15=C28)), )"),"") | BJ28: =IFERROR(__xludf.DUMMYFUNCTION("IFNA(SUM(FILTER('43 серия'!$B$6:$C$15,'43 серия'!$B$6:$B$15=C28)), )"),"") | BK28: =IFERROR(__xludf.DUMMYFUNCTION("IFNA(SUM(FILTER('44 серия'!$B$6:$C$15,'44 серия'!$B$6:$B$15=C28)), )"),"") | BL28: =IFERROR(__xludf.DUMMYFUNCTION("IFNA(SUM(FILTER('45 серия'!$B$6:$C$15,'45 серия'!$B$6:$B$15=C28)), )"),"") | BM28: =IFERROR(__xludf.DUMMYFUNCTION("IFNA(SUM(FILTER('46 серия'!$B$6:$C$15,'46 серия'!$B$6:$B$15=C28)), )"),"") | BN28: =IFERROR(__xludf.DUMMYFUNCTION("IFNA(SUM(FILTER('47 серия'!$B$6:$C$15,'47 серия'!$B$6:$B$15=C28)), )"),21.0) -> 21 | BO28: =IFERROR(__xludf.DUMMYFUNCTION("IFNA(SUM(FILTER('48 серия'!$B$6:$C$15,'48 серия'!$B$6:$B$15=$C28)), )"),28.0) -> 28 | BP28: =IFERROR(__xludf.DUMMYFUNCTION("IFNA(SUM(FILTER('49 серия'!$B$6:$C$15,'49 серия'!$B$6:$B$15=$C28)), )"),20.75) -> 20.75 | BQ28: =IFERROR(__xludf.DUMMYFUNCTION("IFNA(SUM(FILTER('50 серия'!$B$6:$C$15,'50 серия'!$B$6:$B$15=$C28)), )"),20.0) -> 20 | BR28: =IFERROR(__xludf.DUMMYFUNCTION("IFNA(SUM(FILTER('51 серия'!$B$6:$C$15,'51 серия'!$B$6:$B$15=$C28)), )"),19.5) -> 19.5 | BS28: =IFERROR(__xludf.DUMMYFUNCTION("IFNA(SUM(FILTER('52 серия'!$B$6:$C$15,'52 серия'!$B$6:$B$15=C28)), )"),"") | BT28: =IFERROR(__xludf.DUMMYFUNCTION("IFNA(SUM(FILTER('53 серия'!$B$6:$C$15,'53 серия'!$B$6:$B$15=$C28)), )"),"") | BU28: =IFERROR(__xludf.DUMMYFUNCTION("IFNA(SUM(FILTER('54 серия'!$B$6:$C$15,'54 серия'!$B$6:$B$15=$C28)), )"),"") | BV28: =IFERROR(__xludf.DUMMYFUNCTION("IFNA(SUM(FILTER('55 серия'!$B$6:$C$15,'55 серия'!$B$6:$B$15=$C28)), )"),"") | BW28: =IFERROR(__xludf.DUMMYFUNCTION("IFNA(SUM(FILTER('56 серия'!$B$6:$C$15,'56 серия'!$B$6:$B$15=$C28)), )"),"") | BX28: =IFERROR(__xludf.DUMMYFUNCTION("IFNA(SUM(FILTER('57 серия'!$B$6:$C$15,'57 серия'!$B$6:$B$15=$C28)), )"),"") | BY28: =IFERROR(__xludf.DUMMYFUNCTION("IFNA(SUM(FILTER('58 серия'!$B$6:$C$15,'58 серия'!$B$6:$B$15=$C28)), )"),"") | BZ28: =IFERROR(__xludf.DUMMYFUNCTION("IFNA(SUM(FILTER('59 серия'!$B$6:$C$15,'59 серия'!$B$6:$B$15=C28)), )"),"") | CA28: =IFERROR(__xludf.DUMMYFUNCTION("IFNA(SUM(FILTER('60 серия'!$B$6:$C$15,'60 серия'!$B$6:$B$15=$C28)), )"),"")
B29: =ROW()-6 -> 23 | C29: Мишель | D29: ='Игроки статистика'!B27 -> 50 | E29: =SUM(T29:CAZ29)-R29-S29 -> 184 | F29: =IFERROR((((E29)/D29)*5), ) -> 18.4 | G29: =IFERROR(((I29+J29+K29)/D29), ) -> 2.53 | H29: =SUMIFS('Все игры'!C$3:C1011,'Все игры'!A$3:A1011,C29) -> 57.5 | I29: =E29-H29-J29-K29 -> 124.5 | J29: =SUMIFS('Все игры'!F$3:F1011,'Все игры'!A$3:A1011,C29) -> 0 | K29: =SUMIFS('Все игры'!G$3:G1011,'Все игры'!A$3:A1011,C29) -> 2 | L29: ='Игроки статистика'!G27 -> 4 | M29: =H29/2.5 -> 23 | N29: =SUM('Игроки статистика'!O27,'Игроки статистика'!Q27) -> 3 | O29: =SUM('Игроки статистика'!P27,'Игроки статистика'!R27) -> 6 | P29: =IFERROR(__xludf.DUMMYFUNCTION("IFNA(SUM(FILTER('Штрафы'!$D$5:$D1011,'Штрафы'!$C$5:$C1011=C29)), )"),"") | Q29: =IFERROR(__xludf.DUMMYFUNCTION("IFNA(SUM(FILTER('Штрафы'!$F$5:$F1011,'Штрафы'!$C$5:$C1011=C29)), )"),"") | T29: =IFERROR(__xludf.DUMMYFUNCTION("IFNA(SUM(FILTER('1 серия'!$B$6:$C$15,'1 серия'!$B$6:$B$15=C29)), )"),17.0) -> 17 | U29: =IFERROR(__xludf.DUMMYFUNCTION("IFNA(SUM(FILTER('2 серия'!$B$6:$C$15,'2 серия'!$B$6:$B$15=C29)), ) "),"") | V29: =IFERROR(__xludf.DUMMYFUNCTION("IFNA(SUM(FILTER('3 серия'!$B$6:$C$15,'3 серия'!$B$6:$B$15=C29)), ) "),"") | W29: =IFERROR(__xludf.DUMMYFUNCTION("IFNA(SUM(FILTER('4 серия'!$B$6:$C$15,'4 серия'!$B$6:$B$15=C29)), )"),"") | X29: =IFERROR(__xludf.DUMMYFUNCTION("IFNA(SUM(FILTER('5 серия'!$B$6:$C$15,'5 серия'!$B$6:$B$15=C29)), )"),"") | Y29: =IFERROR(__xludf.DUMMYFUNCTION("IFNA(SUM(FILTER('6 серия'!$B$6:$C$15,'6 серия'!$B$6:$B$15=C29)), )"),21.0) -> 21 | Z29: =IFERROR(__xludf.DUMMYFUNCTION("IFNA(SUM(FILTER('7 серия'!$B$6:$C$15,'7 серия'!$B$6:$B$15=C29)), )"),"") | AA29: =IFERROR(__xludf.DUMMYFUNCTION("IFNA(SUM(FILTER('8 серия'!$B$6:$C$15,'8 серия'!$B$6:$B$15=C29)), )"),"") | AB29: =IFERROR(__xludf.DUMMYFUNCTION("IFNA(SUM(FILTER('9 серия'!$B$7:$C$16,'9 серия'!$B$7:$B$16=C29)), )"),"") | AC29: =IFERROR(__xludf.DUMMYFUNCTION("IFNA(SUM(FILTER('10 серия'!$B$6:$C$15,'10 серия'!$B$6:$B$15=C29)), )"),"") | AD29: =IFERROR(__xludf.DUMMYFUNCTION("IFNA(SUM(FILTER('11 серия'!$B$6:$C$15,'11 серия'!$B$6:$B$15=C29)), )"),"") | AE29: =IFERROR(__xludf.DUMMYFUNCTION("IFNA(SUM(FILTER('12 серия'!$B$6:$C$15,'12 серия'!$B$6:$B$15=C29)), )"),"") | AF29: =IFERROR(__xludf.DUMMYFUNCTION("IFNA(SUM(FILTER('13 серия'!$B$6:$C$15,'13 серия'!$B$6:$B$15=C29)), )"),20.5) -> 20.5 | AG29: =IFERROR(__xludf.DUMMYFUNCTION("IFNA(SUM(FILTER('14 серия'!$B$6:$C$15,'14 серия'!$B$6:$B$15=C29)), )"),"") | AH29: =IFERROR(__xludf.DUMMYFUNCTION("IFNA(SUM(FILTER('15 серия'!$B$6:$C$15,'15 серия'!$B$6:$B$15=C29)), )"),16.75) -> 16.75 | AI29: =IFERROR(__xludf.DUMMYFUNCTION("IFNA(SUM(FILTER('16 серия'!$B$6:$C$15,'16 серия'!$B$6:$B$15=C29)), )"),"") | AJ29: =IFERROR(__xludf.DUMMYFUNCTION("IFNA(SUM(FILTER('17 серия'!$B$6:$C$15,'17 серия'!$B$6:$B$15=C29)), )"),"") | AK29: =IFERROR(__xludf.DUMMYFUNCTION("IFNA(SUM(FILTER('18 серия'!$B$6:$C$15,'18 серия'!$B$6:$B$15=C29)), )"),"") | AL29: =IFERROR(__xludf.DUMMYFUNCTION("IFNA(SUM(FILTER('19 серия'!$B$6:$C$15,'19 серия'!$B$6:$B$15=C29)), )"),"") | AM29: =IFERROR(__xludf.DUMMYFUNCTION("IFNA(SUM(FILTER('20 серия'!$B$6:$C$15,'20 серия'!$B$6:$B$15=C29)), )"),"") | AN29: =IFERROR(__xludf.DUMMYFUNCTION("IFNA(SUM(FILTER('21 серия'!$B$6:$C$15,'21 серия'!$B$6:$B$15=C29)), )"),18.25) -> 18.25 | AO29: =IFERROR(__xludf.DUMMYFUNCTION("IFNA(SUM(FILTER('22 серия'!$B$6:$C$15,'22 серия'!$B$6:$B$15=C29)), )"),"") | AP29: =IFERROR(__xludf.DUMMYFUNCTION("IFNA(SUM(FILTER('23 серия'!$B$6:$C$15,'23 серия'!$B$6:$B$15=C29)), )"),"") | AQ29: =IFERROR(__xludf.DUMMYFUNCTION("IFNA(SUM(FILTER('24 серия'!$B$6:$C$15,'24 серия'!$B$6:$B$15=C29)), )"),"") | AR29: =IFERROR(__xludf.DUMMYFUNCTION("IFNA(SUM(FILTER('25 серия'!$B$6:$C$15,'25 серия'!$B$6:$B$15=C29)), )"),"") | AS29: =IFERROR(__xludf.DUMMYFUNCTION("IFNA(SUM(FILTER('26 серия'!$B$6:$C$15,'26 серия'!$B$6:$B$15=C29)), )"),"") | AT29: =IFERROR(__xludf.DUMMYFUNCTION("IFNA(SUM(FILTER('27 серия'!$B$6:$C$15,'27 серия'!$B$6:$B$15=C29)), )"),"") | AU29: =IFERROR(__xludf.DUMMYFUNCTION("IFNA(SUM(FILTER('28 серия'!$B$6:$C$15,'28 серия'!$B$6:$B$15=C29)), )"),15.75) -> 15.75 | AV29: =IFERROR(__xludf.DUMMYFUNCTION("IFNA(SUM(FILTER('29 серия'!$B$6:$C$15,'29 серия'!$B$6:$B$15=C29)), )"),"") | AW29: =IFERROR(__xludf.DUMMYFUNCTION("IFNA(SUM(FILTER('30 серия'!$B$6:$C$15,'30 серия'!$B$6:$B$15=C29)), )"),"") | AX29: =IFERROR(__xludf.DUMMYFUNCTION("IFNA(SUM(FILTER('31 серия'!$B$6:$C$15,'31 серия'!$B$6:$B$15=C29)), )"),"") | AY29: =IFERROR(__xludf.DUMMYFUNCTION("IFNA(SUM(FILTER('32 серия'!$B$6:$C$15,'32 серия'!$B$6:$B$15=C29)), )"),"") | AZ29: =IFERROR(__xludf.DUMMYFUNCTION("IFNA(SUM(FILTER('33 серия'!$B$6:$C$15,'33 серия'!$B$6:$B$15=C29)), )"),"") | BA29: =IFERROR(__xludf.DUMMYFUNCTION("IFNA(SUM(FILTER('34 серия'!$B$6:$C$15,'34 серия'!$B$6:$B$15=C29)), )"),"") | BB29: =IFERROR(__xludf.DUMMYFUNCTION("IFNA(SUM(FILTER('35 серия'!$B$6:$C$15,'35 серия'!$B$6:$B$15=C29)), )"),"") | BC29: =IFERROR(__xludf.DUMMYFUNCTION("IFNA(SUM(FILTER('36 серия'!$B$6:$C$15,'36 серия'!$B$6:$B$15=C29)), )"),"") | BD29: =IFERROR(__xludf.DUMMYFUNCTION("IFNA(SUM(FILTER('37 серия'!$B$6:$C$15,'37 серия'!$B$6:$B$15=C29)), )"),"") | BE29: =IFERROR(__xludf.DUMMYFUNCTION("IFNA(SUM(FILTER('38 серия'!$B$6:$C$15,'38 серия'!$B$6:$B$15=C29)), )"),"") | BF29: =IFERROR(__xludf.DUMMYFUNCTION("IFNA(SUM(FILTER('39 серия'!$B$6:$C$15,'39 серия'!$B$6:$B$15=C29)), )"),"") | BG29: =IFERROR(__xludf.DUMMYFUNCTION("IFNA(SUM(FILTER('40 серия'!$B$6:$C$15,'40 серия'!$B$6:$B$15=C29)), )"),"") | BH29: =IFERROR(__xludf.DUMMYFUNCTION("IFNA(SUM(FILTER('41 серия'!$B$6:$C$15,'41 серия'!$B$6:$B$15=C29)), )"),"") | BI29: =IFERROR(__xludf.DUMMYFUNCTION("IFNA(SUM(FILTER('42 серия'!$B$6:$C$15,'42 серия'!$B$6:$B$15=C29)), )"),17.5) -> 17.5 | BJ29: =IFERROR(__xludf.DUMMYFUNCTION("IFNA(SUM(FILTER('43 серия'!$B$6:$C$15,'43 серия'!$B$6:$B$15=C29)), )"),"") | BK29: =IFERROR(__xludf.DUMMYFUNCTION("IFNA(SUM(FILTER('44 серия'!$B$6:$C$15,'44 серия'!$B$6:$B$15=C29)), )"),"") | BL29: =IFERROR(__xludf.DUMMYFUNCTION("IFNA(SUM(FILTER('45 серия'!$B$6:$C$15,'45 серия'!$B$6:$B$15=C29)), )"),"") | BM29: =IFERROR(__xludf.DUMMYFUNCTION("IFNA(SUM(FILTER('46 серия'!$B$6:$C$15,'46 серия'!$B$6:$B$15=C29)), )"),"") | BN29: =IFERROR(__xludf.DUMMYFUNCTION("IFNA(SUM(FILTER('47 серия'!$B$6:$C$15,'47 серия'!$B$6:$B$15=C29)), )"),18.5) -> 18.5 | BO29: =IFERROR(__xludf.DUMMYFUNCTION("IFNA(SUM(FILTER('48 серия'!$B$6:$C$15,'48 серия'!$B$6:$B$15=$C29)), )"),"") | BP29: =IFERROR(__xludf.DUMMYFUNCTION("IFNA(SUM(FILTER('49 серия'!$B$6:$C$15,'49 серия'!$B$6:$B$15=$C29)), )"),"") | BQ29: =IFERROR(__xludf.DUMMYFUNCTION("IFNA(SUM(FILTER('50 серия'!$B$6:$C$15,'50 серия'!$B$6:$B$15=$C29)), )"),"") | BR29: =IFERROR(__xludf.DUMMYFUNCTION("IFNA(SUM(FILTER('51 серия'!$B$6:$C$15,'51 серия'!$B$6:$B$15=$C29)), )"),"") | BS29: =IFERROR(__xludf.DUMMYFUNCTION("IFNA(SUM(FILTER('52 серия'!$B$6:$C$15,'52 серия'!$B$6:$B$15=C29)), )"),"") | BT29: =IFERROR(__xludf.DUMMYFUNCTION("IFNA(SUM(FILTER('53 серия'!$B$6:$C$15,'53 серия'!$B$6:$B$15=$C29)), )"),"") | BU29: =IFERROR(__xludf.DUMMYFUNCTION("IFNA(SUM(FILTER('54 серия'!$B$6:$C$15,'54 серия'!$B$6:$B$15=$C29)), )"),"") | BV29: =IFERROR(__xludf.DUMMYFUNCTION("IFNA(SUM(FILTER('55 серия'!$B$6:$C$15,'55 серия'!$B$6:$B$15=$C29)), )"),"") | BW29: =IFERROR(__xludf.DUMMYFUNCTION("IFNA(SUM(FILTER('56 серия'!$B$6:$C$15,'56 серия'!$B$6:$B$15=$C29)), )"),"") | BX29: =IFERROR(__xludf.DUMMYFUNCTION("IFNA(SUM(FILTER('57 серия'!$B$6:$C$15,'57 серия'!$B$6:$B$15=$C29)), )"),"") | BY29: =IFERROR(__xludf.DUMMYFUNCTION("IFNA(SUM(FILTER('58 серия'!$B$6:$C$15,'58 серия'!$B$6:$B$15=$C29)), )"),"") | BZ29: =IFERROR(__xludf.DUMMYFUNCTION("IFNA(SUM(FILTER('59 серия'!$B$6:$C$15,'59 серия'!$B$6:$B$15=C29)), )"),14.5) -> 14.5 | CA29: =IFERROR(__xludf.DUMMYFUNCTION("IFNA(SUM(FILTER('60 серия'!$B$6:$C$15,'60 серия'!$B$6:$B$15=$C29)), )"),24.25) -> 24.25
B30: =ROW()-6 -> 24 | C30: Наполеон | D30: ='Игроки статистика'!B28 -> 50 | E30: =SUM(T30:CAZ30)-R30-S30 -> 185.75 | F30: =IFERROR((((E30)/D30)*5), ) -> 18.575 | G30: =IFERROR(((I30+J30+K30)/D30), ) -> 2.765 | H30: =SUMIFS('Все игры'!C$3:C1011,'Все игры'!A$3:A1011,C30) -> 47.5 | I30: =E30-H30-J30-K30 -> 134.25 | J30: =SUMIFS('Все игры'!F$3:F1011,'Все игры'!A$3:A1011,C30) -> 0.5 | K30: =SUMIFS('Все игры'!G$3:G1011,'Все игры'!A$3:A1011,C30) -> 3.5 | L30: ='Игроки статистика'!G28 -> 7 | M30: =H30/2.5 -> 19 | N30: =SUM('Игроки статистика'!O28,'Игроки статистика'!Q28) -> 7 | O30: =SUM('Игроки статистика'!P28,'Игроки статистика'!R28) -> 5 | P30: =IFERROR(__xludf.DUMMYFUNCTION("IFNA(SUM(FILTER('Штрафы'!$D$5:$D1011,'Штрафы'!$C$5:$C1011=C30)), )"),"") | Q30: =IFERROR(__xludf.DUMMYFUNCTION("IFNA(SUM(FILTER('Штрафы'!$F$5:$F1011,'Штрафы'!$C$5:$C1011=C30)), )"),"") | T30: =IFERROR(__xludf.DUMMYFUNCTION("IFNA(SUM(FILTER('1 серия'!$B$6:$C$15,'1 серия'!$B$6:$B$15=C30)), )"),"") | U30: =IFERROR(__xludf.DUMMYFUNCTION("IFNA(SUM(FILTER('2 серия'!$B$6:$C$15,'2 серия'!$B$6:$B$15=C30)), ) "),23.0) -> 23 | V30: =IFERROR(__xludf.DUMMYFUNCTION("IFNA(SUM(FILTER('3 серия'!$B$6:$C$15,'3 серия'!$B$6:$B$15=C30)), ) "),"") | W30: =IFERROR(__xludf.DUMMYFUNCTION("IFNA(SUM(FILTER('4 серия'!$B$6:$C$15,'4 серия'!$B$6:$B$15=C30)), )"),22.5) -> 22.5 | X30: =IFERROR(__xludf.DUMMYFUNCTION("IFNA(SUM(FILTER('5 серия'!$B$6:$C$15,'5 серия'!$B$6:$B$15=C30)), )"),"") | Y30: =IFERROR(__xludf.DUMMYFUNCTION("IFNA(SUM(FILTER('6 серия'!$B$6:$C$15,'6 серия'!$B$6:$B$15=C30)), )"),"") | Z30: =IFERROR(__xludf.DUMMYFUNCTION("IFNA(SUM(FILTER('7 серия'!$B$6:$C$15,'7 серия'!$B$6:$B$15=C30)), )"),"") | AA30: =IFERROR(__xludf.DUMMYFUNCTION("IFNA(SUM(FILTER('8 серия'!$B$6:$C$15,'8 серия'!$B$6:$B$15=C30)), )"),"") | AB30: =IFERROR(__xludf.DUMMYFUNCTION("IFNA(SUM(FILTER('9 серия'!$B$7:$C$16,'9 серия'!$B$7:$B$16=C30)), )"),"") | AC30: =IFERROR(__xludf.DUMMYFUNCTION("IFNA(SUM(FILTER('10 серия'!$B$6:$C$15,'10 серия'!$B$6:$B$15=C30)), )"),"") | AD30: =IFERROR(__xludf.DUMMYFUNCTION("IFNA(SUM(FILTER('11 серия'!$B$6:$C$15,'11 серия'!$B$6:$B$15=C30)), )"),"") | AE30: =IFERROR(__xludf.DUMMYFUNCTION("IFNA(SUM(FILTER('12 серия'!$B$6:$C$15,'12 серия'!$B$6:$B$15=C30)), )"),"") | AF30: =IFERROR(__xludf.DUMMYFUNCTION("IFNA(SUM(FILTER('13 серия'!$B$6:$C$15,'13 серия'!$B$6:$B$15=C30)), )"),19.25) -> 19.25 | AG30: =IFERROR(__xludf.DUMMYFUNCTION("IFNA(SUM(FILTER('14 серия'!$B$6:$C$15,'14 серия'!$B$6:$B$15=C30)), )"),"") | AH30: =IFERROR(__xludf.DUMMYFUNCTION("IFNA(SUM(FILTER('15 серия'!$B$6:$C$15,'15 серия'!$B$6:$B$15=C30)), )"),"") | AI30: =IFERROR(__xludf.DUMMYFUNCTION("IFNA(SUM(FILTER('16 серия'!$B$6:$C$15,'16 серия'!$B$6:$B$15=C30)), )"),"") | AJ30: =IFERROR(__xludf.DUMMYFUNCTION("IFNA(SUM(FILTER('17 серия'!$B$6:$C$15,'17 серия'!$B$6:$B$15=C30)), )"),"") | AK30: =IFERROR(__xludf.DUMMYFUNCTION("IFNA(SUM(FILTER('18 серия'!$B$6:$C$15,'18 серия'!$B$6:$B$15=C30)), )"),"") | AL30: =IFERROR(__xludf.DUMMYFUNCTION("IFNA(SUM(FILTER('19 серия'!$B$6:$C$15,'19 серия'!$B$6:$B$15=C30)), )"),"") | AM30: =IFERROR(__xludf.DUMMYFUNCTION("IFNA(SUM(FILTER('20 серия'!$B$6:$C$15,'20 серия'!$B$6:$B$15=C30)), )"),22.75) -> 22.75 | AN30: =IFERROR(__xludf.DUMMYFUNCTION("IFNA(SUM(FILTER('21 серия'!$B$6:$C$15,'21 серия'!$B$6:$B$15=C30)), )"),"") | AO30: =IFERROR(__xludf.DUMMYFUNCTION("IFNA(SUM(FILTER('22 серия'!$B$6:$C$15,'22 серия'!$B$6:$B$15=C30)), )"),"") | AP30: =IFERROR(__xludf.DUMMYFUNCTION("IFNA(SUM(FILTER('23 серия'!$B$6:$C$15,'23 серия'!$B$6:$B$15=C30)), )"),"") | AQ30: =IFERROR(__xludf.DUMMYFUNCTION("IFNA(SUM(FILTER('24 серия'!$B$6:$C$15,'24 серия'!$B$6:$B$15=C30)), )"),16.5) -> 16.5 | AR30: =IFERROR(__xludf.DUMMYFUNCTION("IFNA(SUM(FILTER('25 серия'!$B$6:$C$15,'25 серия'!$B$6:$B$15=C30)), )"),"") | AS30: =IFERROR(__xludf.DUMMYFUNCTION("IFNA(SUM(FILTER('26 серия'!$B$6:$C$15,'26 серия'!$B$6:$B$15=C30)), )"),"") | AT30: =IFERROR(__xludf.DUMMYFUNCTION("IFNA(SUM(FILTER('27 серия'!$B$6:$C$15,'27 серия'!$B$6:$B$15=C30)), )"),"") | AU30: =IFERROR(__xludf.DUMMYFUNCTION("IFNA(SUM(FILTER('28 серия'!$B$6:$C$15,'28 серия'!$B$6:$B$15=C30)), )"),"") | AV30: =IFERROR(__xludf.DUMMYFUNCTION("IFNA(SUM(FILTER('29 серия'!$B$6:$C$15,'29 серия'!$B$6:$B$15=C30)), )"),"") | AW30: =IFERROR(__xludf.DUMMYFUNCTION("IFNA(SUM(FILTER('30 серия'!$B$6:$C$15,'30 серия'!$B$6:$B$15=C30)), )"),16.0) -> 16 | AX30: =IFERROR(__xludf.DUMMYFUNCTION("IFNA(SUM(FILTER('31 серия'!$B$6:$C$15,'31 серия'!$B$6:$B$15=C30)), )"),"") | AY30: =IFERROR(__xludf.DUMMYFUNCTION("IFNA(SUM(FILTER('32 серия'!$B$6:$C$15,'32 серия'!$B$6:$B$15=C30)), )"),"") | AZ30: =IFERROR(__xludf.DUMMYFUNCTION("IFNA(SUM(FILTER('33 серия'!$B$6:$C$15,'33 серия'!$B$6:$B$15=C30)), )"),"") | BA30: =IFERROR(__xludf.DUMMYFUNCTION("IFNA(SUM(FILTER('34 серия'!$B$6:$C$15,'34 серия'!$B$6:$B$15=C30)), )"),"") | BB30: =IFERROR(__xludf.DUMMYFUNCTION("IFNA(SUM(FILTER('35 серия'!$B$6:$C$15,'35 серия'!$B$6:$B$15=C30)), )"),"") | BC30: =IFERROR(__xludf.DUMMYFUNCTION("IFNA(SUM(FILTER('36 серия'!$B$6:$C$15,'36 серия'!$B$6:$B$15=C30)), )"),"") | BD30: =IFERROR(__xludf.DUMMYFUNCTION("IFNA(SUM(FILTER('37 серия'!$B$6:$C$15,'37 серия'!$B$6:$B$15=C30)), )"),"") | BE30: =IFERROR(__xludf.DUMMYFUNCTION("IFNA(SUM(FILTER('38 серия'!$B$6:$C$15,'38 серия'!$B$6:$B$15=C30)), )"),"") | BF30: =IFERROR(__xludf.DUMMYFUNCTION("IFNA(SUM(FILTER('39 серия'!$B$6:$C$15,'39 серия'!$B$6:$B$15=C30)), )"),"") | BG30: =IFERROR(__xludf.DUMMYFUNCTION("IFNA(SUM(FILTER('40 серия'!$B$6:$C$15,'40 серия'!$B$6:$B$15=C30)), )"),24.75) -> 24.75 | BH30: =IFERROR(__xludf.DUMMYFUNCTION("IFNA(SUM(FILTER('41 серия'!$B$6:$C$15,'41 серия'!$B$6:$B$15=C30)), )"),"") | BI30: =IFERROR(__xludf.DUMMYFUNCTION("IFNA(SUM(FILTER('42 серия'!$B$6:$C$15,'42 серия'!$B$6:$B$15=C30)), )"),"") | BJ30: =IFERROR(__xludf.DUMMYFUNCTION("IFNA(SUM(FILTER('43 серия'!$B$6:$C$15,'43 серия'!$B$6:$B$15=C30)), )"),16.5) -> 16.5 | BK30: =IFERROR(__xludf.DUMMYFUNCTION("IFNA(SUM(FILTER('44 серия'!$B$6:$C$15,'44 серия'!$B$6:$B$15=C30)), )"),"") | BL30: =IFERROR(__xludf.DUMMYFUNCTION("IFNA(SUM(FILTER('45 серия'!$B$6:$C$15,'45 серия'!$B$6:$B$15=C30)), )"),"") | BM30: =IFERROR(__xludf.DUMMYFUNCTION("IFNA(SUM(FILTER('46 серия'!$B$6:$C$15,'46 серия'!$B$6:$B$15=C30)), )"),"") | BN30: =IFERROR(__xludf.DUMMYFUNCTION("IFNA(SUM(FILTER('47 серия'!$B$6:$C$15,'47 серия'!$B$6:$B$15=C30)), )"),"") | BO30: =IFERROR(__xludf.DUMMYFUNCTION("IFNA(SUM(FILTER('48 серия'!$B$6:$C$15,'48 серия'!$B$6:$B$15=$C30)), )"),"") | BP30: =IFERROR(__xludf.DUMMYFUNCTION("IFNA(SUM(FILTER('49 серия'!$B$6:$C$15,'49 серия'!$B$6:$B$15=$C30)), )"),"") | BQ30: =IFERROR(__xludf.DUMMYFUNCTION("IFNA(SUM(FILTER('50 серия'!$B$6:$C$15,'50 серия'!$B$6:$B$15=$C30)), )"),"") | BR30: =IFERROR(__xludf.DUMMYFUNCTION("IFNA(SUM(FILTER('51 серия'!$B$6:$C$15,'51 серия'!$B$6:$B$15=$C30)), )"),"") | BS30: =IFERROR(__xludf.DUMMYFUNCTION("IFNA(SUM(FILTER('52 серия'!$B$6:$C$15,'52 серия'!$B$6:$B$15=C30)), )"),"") | BT30: =IFERROR(__xludf.DUMMYFUNCTION("IFNA(SUM(FILTER('53 серия'!$B$6:$C$15,'53 серия'!$B$6:$B$15=$C30)), )"),12.0) -> 12 | BU30: =IFERROR(__xludf.DUMMYFUNCTION("IFNA(SUM(FILTER('54 серия'!$B$6:$C$15,'54 серия'!$B$6:$B$15=$C30)), )"),"") | BV30: =IFERROR(__xludf.DUMMYFUNCTION("IFNA(SUM(FILTER('55 серия'!$B$6:$C$15,'55 серия'!$B$6:$B$15=$C30)), )"),"") | BW30: =IFERROR(__xludf.DUMMYFUNCTION("IFNA(SUM(FILTER('56 серия'!$B$6:$C$15,'56 серия'!$B$6:$B$15=$C30)), )"),"") | BX30: =IFERROR(__xludf.DUMMYFUNCTION("IFNA(SUM(FILTER('57 серия'!$B$6:$C$15,'57 серия'!$B$6:$B$15=$C30)), )"),"") | BY30: =IFERROR(__xludf.DUMMYFUNCTION("IFNA(SUM(FILTER('58 серия'!$B$6:$C$15,'58 серия'!$B$6:$B$15=$C30)), )"),12.5) -> 12.5 | BZ30: =IFERROR(__xludf.DUMMYFUNCTION("IFNA(SUM(FILTER('59 серия'!$B$6:$C$15,'59 серия'!$B$6:$B$15=C30)), )"),"") | CA30: =IFERROR(__xludf.DUMMYFUNCTION("IFNA(SUM(FILTER('60 серия'!$B$6:$C$15,'60 серия'!$B$6:$B$15=$C30)), )"),"")
B31: =ROW()-6 -> 25 | C31: Панда из Руанды | D31: ='Игроки статистика'!B29 -> 50 | E31: =SUM(T31:CAZ31)-R31-S31 -> 193.25 | F31: =IFERROR((((E31)/D31)*5), ) -> 19.325 | G31: =IFERROR(((I31+J31+K31)/D31), ) -> 2.515 | H31: =SUMIFS('Все игры'!C$3:C1011,'Все игры'!A$3:A1011,C31) -> 67.5 | I31: =E31-H31-J31-K31 -> 125.75 | J31: =SUMIFS('Все игры'!F$3:F1011,'Все игры'!A$3:A1011,C31) -> 0 | K31: =SUMIFS('Все игры'!G$3:G1011,'Все игры'!A$3:A1011,C31) -> 0 | L31: ='Игроки статистика'!G29 -> 0 | M31: =H31/2.5 -> 27 | N31: =SUM('Игроки статистика'!O29,'Игроки статистика'!Q29) -> 5 | O31: =SUM('Игроки статистика'!P29,'Игроки статистика'!R29) -> 5 | P31: =IFERROR(__xludf.DUMMYFUNCTION("IFNA(SUM(FILTER('Штрафы'!$D$5:$D1011,'Штрафы'!$C$5:$C1011=C31)), )"),"") | Q31: =IFERROR(__xludf.DUMMYFUNCTION("IFNA(SUM(FILTER('Штрафы'!$F$5:$F1011,'Штрафы'!$C$5:$C1011=C31)), )"),"") | T31: =IFERROR(__xludf.DUMMYFUNCTION("IFNA(SUM(FILTER('1 серия'!$B$6:$C$15,'1 серия'!$B$6:$B$15=C31)), )"),"") | U31: =IFERROR(__xludf.DUMMYFUNCTION("IFNA(SUM(FILTER('2 серия'!$B$6:$C$15,'2 серия'!$B$6:$B$15=C31)), ) "),"") | V31: =IFERROR(__xludf.DUMMYFUNCTION("IFNA(SUM(FILTER('3 серия'!$B$6:$C$15,'3 серия'!$B$6:$B$15=C31)), ) "),"") | W31: =IFERROR(__xludf.DUMMYFUNCTION("IFNA(SUM(FILTER('4 серия'!$B$6:$C$15,'4 серия'!$B$6:$B$15=C31)), )"),"") | X31: =IFERROR(__xludf.DUMMYFUNCTION("IFNA(SUM(FILTER('5 серия'!$B$6:$C$15,'5 серия'!$B$6:$B$15=C31)), )"),14.0) -> 14 | Y31: =IFERROR(__xludf.DUMMYFUNCTION("IFNA(SUM(FILTER('6 серия'!$B$6:$C$15,'6 серия'!$B$6:$B$15=C31)), )"),"") | Z31: =IFERROR(__xludf.DUMMYFUNCTION("IFNA(SUM(FILTER('7 серия'!$B$6:$C$15,'7 серия'!$B$6:$B$15=C31)), )"),19.5) -> 19.5 | AA31: =IFERROR(__xludf.DUMMYFUNCTION("IFNA(SUM(FILTER('8 серия'!$B$6:$C$15,'8 серия'!$B$6:$B$15=C31)), )"),"") | AB31: =IFERROR(__xludf.DUMMYFUNCTION("IFNA(SUM(FILTER('9 серия'!$B$7:$C$16,'9 серия'!$B$7:$B$16=C31)), )"),"") | AC31: =IFERROR(__xludf.DUMMYFUNCTION("IFNA(SUM(FILTER('10 серия'!$B$6:$C$15,'10 серия'!$B$6:$B$15=C31)), )"),22.5) -> 22.5 | AD31: =IFERROR(__xludf.DUMMYFUNCTION("IFNA(SUM(FILTER('11 серия'!$B$6:$C$15,'11 серия'!$B$6:$B$15=C31)), )"),"") | AE31: =IFERROR(__xludf.DUMMYFUNCTION("IFNA(SUM(FILTER('12 серия'!$B$6:$C$15,'12 серия'!$B$6:$B$15=C31)), )"),"") | AF31: =IFERROR(__xludf.DUMMYFUNCTION("IFNA(SUM(FILTER('13 серия'!$B$6:$C$15,'13 серия'!$B$6:$B$15=C31)), )"),"") | AG31: =IFERROR(__xludf.DUMMYFUNCTION("IFNA(SUM(FILTER('14 серия'!$B$6:$C$15,'14 серия'!$B$6:$B$15=C31)), )"),"") | AH31: =IFERROR(__xludf.DUMMYFUNCTION("IFNA(SUM(FILTER('15 серия'!$B$6:$C$15,'15 серия'!$B$6:$B$15=C31)), )"),"") | AI31: =IFERROR(__xludf.DUMMYFUNCTION("IFNA(SUM(FILTER('16 серия'!$B$6:$C$15,'16 серия'!$B$6:$B$15=C31)), )"),"") | AJ31: =IFERROR(__xludf.DUMMYFUNCTION("IFNA(SUM(FILTER('17 серия'!$B$6:$C$15,'17 серия'!$B$6:$B$15=C31)), )"),"") | AK31: =IFERROR(__xludf.DUMMYFUNCTION("IFNA(SUM(FILTER('18 серия'!$B$6:$C$15,'18 серия'!$B$6:$B$15=C31)), )"),"") | AL31: =IFERROR(__xludf.DUMMYFUNCTION("IFNA(SUM(FILTER('19 серия'!$B$6:$C$15,'19 серия'!$B$6:$B$15=C31)), )"),"") | AM31: =IFERROR(__xludf.DUMMYFUNCTION("IFNA(SUM(FILTER('20 серия'!$B$6:$C$15,'20 серия'!$B$6:$B$15=C31)), )"),"") | AN31: =IFERROR(__xludf.DUMMYFUNCTION("IFNA(SUM(FILTER('21 серия'!$B$6:$C$15,'21 серия'!$B$6:$B$15=C31)), )"),"") | AO31: =IFERROR(__xludf.DUMMYFUNCTION("IFNA(SUM(FILTER('22 серия'!$B$6:$C$15,'22 серия'!$B$6:$B$15=C31)), )"),"") | AP31: =IFERROR(__xludf.DUMMYFUNCTION("IFNA(SUM(FILTER('23 серия'!$B$6:$C$15,'23 серия'!$B$6:$B$15=C31)), )"),13.5) -> 13.5 | AQ31: =IFERROR(__xludf.DUMMYFUNCTION("IFNA(SUM(FILTER('24 серия'!$B$6:$C$15,'24 серия'!$B$6:$B$15=C31)), )"),"") | AR31: =IFERROR(__xludf.DUMMYFUNCTION("IFNA(SUM(FILTER('25 серия'!$B$6:$C$15,'25 серия'!$B$6:$B$15=C31)), )"),"") | AS31: =IFERROR(__xludf.DUMMYFUNCTION("IFNA(SUM(FILTER('26 серия'!$B$6:$C$15,'26 серия'!$B$6:$B$15=C31)), )"),"") | AT31: =IFERROR(__xludf.DUMMYFUNCTION("IFNA(SUM(FILTER('27 серия'!$B$6:$C$15,'27 серия'!$B$6:$B$15=C31)), )"),"") | AU31: =IFERROR(__xludf.DUMMYFUNCTION("IFNA(SUM(FILTER('28 серия'!$B$6:$C$15,'28 серия'!$B$6:$B$15=C31)), )"),18.75) -> 18.75 | AV31: =IFERROR(__xludf.DUMMYFUNCTION("IFNA(SUM(FILTER('29 серия'!$B$6:$C$15,'29 серия'!$B$6:$B$15=C31)), )"),"") | AW31: =IFERROR(__xludf.DUMMYFUNCTION("IFNA(SUM(FILTER('30 серия'!$B$6:$C$15,'30 серия'!$B$6:$B$15=C31)), )"),"") | AX31: =IFERROR(__xludf.DUMMYFUNCTION("IFNA(SUM(FILTER('31 серия'!$B$6:$C$15,'31 серия'!$B$6:$B$15=C31)), )"),"") | AY31: =IFERROR(__xludf.DUMMYFUNCTION("IFNA(SUM(FILTER('32 серия'!$B$6:$C$15,'32 серия'!$B$6:$B$15=C31)), )"),"") | AZ31: =IFERROR(__xludf.DUMMYFUNCTION("IFNA(SUM(FILTER('33 серия'!$B$6:$C$15,'33 серия'!$B$6:$B$15=C31)), )"),"") | BA31: =IFERROR(__xludf.DUMMYFUNCTION("IFNA(SUM(FILTER('34 серия'!$B$6:$C$15,'34 серия'!$B$6:$B$15=C31)), )"),"") | BB31: =IFERROR(__xludf.DUMMYFUNCTION("IFNA(SUM(FILTER('35 серия'!$B$6:$C$15,'35 серия'!$B$6:$B$15=C31)), )"),20.5) -> 20.5 | BC31: =IFERROR(__xludf.DUMMYFUNCTION("IFNA(SUM(FILTER('36 серия'!$B$6:$C$15,'36 серия'!$B$6:$B$15=C31)), )"),"") | BD31: =IFERROR(__xludf.DUMMYFUNCTION("IFNA(SUM(FILTER('37 серия'!$B$6:$C$15,'37 серия'!$B$6:$B$15=C31)), )"),"") | BE31: =IFERROR(__xludf.DUMMYFUNCTION("IFNA(SUM(FILTER('38 серия'!$B$6:$C$15,'38 серия'!$B$6:$B$15=C31)), )"),"") | BF31: =IFERROR(__xludf.DUMMYFUNCTION("IFNA(SUM(FILTER('39 серия'!$B$6:$C$15,'39 серия'!$B$6:$B$15=C31)), )"),19.0) -> 19 | BG31: =IFERROR(__xludf.DUMMYFUNCTION("IFNA(SUM(FILTER('40 серия'!$B$6:$C$15,'40 серия'!$B$6:$B$15=C31)), )"),"") | BH31: =IFERROR(__xludf.DUMMYFUNCTION("IFNA(SUM(FILTER('41 серия'!$B$6:$C$15,'41 серия'!$B$6:$B$15=C31)), )"),"") | BI31: =IFERROR(__xludf.DUMMYFUNCTION("IFNA(SUM(FILTER('42 серия'!$B$6:$C$15,'42 серия'!$B$6:$B$15=C31)), )"),"") | BJ31: =IFERROR(__xludf.DUMMYFUNCTION("IFNA(SUM(FILTER('43 серия'!$B$6:$C$15,'43 серия'!$B$6:$B$15=C31)), )"),"") | BK31: =IFERROR(__xludf.DUMMYFUNCTION("IFNA(SUM(FILTER('44 серия'!$B$6:$C$15,'44 серия'!$B$6:$B$15=C31)), )"),"") | BL31: =IFERROR(__xludf.DUMMYFUNCTION("IFNA(SUM(FILTER('45 серия'!$B$6:$C$15,'45 серия'!$B$6:$B$15=C31)), )"),"") | BM31: =IFERROR(__xludf.DUMMYFUNCTION("IFNA(SUM(FILTER('46 серия'!$B$6:$C$15,'46 серия'!$B$6:$B$15=C31)), )"),24.25) -> 24.25 | BN31: =IFERROR(__xludf.DUMMYFUNCTION("IFNA(SUM(FILTER('47 серия'!$B$6:$C$15,'47 серия'!$B$6:$B$15=C31)), )"),"") | BO31: =IFERROR(__xludf.DUMMYFUNCTION("IFNA(SUM(FILTER('48 серия'!$B$6:$C$15,'48 серия'!$B$6:$B$15=$C31)), )"),"") | BP31: =IFERROR(__xludf.DUMMYFUNCTION("IFNA(SUM(FILTER('49 серия'!$B$6:$C$15,'49 серия'!$B$6:$B$15=$C31)), )"),"") | BQ31: =IFERROR(__xludf.DUMMYFUNCTION("IFNA(SUM(FILTER('50 серия'!$B$6:$C$15,'50 серия'!$B$6:$B$15=$C31)), )"),"") | BR31: =IFERROR(__xludf.DUMMYFUNCTION("IFNA(SUM(FILTER('51 серия'!$B$6:$C$15,'51 серия'!$B$6:$B$15=$C31)), )"),21.75) -> 21.75 | BS31: =IFERROR(__xludf.DUMMYFUNCTION("IFNA(SUM(FILTER('52 серия'!$B$6:$C$15,'52 серия'!$B$6:$B$15=C31)), )"),"") | BT31: =IFERROR(__xludf.DUMMYFUNCTION("IFNA(SUM(FILTER('53 серия'!$B$6:$C$15,'53 серия'!$B$6:$B$15=$C31)), )"),"") | BU31: =IFERROR(__xludf.DUMMYFUNCTION("IFNA(SUM(FILTER('54 серия'!$B$6:$C$15,'54 серия'!$B$6:$B$15=$C31)), )"),"") | BV31: =IFERROR(__xludf.DUMMYFUNCTION("IFNA(SUM(FILTER('55 серия'!$B$6:$C$15,'55 серия'!$B$6:$B$15=$C31)), )"),19.5) -> 19.5 | BW31: =IFERROR(__xludf.DUMMYFUNCTION("IFNA(SUM(FILTER('56 серия'!$B$6:$C$15,'56 серия'!$B$6:$B$15=$C31)), )"),"") | BX31: =IFERROR(__xludf.DUMMYFUNCTION("IFNA(SUM(FILTER('57 серия'!$B$6:$C$15,'57 серия'!$B$6:$B$15=$C31)), )"),"") | BY31: =IFERROR(__xludf.DUMMYFUNCTION("IFNA(SUM(FILTER('58 серия'!$B$6:$C$15,'58 серия'!$B$6:$B$15=$C31)), )"),"") | BZ31: =IFERROR(__xludf.DUMMYFUNCTION("IFNA(SUM(FILTER('59 серия'!$B$6:$C$15,'59 серия'!$B$6:$B$15=C31)), )"),"") | CA31: =IFERROR(__xludf.DUMMYFUNCTION("IFNA(SUM(FILTER('60 серия'!$B$6:$C$15,'60 серия'!$B$6:$B$15=$C31)), )"),"")
